n,literature_rank,with_catalogue_rank
2,7,7
3,23,23
4,48,48
5,93,93
6,153,153
7,249,249
8,336,336
9,486,486
10,651,651
11,873,873
12,1040,1040
13,1380,1380
14,1594,1593
15,1978,1978
16,2237,2236
17,2724,2724
18,3032,3032
19,3634,3634
20,3995,3995
21,4724,4724
22,5142,5142
23,6010,6010
24,6489,6489
25,7508,7508
26,8052,8052
27,9234,9234
28,9847,9847
29,11204,11204
30,11890,11890
31,13434,13434
32,14197,14196
33,16784,16784
34,16784,16784
35,19667,19667
36,19667,19667
37,22862,22862
38,22862,22862
39,26385,26385
40,26385,26385
41,30252,30252
42,30252,30252
43,34479,34479
44,34479,34479
45,39082,39082
46,39082,39082
47,44077,44077
48,44077,44077
49,49480,49480
50,49480,49480
51,55307,55307
52,55307,55307
53,61574,61574
54,61574,61574
55,68297,68297
56,68297,68297
57,75492,75492
58,75492,75492
59,83175,83175
60,83175,83175
61,91362,91362
62,91362,91362
63,99379,99372
64,99379,99372
65,109312,109312
66,109312,109312
67,117488,117488
68,117488,117488
69,129470,129470
70,129470,129470
71,137669,137669
72,137669,137669
73,151964,151964
74,151964,151964
75,160034,160034
76,160034,160034
77,176922,176922
78,176922,176922
79,184695,184695
80,184695,184695
81,204136,204136
82,204472,204472
83,211764,211764
84,211764,211764
85,233185,233185
86,234742,234742
87,241353,241353
88,241353,241353
89,264850,264850
90,267860,267860
91,273574,273574
92,273574,273574
93,299243,299243
94,303954,303954
95,308539,308539
96,308539,308539
97,336476,336476
98,343152,343152
99,346360,346360
100,346360,346360
101,376661,376661
102,385582,385582
103,386496,386496
104,386496,386496
105,419257,419257
106,431018,431018
107,431018,431018
108,431018,431018
109,466335,466335
110,472656,472656
111,472656,472656
112,472656,472656
113,510625,510625
114,525826,525826
115,528444,528444
116,528444,528444
117,569161,569161
118,570720,570720
119,570720,570720
120,570720,570720
121,614281,614281
122,639534,639534
123,639534,639534
124,639534,639534
125,681456,681408
126,681456,681408
127,681456,681408
128,681456,681408
129,730993,730945
130,748836,748836
131,765184,765184
132,765184,765184
133,805632,805632
134,805632,805632
135,805632,805632
136,805632,805632
137,861529,861529
138,898886,898886
139,906290,906290
140,906290,906290
141,944016,944016
142,944016,944016
143,944016,944016
144,944016,944016
145,1006657,1006657
146,1063748,1063748
147,1063748,1063748
148,1063748,1063748
149,1097376,1097376
150,1097376,1097376
151,1097376,1097376
152,1097376,1097376
153,1167145,1167145
154,1231956,1231956
155,1231956,1231956
156,1231956,1231956
157,1266480,1266480
158,1266480,1266480
159,1266480,1266480
160,1266480,1266480
161,1343761,1343761
162,1412802,1412802
163,1431304,1431304
164,1431304,1431304
165,1452096,1452096
166,1452096,1452096
167,1452096,1452096
168,1452096,1452096
169,1537273,1537273
170,1560912,1560912
171,1643194,1643194
172,1643194,1643194
173,1654992,1654992
174,1654992,1654992
175,1654992,1654992
176,1654992,1654992
177,1748449,1748449
178,1819170,1819170
179,1819170,1819170
180,1819170,1819170
181,1875936,1875936
182,1875936,1875936
183,1875936,1875936
184,1875936,1875936
185,1978057,1978057
186,2055402,2055402
187,2115696,2115696
188,2115696,2115696
189,2115696,2115696
190,2115696,2115696
191,2115696,2115696
192,2115696,2115696
193,2226865,2226865
194,2339192,2339192
195,2375040,2375040
196,2375040,2375040
197,2375040,2375040
198,2375040,2375040
199,2375040,2375040
200,2375040,2375040
201,2495641,2495641
202,2567952,2567952
203,2567952,2567952
204,2567952,2567952
205,2654736,2654736
206,2654736,2654736
207,2654736,2654736
208,2654736,2654736
209,2785153,2785153
210,2813436,2813436
211,2946367,2946367
212,2955552,2955552
213,2955552,2955552
214,2955552,2955552
215,2955552,2955552
216,2955552,2955552
217,3096169,3096169
218,3206547,3206547
219,3206547,3206547
220,3206547,3206547
221,3278256,3278256
222,3278256,3278256
223,3278256,3278256
224,3278256,3278256
225,3429457,3429457
226,3497886,3497886
227,3497886,3497886
228,3497886,3497886
229,3623616,3623616
230,3623616,3623616
231,3623616,3623616
232,3623616,3623616
233,3785785,3785785
234,3913272,3913272
235,3992400,3992400
236,3992400,3992400
237,3992400,3992400
238,3992400,3992400
239,3992400,3992400
240,3992400,3992400
241,4165921,4165921
242,4299967,4299967
243,4385376,4385376
244,4385376,4385376
245,4385376,4385376
246,4385376,4385376
247,4385376,4385376
248,4385376,4385376
249,4570633,4570633
250,4601640,4601640
251,4628556,4628556
252,4628556,4628556
253,4770192,4769856
254,4770192,4769856
255,4770192,4769856
256,4770192,4769856
257,4967569,4967233
258,5116951,5116615
259,5143551,5143551
260,5143551,5143551
261,5246976,5246976
262,5246976,5246976
263,5246976,5246976
264,5246976,5246976
265,5456857,5456857
266,5639424,5639424
267,5639424,5639424
268,5639424,5639424
269,5639424,5639424
270,5639424,5639424
271,5639424,5639424
272,5639424,5639424
273,5862193,5862193
274,5979546,5979546
275,5979546,5979546
276,5979546,5979546
277,6208903,6208903
278,6214560,6214560
279,6214560,6214560
280,6214560,6214560
281,6450601,6450601
282,6608112,6608112
283,6608112,6608112
284,6608112,6608112
285,6608112,6608112
286,6608112,6608112
287,6608112,6608112
288,6608112,6608112
289,6857809,6857809
290,7020756,7020756
291,7273927,7273927
292,7294272,7294272
293,7294272,7294272
294,7294272,7294272
295,7294272,7294272
296,7294272,7294272
297,7558009,7558009
298,7570440,7570440
299,7570440,7570440
300,7570440,7570440
301,7681632,7681632
302,7681632,7681632
303,7681632,7681632
304,7681632,7681632
305,7959793,7959793
306,8157024,8157024
307,8196348,8191206
308,8196348,8191206
309,8374080,8374080
310,8374080,8374080
311,8374080,8374080
312,8374080,8374080
313,8667049,8667049
314,8865360,8865360
315,8865360,8865360
316,8865360,8865360
317,8865360,8865360
318,8865360,8865360
319,8865360,8865360
320,8865360,8865360
321,9173521,9173521
322,9193024,9193024
323,9193024,9193024
324,9193024,9193024
325,9508925,9508925
326,9814656,9814656
327,9814656,9814656
328,9814656,9814656
329,10138393,10138393
330,10164672,10164672
331,10164672,10164672
332,10164672,10164672
333,10164672,10164672
334,10164672,10164672
335,10164672,10164672
336,10164672,10164672
337,10504369,10504369
338,10760911,10760911
339,10882380,10882380
340,10882380,10882380
341,11018288,11018288
342,11018288,11018288
343,11267616,11267616
344,11267616,11267616
345,11502654,11497512
346,11502654,11497512
347,11502654,11497512
348,11502654,11497512
349,11502654,11497512
350,11502654,11497512
351,11502654,11497512
352,11502654,11497512
353,11875423,11870281
354,12112840,12112840
355,12112840,12112840
356,12112840,12112840
357,12112840,12112840
358,12112840,12112840
359,12112840,12112840
360,12112840,12112840
361,12502721,12502721
362,12834888,12826836
363,12834888,12826836
364,12834888,12826836
365,13131552,13131552
366,13131552,13131552
367,13131552,13131552
368,13131552,13131552
369,13538929,13538929
370,13846399,13846399
371,13971360,13971360
372,13971360,13971360
373,14006808,14006808
374,14006808,14006808
375,14323168,14323168
376,14323168,14323168
377,14323168,14323168
378,14323168,14323168
379,14515893,14509404
380,14515893,14509404
381,14515893,14509404
382,14515893,14509404
383,14515893,14509404
384,14515893,14509404
385,14959414,14952925
386,15405245,15398756
387,15590544,15590544
388,15590544,15590544
389,15590544,15590544
390,15590544,15590544
391,15590544,15590544
392,15590544,15590544
393,15590544,15590544
394,15590544,15590544
395,15590544,15590544
396,15590544,15590544
397,15960025,15960025
398,15960025,15960025
399,15960025,15960025
400,15960025,15960025
401,16441226,16441226
402,16924833,16924833
403,17410852,17410852
404,17455360,17455360
405,17455360,17455360
406,17455360,17455360
407,17455360,17455360
408,17455360,17455360
409,17955977,17955977
410,18012324,18004272
411,18012324,18004272
412,18012324,18004272
413,18012324,18004272
414,18012324,18004272
415,18012324,18004272
416,18012324,18004272
417,18532741,18524689
418,18686028,18686028
419,18872380,18872380
420,18872380,18872380
421,19402841,19402841
422,19674648,19674648
423,19674648,19674648
424,19674648,19674648
425,19674648,19674648
426,19674648,19674648
427,19674648,19674648
428,19674648,19674648
429,19674648,19674648
430,19674648,19674648
431,19674648,19674648
432,19674648,19674648
433,20235817,20235817
434,20542290,20542290
435,20542290,20542290
436,20542290,20542290
437,20542290,20542290
438,20542290,20542290
439,20542290,20542290
440,20542290,20542290
441,21124411,21124411
442,21709178,21709178
443,22027739,22017892
444,22027739,22017892
445,22027739,22017892
446,22027739,22017892
447,22027739,22017892
448,22027739,22017892
449,22631196,22621349
450,22764256,22764256
451,23373107,23373107
452,23581026,23581026
453,23581026,23581026
454,23581026,23581026
455,23581026,23581026
456,23581026,23581026
457,24009950,24009950
458,24009950,24009950
459,24009950,24009950
460,24009950,24009950
461,24290808,24290808
462,24290808,24290808
463,24413664,24413664
464,24413664,24413664
465,24413664,24413664
466,24413664,24413664
467,24413664,24413664
468,24413664,24413664
469,25072141,25072141
470,25733432,25733432
471,25923555,25923555
472,25923555,25923555
473,25923555,25923555
474,25923555,25923555
475,25923555,25923555
476,25923555,25923555
477,25923555,25923555
478,25923555,25923555
479,25923555,25923555
480,25923555,25923555
481,26440164,26440164
482,26440164,26440164
483,26440164,26440164
484,26440164,26440164
485,27144385,27144385
486,27851516,27851516
487,28561563,28561563
488,29260968,29260968
489,29260968,29260968
490,29260968,29260968
491,29260968,29260968
492,29260968,29260968
493,29260968,29260968
494,29260968,29260968
495,29856104,29856104
496,29856104,29856104
497,29856104,29856104
498,29856104,29856104
499,29856104,29856104
500,29856104,29856104
501,29856104,29856104
502,29856104,29856104
503,29856104,29856104
504,29856104,29856104
505,30619665,30619665
506,30903420,30903420
507,31673047,31673047
508,31758689,31742256
509,31758689,31742256
510,31758689,31742256
511,31758689,31742256
512,31758689,31742256
513,32167740,32167740
514,32167740,32167740
515,32167740,32167740
516,32167740,32167740
517,32167740,32167740
518,32167740,32167740
519,32167740,32167740
520,32167740,32167740
521,32980501,32980501
522,33366438,33366438
523,33366438,33366438
524,33366438,33366438
525,33366438,33366438
526,33366438,33366438
527,33366438,33366438
528,33366438,33366438
529,34204375,34204375
530,35045486,35045486
531,35783998,35783998
532,35783998,35783998
533,36050480,36050480
534,36050480,36050480
535,36050480,36050480
536,36050480,36050480
537,36050480,36050480
538,36050480,36050480
539,36050480,36050480
540,36050480,36050480
541,36926901,36926901
542,37545808,37529024
543,37545808,37529024
544,37545808,37529024
545,38037648,38037648
546,38037648,38037648
547,38606136,38606136
548,38606136,38606136
549,38606136,38606136
550,38606136,38606136
551,38998890,38998890
552,38998890,38998890
553,39338765,39338765
554,39338765,39338765
555,39338765,39338765
556,39338765,39338765
557,39338765,39338765
558,39338765,39338765
559,39338765,39338765
560,39338765,39338765
561,40281246,40281246
562,41227093,41227093
563,41403384,41403384
564,41403384,41403384
565,41403384,41403384
566,41403384,41403384
567,41403384,41403384
568,41403384,41403384
569,41403384,41403384
570,41403384,41403384
571,41403384,41403384
572,41403384,41403384
573,42107121,42107121
574,42107121,42107121
575,42107121,42107121
576,42107121,42107121
577,43104178,43104178
578,44104697,44104697
579,44759980,44759980
580,44759980,44759980
581,45770921,45770921
582,46517228,46517228
583,46517228,46517228
584,46517228,46517228
585,46517228,46517228
586,46517228,46517228
587,46517228,46517228
588,46517228,46517228
589,47481228,47481228
590,47481228,47481228
591,47481228,47481228
592,47481228,47481228
593,47481228,47481228
594,47481228,47481228
595,47500550,47500550
596,47500550,47500550
597,47500550,47500550
598,47500550,47500550
599,47500550,47500550
600,47500550,47500550
601,48582351,48582351
602,49667758,49667758
603,50633274,50633274
604,50633274,50633274
605,50633274,50633274
606,50633274,50633274
607,50633274,50633274
608,50633274,50633274
609,50633274,50633274
610,50633274,50633274
611,50633274,50633274
612,50633274,50633274
613,50633274,50633274
614,50633274,50633274
615,50633274,50633274
616,50633274,50633274
617,51773491,51773491
618,52249428,52249428
619,52249428,52249428
620,52249428,52249428
621,52249428,52249428
622,52249428,52249428
623,52249428,52249428
624,52249428,52249428
625,53419429,53419429
626,54593180,54593180
627,55770687,55770687
628,56168360,56168360
629,56168360,56168360
630,56168360,56168360
631,56717015,56713020
632,56717015,56713020
633,56717015,56713020
634,56717015,56713020
635,56717015,56713020
636,56717015,56713020
637,56717015,56713020
638,56717015,56713020
639,56717015,56713020
640,56717015,56713020
641,57947736,57943741
642,59180470,59178308
643,59180470,59180470
644,59180470,59180470
645,59630344,59630344
646,59630344,59630344
647,59630344,59630344
648,59630344,59630344
649,60454416,60454416
650,60454416,60454416
651,61138380,61138380
652,61138380,61138380
653,61138380,61138380
654,61138380,61138380
655,61138380,61138380
656,61138380,61138380
657,61138380,61138380
658,61138380,61138380
659,61138380,61138380
660,61138380,61138380
661,62447161,62447161
662,63759908,63759908
663,63897183,63897183
664,63897183,63897183
665,63897183,63897183
666,63897183,63897183
667,63897183,63897183
668,63897183,63897183
669,63897183,63897183
670,63897183,63897183
671,63897183,63897183
672,63897183,63897183
673,64834704,64834704
674,64834704,64834704
675,64834704,64834704
676,64834704,64834704
677,66207661,66207661
678,67052080,67052080
679,67052080,67052080
680,67052080,67052080
681,68441321,68441321
682,69077628,69077628
683,69317584,69317584
684,69317584,69317584
685,70723205,70153048
686,71458900,70153048
687,71458900,71458900
688,71458900,71458900
689,71458900,71458900
690,71458900,71458900
691,72702756,72702756
692,72702756,72702756
693,72702756,72702756
694,72702756,72702756
695,72702756,72702756
696,72702756,72702756
697,73000974,72995832
698,73000974,72995832
699,73000974,72995832
700,73000974,72995832
701,73000974,72995832
702,73000974,72995832
703,73000974,72995832
704,73000974,72995832
705,74489935,74484793
706,75983126,75977984
707,77154210,77154210
708,77154210,77154210
709,77154210,77154210
710,77154210,77154210
711,77154210,77154210
712,77154210,77154210
713,77154210,77154210
714,77154210,77154210
715,77154210,77154210
716,77154210,77154210
717,77154210,77154210
718,77154210,77154210
719,77154210,77154210
720,77154210,77154210
721,78711571,78711571
722,79288044,79288044
723,79288044,79288044
724,79288044,79288044
725,79288044,79288044
726,79288044,79288044
727,79288044,79288044
728,79288044,79288044
729,80880181,80880181
730,82476692,82476692
731,84077583,84077583
732,85323970,85317960
733,85323970,85317960
734,85323970,85317960
735,85323970,85317960
736,85323970,85317960
737,86303328,86303328
738,86303328,86303328
739,86303328,86303328
740,86303328,86303328
741,86303328,86303328
742,86303328,86303328
743,86303328,86303328
744,86303328,86303328
745,86303328,86303328
746,86303328,86303328
747,86303328,86303328
748,86303328,86303328
749,87984085,87984085
750,89270120,89270120
751,90214608,90214608
752,90214608,90214608
753,90214608,90214608
754,90214608,90214608
755,90927198,90927198
756,90927198,90927198
757,91333690,91333690
758,91333690,91333690
759,91333690,91333690
760,91333690,91333690
761,92124333,92117844
762,92124333,92117844
763,92124333,92117844
764,92124333,92117844
765,92124333,92117844
766,92124333,92117844
767,92124333,92117844
768,92124333,92117844
769,93896110,93889621
770,95672501,95666012
771,95738280,95738280
772,95738280,95738280
773,95738280,95738280
774,95738280,95738280
775,95738280,95738280
776,95738280,95738280
777,95738280,95738280
778,95738280,95738280
779,95738280,95738280
780,95738280,95738280
781,96963409,96963409
782,96963409,96963409
783,96963409,96963409
784,96963409,96963409
785,98809730,98809730
786,100660761,100660761
787,101127714,101127714
788,101127714,101127714
789,101127714,101127714
790,101127714,101127714
791,101127714,101127714
792,101127714,101127714
793,103011883,103011883
794,104900810,104900810
795,105408075,105408075
796,105408075,105408075
797,105408075,105408075
798,105408075,105408075
799,105408075,105408075
800,105408075,105408075
801,107330476,107330476
802,108170568,108170568
803,108170568,108170568
804,108170568,108170568
805,108170568,108170568
806,108170568,108170568
807,108911376,108911376
808,108911376,108911376
809,108911376,108911376
810,108911376,108911376
811,108911376,108911376
812,108911376,108911376
813,108911376,108911376
814,108911376,108911376
815,108911376,108911376
816,108911376,108911376
817,110911393,110911393
818,112916312,112916312
819,114314244,114306192
820,114314244,114306192
821,114314244,114306192
822,114314244,114306192
823,114314244,114306192
824,114314244,114306192
825,114314244,114306192
826,114314244,114306192
827,114314244,114306192
828,114314244,114306192
829,114314244,114306192
830,114314244,114306192
831,114314244,114306192
832,114314244,114306192
833,116393413,116385361
834,117080830,117080830
835,117080830,117080830
836,117080830,117080830
837,117080830,117080830
838,117080830,117080830
839,117080830,117080830
840,117080830,117080830
841,119200151,119200151
842,121324518,121324518
843,123453937,123453937
844,125588414,125588414
845,126014272,126014272
846,126014272,126014272
847,126014272,126014272
848,126014272,126014272
849,126014272,126014272
850,126014272,126014272
851,127619163,127619163
852,127619163,127619163
853,127619163,127619163
854,127619163,127619163
855,127619163,127619163
856,127619163,127619163
857,127619163,127619163
858,127619163,127619163
859,127619163,127619163
860,127619163,127619163
861,127619163,127619163
862,127619163,127619163
863,127619163,127619163
864,127619163,127619163
865,129861244,129861244
866,132108515,132108515
867,132284598,132284598
868,132284598,132284598
869,133215560,133215560
870,133215560,133215560
871,135144768,135144768
872,135144768,135144768
873,135144768,135144768
874,135144768,135144768
875,135144768,135144768
876,135144768,135144768
877,135144768,135144768
878,135144768,135144768
879,135144768,135144768
880,135144768,135144768
881,135144768,135144768
882,135144768,135144768
883,135144768,135144768
884,135144768,135144768
885,137491789,137491789
886,139797859,139788012
887,139797859,139788012
888,139797859,139788012
889,139797859,139788012
890,139797859,139788012
891,139797859,139788012
892,139797859,139788012
893,139797859,139788012
894,139797859,139788012
895,139797859,139788012
896,139797859,139788012
897,141372100,141372100
898,141372100,141372100
899,141372100,141372100
900,141372100,141372100
901,143804801,143804801
902,146242908,146242908
903,148351518,148351518
904,148351518,148351518
905,148351518,148351518
906,148351518,148351518
907,148351518,148351518
908,148351518,148351518
909,148351518,148351518
910,148351518,148351518
911,148351518,148351518
912,148351518,148351518
913,150849487,150849487
914,153352934,153352934
915,154983456,154983456
916,154983456,154983456
917,154983456,154983456
918,154983456,154983456
919,155555784,155555784
920,155555784,155555784
921,155555784,155555784
922,155555784,155555784
923,155555784,155555784
924,155555784,155555784
925,158119885,158119885
926,158358684,158358684
927,158358684,158358684
928,158358684,158358684
929,158358684,158358684
930,158358684,158358684
931,158358684,158358684
932,158358684,158358684
933,158358684,158358684
934,158358684,158358684
935,158358684,158358684
936,158358684,158358684
937,160989781,160989781
938,163626500,163626500
939,165272048,165272048
940,165272048,165272048
941,165272048,165272048
942,165272048,165272048
943,165272048,165272048
944,165272048,165272048
945,165272048,165272048
946,165272048,165272048
947,165272048,165272048
948,165272048,165272048
949,165272048,165272048
950,165272048,165272048
951,165272048,165272048
952,165272048,165272048
953,167993817,167993817
954,168802330,168790440
955,168802330,168790440
956,168802330,168790440
957,168802330,168790440
958,168802330,168790440
959,168802330,168790440
960,168802330,168790440
961,171570011,171558121
962,174343458,174331568
963,177122677,177110787
964,177291018,177291018
965,177291018,177291018
966,177291018,177291018
967,177291018,177291018
968,177291018,177291018
969,180104995,180104995
970,181605078,181605078
971,181605078,181605078
972,181605078,181605078
973,184084824,184084824
974,184084824,184084824
975,184084824,184084824
976,184084824,184084824
977,184084824,184084824
978,184084824,184084824
979,184084824,184084824
980,184084824,184084824
981,184084824,184084824
982,184084824,184084824
983,184084824,184084824
984,184084824,184084824
985,184084824,184084824
986,184084824,184084824
987,184084824,184084824
988,184084824,184084824
989,187016221,187016221
990,189953552,189953552
991,190722498,190709064
992,190722498,190709064
993,193660949,193660949
994,193660949,193660949
995,193660949,193660949
996,193660949,193660949
997,193660949,193660949
998,193660949,193660949
999,193660949,193660949
1000,193660949,193660949
1001,193660949,193660949
1002,193660949,193660949
1003,193660949,193660949
1004,193660949,193660949
1005,193660949,193660949
1006,193660949,193660949
1007,193660949,193660949
1008,193660949,193660949
1009,196712166,196712166
1010,199561760,198683936
1011,199561760,198683936
1012,199561760,198683936
1013,199561760,198683936
1014,199561760,198683936
1015,199561760,198683936
1016,199561760,198683936
1017,199561760,198683936
1018,199561760,198683936
1019,199561760,198683936
1020,199561760,198683936
1021,201554809,198683936
1022,201554809,198683936
1023,201554809,198683936
1024,201554809,198683936
1025,204703610,201832737
1026,207858561,204987688
1027,211019668,208148795
1028,212452020,211316064
1029,212452020,212452020
1030,212452020,212452020
1031,212452020,212452020
1032,212452020,212452020
1033,212452020,212452020
1034,212452020,212452020
1035,212452020,212452020
1036,212452020,212452020
1037,212452020,212452020
1038,212452020,212452020
1039,212452020,212452020
1040,212452020,212452020
1041,215699941,215699941
1042,218954108,218954108
1043,220349068,220349068
1044,220349068,220349068
1045,223622009,223622009
1046,223734231,223734231
1047,223734231,223734231
1048,223734231,223734231
1049,223734231,223734231
1050,223734231,223734231
1051,223734231,223734231
1052,223734231,223734231
1053,223734231,223734231
1054,223734231,223734231
1055,223734231,223734231
1056,223734231,223734231
1057,225122114,225122114
1058,225122114,225122114
1059,225122114,225122114
1060,225122114,225122114
1061,225122114,225122114
1062,225122114,225122114
1063,225122114,225122114
1064,225122114,225122114
1065,228521595,228521595
1066,231927466,231927466
1067,233840630,233840630
1068,233840630,233840630
1069,233840630,233840630
1070,233840630,233840630
1071,233840630,233840630
1072,233840630,233840630
1073,233840630,233840630
1074,233840630,233840630
1075,233840630,233840630
1076,233840630,233840630
1077,233840630,233840630
1078,233840630,233840630
1079,233840630,233840630
1080,233840630,233840630
1081,237343071,237343071
1082,238282448,238265664
1083,238282448,238265664
1084,238282448,238265664
1085,238282448,238265664
1086,238282448,238265664
1087,238282448,238265664
1088,238282448,238265664
1089,241836945,241820161
1090,243589104,243589104
1091,243589104,243589104
1092,243589104,243589104
1093,247169773,247169773
1094,250757000,250757000
1095,253603098,253603098
1096,253603098,253603098
1097,253603098,253603098
1098,253603098,253603098
1099,253603098,253603098
1100,253603098,253603098
1101,253603098,253603098
1102,253603098,253603098
1103,253603098,253603098
1104,253603098,253603098
1105,257262859,257262859
1106,259813095,259813095
1107,259813095,259813095
1108,259813095,259813095
1109,259813095,259813095
1110,259813095,259813095
1111,259813095,259813095
1112,259813095,259813095
1113,259813095,259813095
1114,259813095,259813095
1115,259813095,259813095
1116,259813095,259813095
1117,259813095,259813095
1118,259813095,259813095
1119,259813095,259813095
1120,259813095,259813095
1121,263579656,263579656
1122,267352943,267352943
1123,271132962,271132962
1124,271829180,271829180
1125,271829180,271829180
1126,271829180,271829180
1127,271829180,271829180
1128,271829180,271829180
1129,271829180,271829180
1130,271829180,271829180
1131,271829180,271829180
1132,271829180,271829180
1133,271829180,271829180
1134,271829180,271829180
1135,271829180,271829180
1136,271829180,271829180
1137,271829180,271829180
1138,271829180,271829180
1139,271829180,271829180
1140,271829180,271829180
1141,275731401,275731401
1142,277624908,277624908
1143,277624908,277624908
1144,277624908,277624908
1145,279212399,279192732
1146,279212399,279192732
1147,279212399,279192732
1148,279212399,279192732
1149,279212399,279192732
1150,279212399,279192732
1151,279212399,279192732
1152,279212399,279192732
1153,281702656,281702656
1154,281702656,281702656
1155,281702656,281702656
1156,281702656,281702656
1157,285715133,285715133
1158,289734552,289734552
1159,293760919,293760919
1160,295617540,295617540
1161,297891444,297891444
1162,297891444,297891444
1163,297891444,297891444
1164,297891444,297891444
1165,297891444,297891444
1166,297891444,297891444
1167,297891444,297891444
1168,297891444,297891444
1169,297891444,297891444
1170,297891444,297891444
1171,297891444,297891444
1172,297891444,297891444
1173,297891444,297891444
1174,297891444,297891444
1175,297891444,297891444
1176,297891444,297891444
1177,302043901,302043901
1178,306203420,306203420
1179,310370007,310370007
1180,313717650,313717650
1181,313717650,313717650
1182,313717650,313717650
1183,313717650,313717650
1184,313717650,313717650
1185,313717650,313717650
1186,313717650,313717650
1187,313717650,313717650
1188,313717650,313717650
1189,313717650,313717650
1190,313717650,313717650
1191,313717650,313717650
1192,313717650,313717650
1193,313717650,313717650
1194,313717650,313717650
1195,313717650,313717650
1196,313717650,313717650
1197,313717650,313717650
1198,313717650,313717650
1199,313717650,313717650
1200,313717650,313717650
1201,318041251,318041251
1202,322372058,322372058
1203,324571814,324548952
1204,324571814,324548952
1205,324571814,324548952
1206,324571814,324548952
1207,324571814,324548952
1208,324571814,324548952
1209,324571814,324548952
1210,324571814,324548952
1211,324571814,324548952
1212,324571814,324548952
1213,324571814,324548952
1214,324571814,324548952
1215,324571814,324548952
1216,324571814,324548952
1217,329011431,328988569
1218,330090928,330090928
1219,330090928,330090928
1220,330090928,330090928
1221,330090928,330090928
1222,330090928,330090928
1223,330090928,330090928
1224,330090928,330090928
1225,334589129,334589129
1226,339094680,339094680
1227,339514713,339514713
1228,339514713,339514713
1229,339514713,339514713
1230,339514713,339514713
1231,339514713,339514713
1232,339514713,339514713
1233,344071882,344071882
1234,348636449,348636449
1235,353208420,353208420
1236,354456090,354456090
1237,354456090,354456090
1238,354456090,354456090
1239,354456090,354456090
1240,354456090,354456090
1241,354908004,354908004
1242,354908004,354908004
1243,354908004,354908004
1244,354908004,354908004
1245,354908004,354908004
1246,354908004,354908004
1247,354908004,354908004
1248,354908004,354908004
1249,359584261,359584261
1250,359696280,359696280
1251,359696280,359696280
1252,359696280,359696280
1253,359696280,359696280
1254,359696280,359696280
1255,359696280,359696280
1256,359696280,359696280
1257,359696280,359696280
1258,359696280,359696280
1259,359696280,359696280
1260,359696280,359696280
1261,364462861,364462861
1262,369237008,369237008
1263,374018727,374018727
1264,374587845,374561460
1265,374587845,374561460
1266,374587845,374561460
1267,374587845,374561460
1268,374587845,374561460
1269,374587845,374561460
1270,374587845,374561460
1271,374587845,374561460
1272,374587845,374561460
1273,374587845,374561460
1274,374587845,374561460
1275,374587845,374561460
1276,374587845,374561460
1277,374587845,374561460
1278,374587845,374561460
1279,374587845,374561460
1280,374587845,374561460
1281,379506886,379480501
1282,383715808,383715808
1283,383715808,383715808
1284,383715808,383715808
1285,383715808,383715808
1286,383715808,383715808
1287,383715808,383715808
1288,383715808,383715808
1289,383715808,383715808
1290,383715808,383715808
1291,383715808,383715808
1292,383715808,383715808
1293,386790889,386790889
1294,386790889,386790889
1295,386790889,386790889
1296,386790889,386790889
1297,391833626,391833626
1298,396884145,396884145
1299,398412960,398412960
1300,398412960,398412960
1301,403486861,403486861
1302,406405368,406405368
1303,409955310,409955310
1304,409955310,409955310
1305,409955310,409955310
1306,409955310,409955310
1307,409955310,409955310
1308,409955310,409955310
1309,409955310,409955310
1310,409955310,409955310
1311,409955310,409955310
1312,409955310,409955310
1313,409955310,409955310
1314,409955310,409955310
1315,409955310,409955310
1316,409955310,409955310
1317,409955310,409955310
1318,409955310,409955310
1319,409955310,409955310
1320,409955310,409955310
1321,415186471,415186471
1322,420425558,420425558
1323,425672577,425672577
1324,429487644,429457392
1325,429487644,429457392
1326,429487644,429457392
1327,429487644,429457392
1328,429487644,429457392
1329,429487644,429457392
1330,429487644,429457392
1331,429487644,429457392
1332,429487644,429457392
1333,429487644,429457392
1334,429487644,429457392
1335,429487644,429457392
1336,429487644,429457392
1337,429487644,429457392
1338,429487644,429457392
1339,429487644,429457392
1340,429487644,429457392
1341,429487644,429457392
1342,429487644,429457392
1343,429487644,429457392
1344,429487644,429457392
1345,434910685,434880433
1346,440341796,440311544
1347,442845840,442845840
1348,442845840,442845840
1349,442845840,442845840
1350,442845840,442845840
1351,442845840,442845840
1352,442845840,442845840
1353,442845840,442845840
1354,442845840,442845840
1355,442845840,442845840
1356,442845840,442845840
1357,442845840,442845840
1358,442845840,442845840
1359,442845840,442845840
1360,442845840,442845840
1361,448398721,448398721
1362,449626954,449626954
1363,449626954,449626954
1364,449626954,449626954
1365,449626954,449626954
1366,449626954,449626954
1367,449626954,449626954
1368,449626954,449626954
1369,455245331,455245331
1370,460871922,458311287
1371,464684980,458311287
1372,464684980,458311287
1373,464684980,463962556
1374,464684980,464684980
1375,464684980,464684980
1376,464684980,464684980
1377,464684980,464684980
1378,464684980,464684980
1379,464684980,464684980
1380,464684980,464684980
1381,470402321,470402321
1382,476127948,476127948
1383,481861867,481861867
1384,487229560,485258526
1385,487229560,485258526
1386,487229560,485258526
1387,487229560,485258526
1388,487229560,485258526
1389,487229560,485258526
1390,487229560,485258526
1391,487229560,485258526
1392,487229560,485258526
1393,487229560,485258526
1394,487229560,485258526
1395,487229560,485258526
1396,487229560,485258526
1397,487229560,485258526
1398,487229560,485258526
1399,487229560,485258526
1400,487229560,485258526
1401,489498363,485258526
1402,489498363,485258526
1403,489498363,485258526
1404,489498363,485258526
1405,489498363,485258526
1406,489498363,485258526
1407,489498363,485258526
1408,489498363,485258526
1409,495449980,485258526
1410,501410051,485258526
1411,507378582,485258526
1412,507749568,485258526
1413,507749568,485258526
1414,507749568,485258526
1415,507749568,485258526
1416,507749568,485258526
1417,507749568,485258526
1418,507749568,485258526
1419,507749568,485258526
1420,507749568,485258526
1421,507749568,485258526
1422,507749568,485258526
1423,507749568,485258526
1424,507749568,485258526
1425,507749568,485258526
1426,507749568,485258526
1427,507749568,485258526
1428,507749568,485258526
1429,513871405,485258526
1430,518913795,485258526
1431,518913795,485258526
1432,518913795,485258526
1433,518913795,485258526
1434,518913795,485258526
1435,518913795,485258526
1436,518913795,485258526
1437,518913795,485258526
1438,518913795,485258526
1439,518913795,485258526
1440,518913795,485258526
1441,522671044,485258526
1442,522671044,485258526
1443,522671044,485258526
1444,522671044,485258526
1445,528930785,485258526
1446,535199196,485258526
1447,541476283,485258526
1448,544608029,485258526
1449,544608029,485258526
1450,544608029,485258526
1451,544608029,485258526
1452,544608029,485258526
1453,544608029,485258526
1454,544608029,485258526
1455,544608029,485258526
1456,544608029,485258526
1457,550972206,485258526
1458,554847154,485258526
1459,554847154,491640193
1460,554847154,498030614
1461,554847154,504429795
1462,554847154,510837742
1463,554847154,517254461
1464,554847154,523679958
1465,554847154,530114239
1466,554847154,536557310
1467,554847154,543009177
1468,554847154,549469846
1469,554847154,554808072
1470,554847154,554808072
1471,554847154,554808072
1472,554847154,554808072
1473,561351923,561312841
1474,567865530,567826448
1475,574387981,574348899
1476,578695536,578695536
1477,578695536,578695536
1478,578695536,578695536
1479,578695536,578695536
1480,578695536,578695536
1481,578695536,578695536
1482,578695536,578695536
1483,578695536,578695536
1484,578695536,578695536
1485,578695536,578695536
1486,578695536,578695536
1487,578695536,578695536
1488,578695536,578695536
1489,578695536,578695536
1490,578695536,578695536
1491,578695536,578695536
1492,578695536,578695536
1493,578695536,578695536
1494,578695536,578695536
1495,578695536,578695536
1496,578695536,578695536
1497,585414073,585414073
1498,588317200,588317200
1499,588317200,588317200
1500,588317200,588317200
1501,594966084,594966084
1502,594966084,594966084
1503,594966084,594966084
1504,594966084,594966084
1505,594966084,594966084
1506,594966084,594966084
1507,594966084,594966084
1508,594966084,594966084
1509,594966084,594966084
1510,594966084,594966084
1511,594966084,594966084
1512,594966084,594966084
1513,601829053,601829053
1514,603213870,603213870
1515,603213870,603213870
1516,603213870,603213870
1517,603213870,603213870
1518,603213870,603213870
1519,603213870,603213870
1520,603213870,603213870
1521,610149631,610149631
1522,617094518,617094518
1523,624048537,624048537
1524,625761169,625717092
1525,625761169,625717092
1526,625761169,625717092
1527,625761169,625717092
1528,625761169,625717092
1529,625761169,625717092
1530,625761169,625717092
1531,625761169,625717092
1532,625761169,625717092
1533,625761169,625717092
1534,625761169,625717092
1535,625761169,625717092
1536,625761169,625717092
1537,632843666,632799589
1538,639935385,639891308
1539,647036332,646992255
1540,654146513,654102436
1541,655952288,655952288
1542,655952288,655952288
1543,655952288,655952288
1544,655952288,655952288
1545,655952288,655952288
1546,655952288,655952288
1547,655952288,655952288
1548,655952288,655952288
1549,655952288,655952288
1550,655952288,655952288
1551,655952288,655952288
1552,655952288,655952288
1553,655952288,655952288
1554,655952288,655952288
1555,655952288,655952288
1556,655952288,655952288
1557,655952288,655952288
1558,655952288,655952288
1559,655952288,655952288
1560,655952288,655952288
1561,655952288,655952288
1562,655952288,655952288
1563,655952288,655952288
1564,655952288,655952288
1565,663295269,663295269
1566,670647640,670647640
1567,672520559,672520559
1568,672520559,672520559
1569,678098493,678098493
1570,678098493,678098493
1571,678098493,678098493
1572,678098493,678098493
1573,678098493,678098493
1574,678098493,678098493
1575,678098493,678098493
1576,678098493,678098493
1577,678098493,678098493
1578,678098493,678098493
1579,678098493,678098493
1580,678098493,678098493
1581,678098493,678098493
1582,678098493,678098493
1583,678098493,678098493
1584,678098493,678098493
1585,685630414,685630414
1586,691621224,691621224
1587,691621224,691621224
1588,691621224,691621224
1589,691621224,691621224
1590,691621224,691621224
1591,691621224,691621224
1592,691621224,691621224
1593,691621224,691621224
1594,691621224,691621224
1595,691621224,691621224
1596,691621224,691621224
1597,696168225,696168225
1598,696168225,696168225
1599,696168225,696168225
1600,696168225,696168225
1601,703853026,703853026
1602,711547433,711547433
1603,719251452,719251452
1604,726965089,726965089
1605,732114860,732114860
1606,732114860,732114860
1607,732114860,732114860
1608,732114860,732114860
1609,732114860,732114860
1610,732114860,732114860
1611,732114860,732114860
1612,732114860,732114860
1613,732114860,732114860
1614,732114860,732114860
1615,732114860,732114860
1616,732114860,732114860
1617,732114860,732114860
1618,732114860,732114860
1619,732114860,732114860
1620,732114860,732114860
1621,739788368,739788368
1622,739788368,739788368
1623,739788368,739788368
1624,739788368,739788368
1625,739788368,739788368
1626,739788368,739788368
1627,739788368,739788368
1628,739788368,739788368
1629,739788368,739788368
1630,739788368,739788368
1631,739788368,739788368
1632,739788368,739788368
1633,747783537,747783537
1634,755788504,755788504
1635,763803275,763803275
1636,768625694,768625694
1637,768625694,768625694
1638,768625694,768625694
1639,768625694,768625694
1640,768625694,768625694
1641,768625694,768625694
1642,768625694,768625694
1643,768625694,768625694
1644,768625694,768625694
1645,768625694,768625694
1646,768625694,768625694
1647,768625694,768625694
1648,768625694,768625694
1649,768625694,768625694
1650,768625694,768625694
1651,768625694,768625694
1652,768625694,768625694
1653,768625694,768625694
1654,768625694,768625694
1655,768625694,768625694
1656,768625694,768625694
1657,776857671,776857671
1658,785099590,785099590
1659,785193479,785138172
1660,785193479,785138172
1661,785193479,785138172
1662,785193479,785138172
1663,785193479,785138172
1664,785193479,785138172
1665,788258898,788258898
1666,788258898,788258898
1667,788258898,788258898
1668,788258898,788258898
1669,788258898,788258898
1670,788258898,788258898
1671,788258898,788258898
1672,788258898,788258898
1673,796650667,796650667
1674,798199020,798199020
1675,798199020,798199020
1676,798199020,798199020
1677,798199020,798199020
1678,798199020,798199020
1679,798199020,798199020
1680,798199020,798199020
1681,806671261,806671261
1682,815153588,815153588
1683,823646007,823646007
1684,830472320,830472320
1685,830472320,830472320
1686,830472320,830472320
1687,830472320,830472320
1688,830472320,830472320
1689,830472320,830472320
1690,830472320,830472320
1691,830472320,830472320
1692,830472320,830472320
1693,830472320,830472320
1694,830472320,830472320
1695,830472320,830472320
1696,830472320,830472320
1697,830472320,830472320
1698,830472320,830472320
1699,830472320,830472320
1700,830472320,830472320
1701,839147421,839147421
1702,847832728,847832728
1703,856528247,856528247
1704,865233984,865233984
1705,866862359,866862359
1706,866862359,866862359
1707,866862359,866862359
1708,866862359,866862359
1709,866862359,866862359
1710,866862359,866862359
1711,866862359,866862359
1712,866862359,866862359
1713,866862359,866862359
1714,866862359,866862359
1715,866862359,866862359
1716,866862359,866862359
1717,866862359,866862359
1718,866862359,866862359
1719,866862359,866862359
1720,866862359,866862359
1721,866862359,866862359
1722,866862359,866862359
1723,866862359,866862359
1724,866862359,866862359
1725,866862359,866862359
1726,866862359,866862359
1727,866862359,866862359
1728,866862359,866862359
1729,875825496,875825496
1730,884799007,884799007
1731,893492684,893492684
1732,893492684,893492684
1733,893492684,893492684
1734,893492684,893492684
1735,893492684,893492684
1736,893492684,893492684
1737,893492684,893492684
1738,893492684,893492684
1739,893492684,893492684
1740,893492684,893492684
1741,893492684,893492684
1742,893492684,893492684
1743,893492684,893492684
1744,893492684,893492684
1745,893492684,893492684
1746,893492684,893492684
1747,893492684,893492684
1748,893492684,893492684
1749,902664441,902664441
1750,909728415,909728415
1751,909728415,909728415
1752,909728415,909728415
1753,909728415,909728415
1754,909728415,909728415
1755,909728415,909728415
1756,909728415,909728415
1757,909728415,909728415
1758,909728415,909728415
1759,909728415,909728415
1760,909728415,909728415
1761,915183504,915183504
1762,915183504,915183504
1763,915183504,915183504
1764,915183504,915183504
1765,924523885,924523885
1766,928272688,928272688
1767,928272688,928272688
1768,928272688,928272688
1769,937655465,937655465
1770,947048856,947048856
1771,956452867,956452867
1772,965867504,965867504
1773,969612509,969544212
1774,969612509,969544212
1775,969612509,969544212
1776,969612509,969544212
1777,969612509,969544212
1778,969612509,969544212
1779,969612509,969544212
1780,969612509,969544212
1781,969612509,969544212
1782,969612509,969544212
1783,969612509,969544212
1784,969612509,969544212
1785,969612509,969544212
1786,969612509,969544212
1787,969612509,969544212
1788,969612509,969544212
1789,969612509,969544212
1790,969612509,969544212
1791,969612509,969544212
1792,969612509,969544212
1793,973123160,973123160
1794,973123160,973123160
1795,973123160,973123160
1796,973123160,973123160
1797,973123160,973123160
1798,973123160,973123160
1799,973123160,973123160
1800,973123160,973123160
1801,982848561,982848561
1802,992584768,992584768
1803,1002331787,1002331787
1804,1007688374,1007688374
1805,1007688374,1007688374
1806,1007688374,1007688374
1807,1007688374,1007688374
1808,1007688374,1007688374
1809,1007688374,1007688374
1810,1007688374,1007688374
1811,1007688374,1007688374
1812,1007688374,1007688374
1813,1007688374,1007688374
1814,1007688374,1007688374
1815,1007688374,1007688374
1816,1007688374,1007688374
1817,1007688374,1007688374
1818,1007688374,1007688374
1819,1007688374,1007688374
1820,1007688374,1007688374
1821,1007688374,1007688374
1822,1007688374,1007688374
1823,1007688374,1007688374
1824,1007688374,1007688374
1825,1017674775,1017674775
1826,1027672126,1027672126
1827,1031178570,1031178570
1828,1031178570,1031178570
1829,1031178570,1031178570
1830,1031178570,1031178570
1831,1031178570,1031178570
1832,1031178570,1031178570
1833,1031178570,1031178570
1834,1031178570,1031178570
1835,1031178570,1031178570
1836,1031178570,1031178570
1837,1031178570,1031178570
1838,1031178570,1031178570
1839,1031178570,1031178570
1840,1031178570,1031178570
1841,1041340891,1041340891
1842,1043058708,1043058708
1843,1043058708,1043058708
1844,1043058708,1043058708
1845,1043058708,1043058708
1846,1043058708,1043058708
1847,1043058708,1043058708
1848,1043058708,1043058708
1849,1053309565,1053309565
1850,1063571516,1063571516
1851,1071759924,1071684432
1852,1071759924,1071684432
1853,1071759924,1071684432
1854,1071759924,1071684432
1855,1071759924,1071684432
1856,1071759924,1071684432
1857,1082099701,1082024209
1858,1086294180,1086294180
1859,1086294180,1086294180
1860,1086294180,1086294180
1861,1087722769,1087722769
1862,1087722769,1087722769
1863,1087722769,1087722769
1864,1087722769,1087722769
1865,1087722769,1087722769
1866,1087722769,1087722769
1867,1087722769,1087722769
1868,1087722769,1087722769
1869,1087722769,1087722769
1870,1087722769,1087722769
1871,1087722769,1087722769
1872,1087722769,1087722769
1873,1098241538,1090653050
1874,1108771545,1090653050
1875,1119312796,1090653050
1876,1129865297,1090653050
1877,1131211760,1090653050
1878,1131211760,1090653050
1879,1131211760,1090653050
1880,1131211760,1090653050
1881,1131211760,1090653050
1882,1131211760,1090653050
1883,1131211760,1090653050
1884,1131211760,1090653050
1885,1131211760,1090653050
1886,1131211760,1090653050
1887,1131211760,1090653050
1888,1131211760,1090653050
1889,1131211760,1090653050
1890,1131211760,1090653050
1891,1131211760,1090653050
1892,1131211760,1090653050
1893,1131211760,1090653050
1894,1131211760,1090653050
1895,1131211760,1090653050
1896,1131211760,1090653050
1897,1131211760,1090653050
1898,1131211760,1090653050
1899,1131211760,1090653050
1900,1131211760,1090653050
1901,1142047461,1090653050
1902,1146296848,1090653050
1903,1146296848,1090653050
1904,1146296848,1090653050
1905,1157178209,1090653050
1906,1162971645,1090653050
1907,1162971645,1090653050
1908,1162971645,1090653050
1909,1162971645,1090653050
1910,1162971645,1090653050
1911,1162971645,1090653050
1912,1162971645,1090653050
1913,1162971645,1090653050
1914,1162971645,1090653050
1915,1162971645,1090653050
1916,1162971645,1090653050
1917,1162971645,1090653050
1918,1162971645,1090653050
1919,1162971645,1090653050
1920,1162971645,1090653050
1921,1174036606,1090653050
1922,1182308664,1090653050
1923,1182308664,1090653050
1924,1182308664,1090653050
1925,1182308664,1090653050
1926,1182308664,1090653050
1927,1182308664,1090653050
1928,1182308664,1090653050
1929,1182308664,1090653050
1930,1182308664,1090653050
1931,1182308664,1090653050
1932,1182308664,1090653050
1933,1188801441,1090653050
1934,1188801441,1090653050
1935,1188801441,1090653050
1936,1188801441,1090653050
1937,1200051538,1090653050
1938,1210975858,1090653050
1939,1210975858,1090653050
1940,1210975858,1090653050
1941,1210975858,1090653050
1942,1210975858,1090653050
1943,1210975858,1090653050
1944,1210975858,1090653050
1945,1222319099,1090653050
1946,1233674010,1090653050
1947,1245040597,1090653050
1948,1256418866,1090653050
1949,1264428634,1090653050
1950,1264428634,1090653050
1951,1264428634,1090653050
1952,1264428634,1090653050
1953,1264428634,1090653050
1954,1264428634,1090653050
1955,1264428634,1090653050
1956,1264428634,1090653050
1957,1264428634,1090653050
1958,1264428634,1090653050
1959,1264428634,1090653050
1960,1264428634,1090653050
1961,1264428634,1090653050
1962,1264428634,1090653050
1963,1264428634,1090653050
1964,1264428634,1090653050
1965,1264428634,1090653050
1966,1264428634,1090653050
1967,1264428634,1090653050
1968,1264428634,1090653050
1969,1264428634,1090653050
1970,1264428634,1090653050
1971,1264428634,1090653050
1972,1264428634,1090653050
1973,1264428634,1090653050
1974,1264428634,1090653050
1975,1264428634,1090653050
1976,1264428634,1090653050
1977,1276148291,1090653050
1978,1287879810,1090653050
1979,1297066314,1090653050
1980,1297066314,1090653050
1981,1297066314,1090653050
1982,1297066314,1090653050
1983,1297066314,1090653050
1984,1297066314,1090653050
1985,1305529800,1090653050
1986,1305529800,1090653050
1987,1305529800,1090653050
1988,1305529800,1090653050
1989,1305529800,1090653050
1990,1305529800,1090653050
1991,1305529800,1090653050
1992,1305529800,1090653050
1993,1305529800,1090653050
1994,1305529800,1090653050
1995,1305529800,1090653050
1996,1305529800,1090653050
1997,1305529800,1090653050
1998,1305529800,1090653050
1999,1305529800,1090653050
2000,1305529800,1090653050
2001,1317535801,1102659051
2002,1329553808,1114677058
2003,1333417404,1126707077
2004,1333417404,1138749114
2005,1333417404,1150803175
2006,1333417404,1162869266
2007,1333417404,1174947393
2008,1333417404,1187037562
2009,1333417404,1199139779
2010,1333417404,1211254050
2011,1333417404,1223380381
2012,1333417404,1235518778
2013,1333417404,1247669247
2014,1333417404,1259831794
2015,1333417404,1272006425
2016,1333417404,1284193146
2017,1345616221,1296391963
2018,1347508278,1303338368
2019,1347508278,1303338368
2020,1347508278,1303338368
2021,1347508278,1303338368
2022,1347508278,1303338368
2023,1347508278,1303338368
2024,1347508278,1303338368
2025,1359804079,1303338368
2026,1372112030,1303338368
2027,1384432137,1303338368
2028,1396009200,1303338368
2029,1396009200,1303338368
2030,1396009200,1303338368
2031,1396009200,1303338368
2032,1396009200,1303338368
2033,1396009200,1303338368
2034,1396009200,1303338368
2035,1396009200,1303338368
2036,1396009200,1303338368
2037,1396009200,1303338368
2038,1396009200,1303338368
2039,1396009200,1303338368
2040,1396009200,1303338368
2041,1407704788,1303338368
2042,1407704788,1303338368
2043,1407704788,1303338368
2044,1407704788,1303338368
2045,1407704788,1303338368
2046,1407704788,1303338368
2047,1407704788,1303338368
2048,1407704788,1303338368
2049,1407704788,1315927425
2050,1407704788,1328528776
2051,1407704788,1341142427
2052,1407704788,1353768384
2053,1420343057,1366406653
2054,1432993644,1379057240
2055,1445656555,1391720151
2056,1458331796,1404395392
2057,1459275195,1417082969
2058,1459275195,1429782888
2059,1459275195,1442495155
2060,1459275195,1455219776
2061,1459275195,1459275195
2062,1459275195,1459275195
2063,1459275195,1459275195
2064,1459275195,1459275195
2065,1459275195,1459275195
2066,1459275195,1459275195
2067,1459275195,1459275195
2068,1459275195,1459275195
2069,1459275195,1459275195
2070,1459275195,1459275195
2071,1459275195,1459275195
2072,1459275195,1459275195
2073,1459275195,1459275195
2074,1459275195,1459275195
2075,1459275195,1459275195
2076,1459275195,1459275195
2077,1459275195,1459275195
2078,1459275195,1459275195
2079,1459275195,1459275195
2080,1459275195,1459275195
2081,1472260636,1472260636
2082,1484701164,1484701164
2083,1484701164,1484701164
2084,1484701164,1484701164
2085,1484701164,1484701164
2086,1484701164,1484701164
2087,1484701164,1484701164
2088,1484701164,1484701164
2089,1496868960,1496868960
2090,1496868960,1496868960
2091,1496868960,1496868960
2092,1496868960,1496868960
2093,1496868960,1496868960
2094,1496868960,1496868960
2095,1496868960,1496868960
2096,1496868960,1496868960
2097,1496868960,1496868960
2098,1496868960,1496868960
2099,1496868960,1496868960
2100,1496868960,1496868960
2101,1510105261,1510105261
2102,1519730883,1519730883
2103,1519730883,1519730883
2104,1519730883,1519730883
2105,1519730883,1519730883
2106,1519730883,1519730883
2107,1519730883,1519730883
2108,1519730883,1519730883
2109,1519730883,1519730883
2110,1519730883,1519730883
2111,1519730883,1519730883
2112,1519730883,1519730883
2113,1527402724,1527402724
2114,1527402724,1527402724
2115,1527402724,1527402724
2116,1527402724,1527402724
2117,1540841441,1540841441
2118,1554292860,1554292860
2119,1561406014,1561406014
2120,1561406014,1561406014
2121,1561406014,1561406014
2122,1561406014,1561406014
2123,1561406014,1561406014
2124,1561406014,1561406014
2125,1561406014,1561406014
2126,1561406014,1561406014
2127,1561406014,1561406014
2128,1561406014,1561406014
2129,1574997551,1574997551
2130,1588601862,1588601862
2131,1602218953,1602218953
2132,1615848830,1615848830
2133,1624629990,1624629990
2134,1624629990,1624629990
2135,1624629990,1624629990
2136,1624629990,1624629990
2137,1624629990,1624629990
2138,1624629990,1624629990
2139,1624629990,1624629990
2140,1624629990,1624629990
2141,1624629990,1624629990
2142,1624629990,1624629990
2143,1624629990,1624629990
2144,1624629990,1624629990
2145,1624629990,1624629990
2146,1624629990,1624629990
2147,1624629990,1624629990
2148,1624629990,1624629990
2149,1624629990,1624629990
2150,1624629990,1624629990
2151,1624629990,1624629990
2152,1624629990,1624629990
2153,1624629990,1624629990
2154,1624629990,1624629990
2155,1624629990,1624629990
2156,1624629990,1624629990
2157,1624629990,1624629990
2158,1624629990,1624629990
2159,1624629990,1624629990
2160,1624629990,1624629990
2161,1638633271,1638633271
2162,1652649518,1652649518
2163,1666678737,1666678737
2164,1667977136,1667859648
2165,1667977136,1667859648
2166,1667977136,1667859648
2167,1667977136,1667859648
2168,1667977136,1667859648
2169,1667977136,1667859648
2170,1667977136,1667859648
2171,1667977136,1667859648
2172,1667977136,1667859648
2173,1667977136,1667859648
2174,1667977136,1667859648
2175,1667977136,1667859648
2176,1667977136,1667859648
2177,1673147364,1673147364
2178,1673147364,1673147364
2179,1673147364,1673147364
2180,1673147364,1673147364
2181,1673147364,1673147364
2182,1673147364,1673147364
2183,1673147364,1673147364
2184,1673147364,1673147364
2185,1687463485,1687463485
2186,1701792716,1701792716
2187,1706020920,1706020920
2188,1706020920,1706020920
2189,1706020920,1706020920
2190,1706020920,1706020920
2191,1706020920,1706020920
2192,1706020920,1706020920
2193,1706020920,1706020920
2194,1706020920,1706020920
2195,1706020920,1706020920
2196,1706020920,1706020920
2197,1706020920,1706020920
2198,1706020920,1706020920
2199,1706020920,1706020920
2200,1706020920,1706020920
2201,1720547521,1720547521
2202,1722617314,1722617314
2203,1722617314,1722617314
2204,1722617314,1722617314
2205,1722617314,1722617314
2206,1722617314,1722617314
2207,1722617314,1722617314
2208,1722617314,1722617314
2209,1737249731,1737249731
2210,1751895402,1751895402
2211,1766554333,1766554333
2212,1781226530,1781226530
2213,1795911999,1795911999
2214,1796816454,1796816454
2215,1796816454,1796816454
2216,1796816454,1796816454
2217,1796816454,1796816454
2218,1796816454,1796816454
2219,1796816454,1796816454
2220,1796816454,1796816454
2221,1796816454,1796816454
2222,1796816454,1796816454
2223,1796816454,1796816454
2224,1796816454,1796816454
2225,1796816454,1796816454
2226,1796816454,1796816454
2227,1796816454,1796816454
2228,1796816454,1796816454
2229,1796816454,1796816454
2230,1796816454,1796816454
2231,1796816454,1796816454
2232,1796816454,1796816454
2233,1802016345,1802016345
2234,1802016345,1802016345
2235,1802016345,1802016345
2236,1802016345,1802016345
2237,1802016345,1802016345
2238,1802016345,1802016345
2239,1802016345,1802016345
2240,1802016345,1802016345
2241,1817075866,1817075866
2242,1832148833,1832148833
2243,1834692608,1834692608
2244,1834692608,1834692608
2245,1849805949,1849805949
2246,1862736648,1862736648
2247,1862736648,1862736648
2248,1862736648,1862736648
2249,1862736648,1862736648
2250,1862736648,1862736648
2251,1862736648,1862736648
2252,1862736648,1862736648
2253,1862736648,1862736648
2254,1862736648,1862736648
2255,1862736648,1862736648
2256,1862736648,1862736648
2257,1862736648,1862736648
2258,1862736648,1862736648
2259,1862736648,1862736648
2260,1862736648,1862736648
2261,1862736648,1862736648
2262,1862736648,1862736648
2263,1862736648,1862736648
2264,1862736648,1862736648
2265,1862736648,1862736648
2266,1862736648,1862736648
2267,1862736648,1862736648
2268,1862736648,1862736648
2269,1878174925,1878174925
2270,1893626816,1893626816
2271,1901546850,1901546850
2272,1901546850,1901546850
2273,1901546850,1901546850
2274,1901546850,1901546850
2275,1901546850,1901546850
2276,1901546850,1901546850
2277,1901546850,1901546850
2278,1901546850,1901546850
2279,1901546850,1901546850
2280,1901546850,1901546850
2281,1906930053,1906930053
2282,1906930053,1906930053
2283,1906930053,1906930053
2284,1906930053,1906930053
2285,1906930053,1906930053
2286,1906930053,1906930053
2287,1906930053,1906930053
2288,1906930053,1906930053
2289,1922641750,1922641750
2290,1933777360,1933777360
2291,1933777360,1933777360
2292,1933777360,1933777360
2293,1933777360,1933777360
2294,1933777360,1933777360
2295,1933777360,1933777360
2296,1933777360,1933777360
2297,1933777360,1933777360
2298,1933777360,1933777360
2299,1933777360,1933777360
2300,1933777360,1933777360
2301,1942781929,1942781929
2302,1942781929,1942781929
2303,1942781929,1942781929
2304,1942781929,1942781929
2305,1958714090,1958714090
2306,1971918592,1971918592
2307,1971918592,1971918592
2308,1971918592,1971918592
2309,1971918592,1971918592
2310,1971918592,1971918592
2311,1971918592,1971918592
2312,1971918592,1971918592
2313,1987961561,1987961561
2314,1991856420,1991856420
2315,1991856420,1991856420
2316,1991856420,1991856420
2317,1991856420,1991856420
2318,1991856420,1991856420
2319,1991856420,1991856420
2320,1991856420,1991856420
2321,2008010581,2008010581
2322,2024178668,2024178668
2323,2040360687,2040360687
2324,2056556644,2056556644
2325,2066120844,2066120844
2326,2066120844,2066120844
2327,2066120844,2066120844
2328,2066120844,2066120844
2329,2066120844,2066120844
2330,2066120844,2066120844
2331,2066120844,2066120844
2332,2066120844,2066120844
2333,2066120844,2066120844
2334,2066120844,2066120844
2335,2066120844,2066120844
2336,2066120844,2066120844
2337,2066120844,2066120844
2338,2066120844,2066120844
2339,2066120844,2066120844
2340,2066120844,2066120844
2341,2066120844,2066120844
2342,2066120844,2066120844
2343,2066120844,2066120844
2344,2066120844,2066120844
2345,2066120844,2066120844
2346,2066120844,2066120844
2347,2066120844,2066120844
2348,2066120844,2066120844
2349,2066120844,2066120844
2350,2066120844,2066120844
2351,2066120844,2066120844
2352,2066120844,2066120844
2353,2082723613,2082723613
2354,2088718044,2088718044
2355,2088718044,2088718044
2356,2088718044,2088718044
2357,2105377321,2105377321
2358,2122050740,2122050740
2359,2123009946,2123009946
2360,2123009946,2123009946
2361,2123009946,2123009946
2362,2123009946,2123009946
2363,2123009946,2123009946
2364,2123009946,2123009946
2365,2123009946,2123009946
2366,2123009946,2123009946
2367,2123009946,2123009946
2368,2123009946,2123009946
2369,2123009946,2123009946
2370,2123009946,2123009946
2371,2123009946,2123009946
2372,2123009946,2123009946
2373,2123009946,2123009946
2374,2123009946,2123009946
2375,2123009946,2123009946
2376,2123009946,2123009946
2377,2139953203,2139953203
2378,2156910722,2156910722
2379,2161508174,2161508174
2380,2161508174,2161508174
2381,2161508174,2161508174
2382,2161508174,2161508174
2383,2161508174,2161508174
2384,2161508174,2161508174
2385,2161508174,2161508174
2386,2161508174,2161508174
2387,2161508174,2161508174
2388,2161508174,2161508174
2389,2161508174,2161508174
2390,2161508174,2161508174
2391,2161508174,2161508174
2392,2161508174,2161508174
2393,2178680343,2178680343
2394,2180929960,2180929960
2395,2180929960,2180929960
2396,2180929960,2180929960
2397,2180929960,2180929960
2398,2180929960,2180929960
2399,2180929960,2180929960
2400,2180929960,2180929960
2401,2198217161,2198217161
2402,2215518768,2215518768
2403,2232834787,2232834787
2404,2250165224,2250165224
2405,2267510085,2267510085
2406,2272002698,2271842664
2407,2272002698,2271842664
2408,2272002698,2271842664
2409,2272002698,2271842664
2410,2272002698,2271842664
2411,2272002698,2271842664
2412,2272002698,2271842664
2413,2272002698,2271842664
2414,2272002698,2271842664
2415,2272002698,2271842664
2416,2272002698,2271842664
2417,2272002698,2271842664
2418,2272002698,2271842664
2419,2272002698,2271842664
2420,2272002698,2271842664
2421,2272002698,2271842664
2422,2272002698,2271842664
2423,2272002698,2271842664
2424,2272002698,2271842664
2425,2272002698,2271842664
2426,2272002698,2271842664
2427,2272002698,2271842664
2428,2272002698,2271842664
2429,2272002698,2271842664
2430,2272002698,2271842664
2431,2272002698,2271842664
2432,2272002698,2271842664
2433,2283783984,2283783984
2434,2283783984,2283783984
2435,2283783984,2283783984
2436,2283783984,2283783984
2437,2301593581,2288813615
2438,2310636496,2288813615
2439,2310636496,2288813615
2440,2310636496,2288813615
2441,2310636496,2288813615
2442,2310636496,2288813615
2443,2310636496,2288813615
2444,2310636496,2288813615
2445,2310636496,2288813615
2446,2310636496,2288813615
2447,2310636496,2288813615
2448,2310636496,2288813615
2449,2328621953,2288813615
2450,2342123903,2288813615
2451,2354812263,2288813615
2452,2354812263,2288813615
2453,2354812263,2288813615
2454,2354812263,2288813615
2455,2354812263,2288813615
2456,2354812263,2288813615
2457,2354812263,2288813615
2458,2354812263,2288813615
2459,2354812263,2288813615
2460,2354812263,2288813615
2461,2354812263,2288813615
2462,2354812263,2288813615
2463,2354812263,2288813615
2464,2354812263,2288813615
2465,2373033544,2288813615
2466,2391269615,2288813615
2467,2406435068,2288813615
2468,2406435068,2288813615
2469,2406435068,2288813615
2470,2406435068,2288813615
2471,2406435068,2288813615
2472,2406435068,2288813615
2473,2406435068,2288813615
2474,2406435068,2288813615
2475,2406435068,2288813615
2476,2406435068,2288813615
2477,2406435068,2288813615
2478,2406435068,2288813615
2479,2406435068,2288813615
2480,2406435068,2288813615
2481,2406435068,2288813615
2482,2406435068,2288813615
2483,2406435068,2288813615
2484,2406435068,2288813615
2485,2424953289,2288813615
2486,2437766639,2288813615
2487,2437766639,2288813615
2488,2437766639,2288813615
2489,2437766639,2288813615
2490,2437766639,2288813615
2491,2437766639,2288813615
2492,2437766639,2288813615
2493,2437766639,2288813615
2494,2437766639,2288813615
2495,2437766639,2288813615
2496,2437766639,2288813615
2497,2448270400,2288813615
2498,2448270400,2288813615
2499,2448270400,2288813615
2500,2448270400,2288813615
2501,2467027901,2288813615
2502,2485800408,2288813615
2503,2499090944,2288813615
2504,2499090944,2288813615
2505,2499090944,2288813615
2506,2499090944,2288813615
2507,2499090944,2288813615
2508,2499090944,2288813615
2509,2516210100,2288813615
2510,2516210100,2288813615
2511,2516210100,2288813615
2512,2516210100,2288813615
2513,2516210100,2288813615
2514,2516210100,2288813615
2515,2516210100,2288813615
2516,2516210100,2288813615
2517,2516210100,2288813615
2518,2516210100,2288813615
2519,2516210100,2288813615
2520,2516210100,2288813615
2521,2535268861,2288813615
2522,2551240027,2288813615
2523,2570329046,2288813615
2524,2584659056,2288813615
2525,2602888668,2288813615
2526,2602888668,2288813615
2527,2602888668,2288813615
2528,2602888668,2288813615
2529,2602888668,2288813615
2530,2602888668,2288813615
2531,2602888668,2288813615
2532,2602888668,2288813615
2533,2602888668,2288813615
2534,2602888668,2288813615
2535,2602888668,2288813615
2536,2602888668,2288813615
2537,2602888668,2288813615
2538,2602888668,2288813615
2539,2602888668,2288813615
2540,2602888668,2288813615
2541,2602888668,2288813615
2542,2602888668,2288813615
2543,2602888668,2288813615
2544,2602888668,2288813615
2545,2602888668,2288813615
2546,2602888668,2288813615
2547,2602888668,2288813615
2548,2602888668,2288813615
2549,2602888668,2288813615
2550,2602888668,2288813615
2551,2602888668,2288813615
2552,2602888668,2288813615
2553,2622114915,2288813615
2554,2622114915,2288813615
2555,2622114915,2288813615
2556,2622114915,2288813615
2557,2622114915,2288813615
2558,2622114915,2288813615
2559,2622114915,2288813615
2560,2622114915,2288813615
2561,2641783396,2288813615
2562,2656548202,2288813615
2563,2669183354,2288813615
2564,2669183354,2288813615
2565,2669183354,2288813615
2566,2669183354,2288813615
2567,2669183354,2288813615
2568,2669183354,2288813615
2569,2669183354,2288813615
2570,2669183354,2288813615
2571,2669183354,2288813615
2572,2669183354,2288813615
2573,2669183354,2288813615
2574,2669183354,2288813615
2575,2669183354,2288813615
2576,2669183354,2288813615
2577,2686010656,2288813615
2578,2686010656,2288813615
2579,2686010656,2288813615
2580,2686010656,2288813615
2581,2686010656,2288813615
2582,2686010656,2288813615
2583,2686010656,2288813615
2584,2686010656,2288813615
2585,2706049577,2288813615
2586,2707536223,2288813615
2587,2707536223,2288813615
2588,2707536223,2288813615
2589,2707536223,2288813615
2590,2707536223,2288813615
2591,2707536223,2288813615
2592,2707536223,2288813615
2593,2727699392,2288813615
2594,2736590360,2288813615
2595,2736590360,2288813615
2596,2736590360,2288813615
2597,2736590360,2288813615
2598,2736590360,2288813615
2599,2736590360,2288813615
2600,2736590360,2288813615
2601,2756878161,2288813615
2602,2763883224,2288813615
2603,2763883224,2288813615
2604,2763883224,2288813615
2605,2784233485,2288813615
2606,2804599376,2288813615
2607,2824980903,2288813615
2608,2845378072,2288813615
2609,2865790889,2288813615
2610,2867790825,2288813615
2611,2867790825,2288813615
2612,2867790825,2288813615
2613,2867790825,2288813615
2614,2867790825,2288813615
2615,2867790825,2288813615
2616,2867790825,2288813615
2617,2867790825,2288813615
2618,2867790825,2288813615
2619,2867790825,2288813615
2620,2867790825,2288813615
2621,2867790825,2288813615
2622,2867790825,2288813615
2623,2867790825,2288813615
2624,2867790825,2288813615
2625,2867790825,2288813615
2626,2867790825,2288813615
2627,2867790825,2288813615
2628,2867790825,2288813615
2629,2867790825,2288813615
2630,2867790825,2288813615
2631,2867790825,2288813615
2632,2867790825,2288813615
2633,2867790825,2288813615
2634,2867790825,2288813615
2635,2867790825,2288813615
2636,2867790825,2288813615
2637,2867790825,2288813615
2638,2867790825,2288813615
2639,2867790825,2288813615
2640,2867790825,2288813615
2641,2888707546,2288813615
2642,2906305297,2288813615
2643,2927253716,2288813615
2644,2942978906,2288813615
2645,2950378344,2288813615
2646,2950378344,2288813615
2647,2950378344,2288813615
2648,2950378344,2288813615
2649,2950378344,2288813615
2650,2950378344,2288813615
2651,2950378344,2288813615
2652,2950378344,2288813615
2653,2950378344,2288813615
2654,2950378344,2288813615
2655,2950378344,2288813615
2656,2950378344,2288813615
2657,2950378344,2288813615
2658,2950378344,2288813615
2659,2950378344,2288813615
2660,2950378344,2288813615
2661,2950378344,2288813615
2662,2950378344,2288813615
2663,2950378344,2310080334
2664,2950378344,2331363031
2665,2950378344,2352661712
2666,2950378344,2373976383
2667,2950378344,2395307050
2668,2950378344,2416653719
2669,2971741021,2438016396
2670,2993119712,2459395087
2671,3006413508,2480789798
2672,3006413508,2502200535
2673,3006413508,2523627304
2674,3006413508,2545070111
2675,3006413508,2566528962
2676,3006413508,2588003863
2677,3006413508,2609494820
2678,3006413508,2631001839
2679,3006413508,2652524926
2680,3006413508,2674064087
2681,3006413508,2695619328
2682,3006413508,2717190655
2683,3006413508,2738778074
2684,3006413508,2760381591
2685,3006413508,2782001212
2686,3006413508,2803636943
2687,3006413508,2825288790
2688,3006413508,2846956759
2689,3028097605,2868640856
2690,3044374795,2890341087
2691,3046681520,2912057458
2692,3046681520,2933789975
2693,3046681520,2955538644
2694,3046681520,2977303471
2695,3046681520,2999084462
2696,3046681520,3020881623
2697,3046681520,3042694960
2698,3046681520,3046681520
2699,3046681520,3046681520
2700,3046681520,3046681520
2701,3058864249,3058864249
2702,3058864249,3058864249
2703,3058864249,3058864249
2704,3058864249,3058864249
2705,3080807210,3080807210
2706,3099920880,3099920880
2707,3099920880,3099920880
2708,3099920880,3099920880
2709,3099920880,3099920880
2710,3099920880,3099920880
2711,3099920880,3099920880
2712,3099920880,3099920880
2713,3099920880,3099920880
2714,3099920880,3099920880
2715,3099920880,3099920880
2716,3099920880,3099920880
2717,3099920880,3099920880
2718,3099920880,3099920880
2719,3099920880,3099920880
2720,3099920880,3099920880
2721,3122124241,3122124241
2722,3138791047,3138791047
2723,3147388678,3147388678
2724,3147388678,3147388678
2725,3147388678,3147388678
2726,3147388678,3147388678
2727,3147388678,3147388678
2728,3147388678,3147388678
2729,3147388678,3147388678
2730,3147388678,3147388678
2731,3147388678,3147388678
2732,3147388678,3147388678
2733,3147388678,3147388678
2734,3147388678,3147388678
2735,3147388678,3147388678
2736,3147388678,3147388678
2737,3169853975,3169853975
2738,3186717317,3186717317
2739,3209215464,3208179009
2740,3226103454,3208179009
2741,3248634475,3208179009
2742,3250645350,3208179009
2743,3250645350,3208179009
2744,3250645350,3208179009
2745,3250645350,3230775850
2746,3250645350,3236239494
2747,3250645350,3236239494
2748,3250645350,3236239494
2749,3250645350,3236239494
2750,3250645350,3236239494
2751,3250645350,3236239494
2752,3250645350,3236239494
2753,3250645350,3236239494
2754,3250645350,3236239494
2755,3250645350,3236239494
2756,3250645350,3236239494
2757,3250645350,3236239494
2758,3250645350,3236239494
2759,3250645350,3236239494
2760,3250645350,3236239494
2761,3273506431,3236239494
2762,3292816247,3236239494
2763,3306906624,3236239494
2764,3306906624,3236239494
2765,3306906624,3236239494
2766,3306906624,3236239494
2767,3306906624,3236239494
2768,3306906624,3236239494
2769,3306906624,3236239494
2770,3306906624,3236239494
2771,3306906624,3236239494
2772,3306906624,3236239494
2773,3327460884,3236239494
2774,3327460884,3236239494
2775,3327460884,3236239494
2776,3327460884,3236239494
2777,3327460884,3236239494
2778,3327460884,3236239494
2779,3327460884,3236239494
2780,3327460884,3236239494
2781,3327460884,3236239494
2782,3327460884,3236239494
2783,3327460884,3236239494
2784,3327460884,3236239494
2785,3350721205,3236239494
2786,3373998236,3236239494
2787,3379335560,3236239494
2788,3379335560,3236239494
2789,3379335560,3236239494
2790,3379335560,3236239494
2791,3379335560,3236239494
2792,3379335560,3236239494
2793,3379335560,3236239494
2794,3379335560,3236239494
2795,3379335560,3236239494
2796,3379335560,3236239494
2797,3379335560,3236239494
2798,3379335560,3236239494
2799,3379335560,3236239494
2800,3379335560,3236239494
2801,3402863961,3236239494
2802,3405473218,3236239494
2803,3405473218,3236239494
2804,3405473218,3236239494
2805,3405473218,3236239494
2806,3405473218,3236239494
2807,3405473218,3236239494
2808,3405473218,3236239494
2809,3426488541,3236239494
2810,3426488541,3236239494
2811,3426488541,3236239494
2812,3426488541,3236239494
2813,3426488541,3236239494
2814,3426488541,3236239494
2815,3426488541,3236239494
2816,3426488541,3236239494
2817,3450286558,3236239494
2818,3468149860,3236239494
2819,3491981687,3236239494
2820,3509870357,3236239494
2821,3533736018,3236239494
2822,3551650074,3236239494
2823,3554246976,3236239494
2824,3554246976,3236239494
2825,3554246976,3236239494
2826,3554246976,3236239494
2827,3554246976,3236239494
2828,3554246976,3236239494
2829,3554246976,3236239494
2830,3554246976,3236239494
2831,3554246976,3236239494
2832,3554246976,3236239494
2833,3554246976,3236239494
2834,3554246976,3236239494
2835,3554246976,3236239494
2836,3554246976,3236239494
2837,3554246976,3236239494
2838,3554246976,3236239494
2839,3554246976,3236239494
2840,3554246976,3236239494
2841,3554246976,3236239494
2842,3554246976,3236239494
2843,3554246976,3236239494
2844,3554246976,3236239494
2845,3554246976,3236239494
2846,3554246976,3236239494
2847,3554246976,3236239494
2848,3554246976,3236239494
2849,3554246976,3236239494
2850,3554246976,3236239494
2851,3554246976,3236239494
2852,3554246976,3236239494
2853,3554246976,3236239494
2854,3554246976,3236239494
2855,3554246976,3236239494
2856,3554246976,3236239494
2857,3578725753,3236239494
2858,3597099835,3236239494
2859,3621612902,3236239494
2860,3632396565,3236239494
2861,3632396565,3236239494
2862,3632396565,3236239494
2863,3632396565,3236239494
2864,3632396565,3236239494
2865,3632396565,3236239494
2866,3632396565,3236239494
2867,3632396565,3236239494
2868,3632396565,3236239494
2869,3632396565,3236239494
2870,3632396565,3236239494
2871,3632396565,3236239494
2872,3632396565,3236239494
2873,3632396565,3236239494
2874,3632396565,3236239494
2875,3632396565,3236239494
2876,3632396565,3236239494
2877,3632396565,3236239494
2878,3632396565,3236239494
2879,3632396565,3236239494
2880,3632396565,3236239494
2881,3657288406,3236239494
2882,3658697308,3236239494
2883,3658697308,3236239494
2884,3658697308,3236239494
2885,3658697308,3236239494
2886,3658697308,3236239494
2887,3658697308,3236239494
2888,3658697308,3236239494
2889,3683727605,3236239494
2890,3702515495,3236239494
2891,3727580466,3236239494
2892,3735344160,3236239494
2893,3735344160,3236239494
2894,3735344160,3236239494
2895,3735344160,3236239494
2896,3735344160,3236239494
2897,3735344160,3236239494
2898,3735344160,3236239494
2899,3735344160,3236239494
2900,3735344160,3236239494
2901,3760582861,3236239494
2902,3768968448,3236239494
2903,3768968448,3236239494
2904,3768968448,3236239494
2905,3777302179,3236239494
2906,3777302179,3236239494
2907,3777302179,3236239494
2908,3777302179,3236239494
2909,3777302179,3236239494
2910,3777302179,3236239494
2911,3777302179,3236239494
2912,3777302179,3236239494
2913,3791357476,3236239494
2914,3791357476,3236239494
2915,3791357476,3236239494
2916,3791357476,3236239494
2917,3816875393,3261757411
2918,3842410812,3287292830
2919,3867963739,3312845757
2920,3883930078,3338416198
2921,3883930078,3364004159
2922,3883930078,3389609646
2923,3883930078,3415232665
2924,3883930078,3440873222
2925,3883930078,3466531323
2926,3883930078,3492206974
2927,3883930078,3517900181
2928,3883930078,3543610950
2929,3883930078,3569339287
2930,3883930078,3595085198
2931,3883930078,3620848689
2932,3883930078,3646629766
2933,3883930078,3672428435
2934,3883930078,3698244702
2935,3883930078,3724078573
2936,3883930078,3749930054
2937,3883930078,3775799151
2938,3883930078,3801685870
2939,3883930078,3827590217
2940,3883930078,3853512198
2941,3883930078,3879451819
2942,3883930078,3883656504
2943,3883930078,3883656504
2944,3883930078,3883656504
2945,3909940319,3909666745
2946,3929463461,3929189887
2947,3955509048,3955235474
2948,3975058710,3974785136
2949,4001139667,4000866093
2950,4009570140,4009570140
2951,4009570140,4009570140
2952,4009570140,4009570140
2953,4009570140,4009570140
2954,4009570140,4009570140
2955,4009570140,4009570140
2956,4009570140,4009570140
2957,4009570140,4009570140
2958,4009570140,4009570140
2959,4009570140,4009570140
2960,4009570140,4009570140
2961,4026962874,4026962874
2962,4026962874,4026962874
2963,4026962874,4026962874
2964,4026962874,4026962874
2965,4026962874,4026962874
2966,4026962874,4026962874
2967,4026962874,4026962874
2968,4026962874,4026962874
2969,4026962874,4026962874
2970,4026962874,4026962874
2971,4026962874,4026962874
2972,4026962874,4026962874
2973,4026962874,4026962874
2974,4026962874,4026962874
2975,4026962874,4026962874
2976,4026962874,4026962874
2977,4050868752,4050868752
2978,4050868752,4050868752
2979,4050868752,4050868752
2980,4050868752,4050868752
2981,4050868752,4050868752
2982,4050868752,4050868752
2983,4050868752,4050868752
2984,4050868752,4050868752
2985,4050868752,4050868752
2986,4050868752,4050868752
2987,4050868752,4050868752
2988,4050868752,4050868752
2989,4050868752,4050868752
2990,4050868752,4050868752
2991,4050868752,4050868752
2992,4050868752,4050868752
2993,4077733921,4077733921
2994,4097898511,4097898511
2995,4115499000,4115499000
2996,4115499000,4115499000
2997,4115499000,4115499000
2998,4115499000,4115499000
2999,4115499000,4115499000
3000,4115499000,4115499000
3001,4142508001,4142508001
3002,4164762588,4164762588
3003,4164762588,4164762588
3004,4164762588,4164762588
3005,4164762588,4164762588
3006,4164762588,4164762588
3007,4164762588,4164762588
3008,4164762588,4164762588
3009,4164762588,4164762588
3010,4164762588,4164762588
3011,4164762588,4164762588
3012,4164762588,4164762588
3013,4164762588,4164762588
3014,4164762588,4164762588
3015,4164762588,4164762588
3016,4164762588,4164762588
3017,4164762588,4164762588
3018,4164762588,4164762588
3019,4164762588,4164762588
3020,4164762588,4164762588
3021,4164762588,4164762588
3022,4164762588,4164762588
3023,4164762588,4164762588
3024,4164762588,4164762588
3025,4192205389,4192205389
3026,4212803371,4212803371
3027,4222497090,4222497090
3028,4222497090,4222497090
3029,4222497090,4222497090
3030,4222497090,4222497090
3031,4222497090,4222497090
3032,4222497090,4222497090
3033,4222497090,4222497090
3034,4222497090,4222497090
3035,4222497090,4222497090
3036,4222497090,4222497090
3037,4222497090,4222497090
3038,4222497090,4222497090
3039,4222497090,4222497090
3040,4222497090,4222497090
3041,4250231011,4250231011
3042,4271047417,4271047417
3043,4298817836,4298817836
3044,4319661626,4319661626
3045,4347468567,4347468567
3046,4368339759,4368339759
3047,4380328183,4380019644
3048,4380328183,4380019644
3049,4380328183,4380019644
3050,4380328183,4380019644
3051,4380328183,4380019644
3052,4380328183,4380019644
3053,4380328183,4380019644
3054,4380328183,4380019644
3055,4380328183,4380019644
3056,4380328183,4380019644
3057,4380328183,4380019644
3058,4380328183,4380019644
3059,4380328183,4380019644
3060,4380328183,4380019644
3061,4380328183,4380019644
3062,4380328183,4380019644
3063,4380328183,4380019644
3064,4380328183,4380019644
3065,4380328183,4380019644
3066,4380328183,4380019644
3067,4380328183,4380019644
3068,4380328183,4380019644
3069,4380328183,4380019644
3070,4380328183,4380019644
3071,4380328183,4380019644
3072,4380328183,4380019644
3073,4408648952,4408340413
3074,4429905662,4429597123
3075,4458263313,4457954774
3076,4463996130,4463996130
3077,4463996130,4463996130
3078,4463996130,4463996130
3079,4463996130,4463996130
3080,4463996130,4463996130
3081,4492464571,4492464571
3082,4520591760,4520591760
3083,4520591760,4520591760
3084,4520591760,4520591760
3085,4520591760,4520591760
3086,4520591760,4520591760
3087,4520591760,4520591760
3088,4520591760,4520591760
3089,4520591760,4520591760
3090,4520591760,4520591760
3091,4520591760,4520591760
3092,4520591760,4520591760
3093,4520591760,4520591760
3094,4520591760,4520591760
3095,4520591760,4520591760
3096,4520591760,4520591760
3097,4520591760,4520591760
3098,4520591760,4520591760
3099,4520591760,4520591760
3100,4520591760,4520591760
3101,4549431061,4534212456
3102,4578288968,4534212456
3103,4591666016,4534212456
3104,4591666016,4534212456
3105,4591666016,4534212456
3106,4591666016,4534212456
3107,4591666016,4534212456
3108,4591666016,4534212456
3109,4591666016,4534212456
3110,4591666016,4534212456
3111,4591666016,4534212456
3112,4591666016,4534212456
3113,4591666016,4534212456
3114,4591666016,4534212456
3115,4591666016,4534212456
3116,4591666016,4534212456
3117,4591666016,4534212456
3118,4591666016,4534212456
3119,4591666016,4534212456
3120,4591666016,4534212456
3121,4591666016,4534212456
3122,4591666016,4534212456
3123,4591666016,4534212456
3124,4591666016,4534212456
3125,4591666016,4534212456
3126,4591666016,4534212456
3127,4591666016,4534212456
3128,4591666016,4534212456
3129,4621028553,4534212456
3130,4643066883,4534212456
3131,4648344408,4534212456
3132,4648344408,4534212456
3133,4654243632,4534212456
3134,4654243632,4534212456
3135,4654243632,4534212456
3136,4654243632,4534212456
3137,4683756529,4534212456
3138,4713288248,4534212456
3139,4742838795,4534212456
3140,4742867040,4534212456
3141,4746689451,4534212456
3142,4746689451,4534212456
3143,4746689451,4534212456
3144,4746689451,4534212456
3145,4746689451,4534212456
3146,4746689451,4534212456
3147,4746689451,4534212456
3148,4746689451,4534212456
3149,4746689451,4534212456
3150,4746689451,4534212456
3151,4746689451,4534212456
3152,4746689451,4534212456
3153,4746689451,4534212456
3154,4746689451,4534212456
3155,4746689451,4534212456
3156,4746689451,4534212456
3157,4746689451,4534212456
3158,4746689451,4534212456
3159,4746689451,4534212456
3160,4746689451,4534212456
3161,4746689451,4534212456
3162,4746689451,4534212456
3163,4746689451,4534212456
3164,4746689451,4534212456
3165,4746689451,4534212456
3166,4746689451,4534212456
3167,4746689451,4534212456
3168,4746689451,4534212456
3169,4776807628,4534212456
3170,4799412898,4534212456
3171,4829569109,4534212456
3172,4841348568,4534212456
3173,4841348568,4534212456
3174,4841348568,4534212456
3175,4841348568,4534212456
3176,4841348568,4534212456
3177,4841348568,4534212456
3178,4841348568,4534212456
3179,4841348568,4534212456
3180,4841348568,4534212456
3181,4841348568,4534212456
3182,4841348568,4534212456
3183,4841348568,4534212456
3184,4841348568,4534212456
3185,4841348568,4534212456
3186,4841348568,4534212456
3187,4841348568,4534212456
3188,4841348568,4534212456
3189,4841348568,4534212456
3190,4841348568,4534212456
3191,4841348568,4534212456
3192,4841348568,4534212456
3193,4871924737,4534212456
3194,4873177575,4534212456
3195,4873177575,4534212456
3196,4873177575,4534212456
3197,4873177575,4534212456
3198,4873177575,4534212456
3199,4873177575,4534212456
3200,4873177575,4534212456
3201,4903907176,4534212456
3202,4926971182,4534212456
3203,4957739201,4534212456
3204,4980832031,4534212456
3205,5011638492,4534212456
3206,5034760164,4534212456
3207,5052958134,4534212456
3208,5052958134,4534212456
3209,5052958134,4534212456
3210,5052958134,4534212456
3211,5052958134,4534212456
3212,5052958134,4534212456
3213,5052958134,4534212456
3214,5052958134,4534212456
3215,5052958134,4534212456
3216,5052958134,4534212456
3217,5052958134,4534212456
3218,5052958134,4534212456
3219,5052958134,4534212456
3220,5052958134,4534212456
3221,5052958134,4534212456
3222,5052958134,4534212456
3223,5052958134,4534212456
3224,5052958134,4534212456
3225,5084150335,4534212456
3226,5115361886,4534212456
3227,5121417450,4534212456
3228,5121417450,4534212456
3229,5121417450,4534212456
3230,5121417450,4534212456
3231,5121417450,4534212456
3232,5121417450,4534212456
3233,5121417450,4534212456
3234,5121417450,4534212456
3235,5121417450,4534212456
3236,5121417450,4534212456
3237,5121417450,4534212456
3238,5121417450,4534212456
3239,5121417450,4534212456
3240,5121417450,4534212456
3241,5152919971,4534212456
3242,5155877124,4534212456
3243,5155877124,4534212456
3244,5155877124,4534212456
3245,5155877124,4534212456
3246,5155877124,4534212456
3247,5155877124,4534212456
3248,5155877124,4534212456
3249,5178518576,4534212456
3250,5178518576,4534212456
3251,5178518576,4534212456
3252,5178518576,4534212456
3253,5178518576,4534212456
3254,5178518576,4534212456
3255,5178518576,4534212456
3256,5178518576,4534212456
3257,5178518576,4534212456
3258,5178518576,4534212456
3259,5178518576,4534212456
3260,5178518576,4534212456
3261,5178518576,4534212456
3262,5178518576,4534212456
3263,5178518576,4534212456
3264,5178518576,4534212456
3265,5210489457,4534212456
3266,5234484759,4534212456
3267,5266494826,4534212456
3268,5290519528,4534212456
3269,5322568805,4534212456
3270,5346622925,4534212456
3271,5352244344,4534212456
3272,5352244344,4534212456
3273,5352244344,4534212456
3274,5352244344,4534212456
3275,5352244344,4534212456
3276,5352244344,4534212456
3277,5380379858,4534212456
3278,5380379858,4534212456
3279,5380379858,4534212456
3280,5380379858,4534212456
3281,5380379858,4534212456
3282,5380379858,4534212456
3283,5380379858,4534212456
3284,5380379858,4534212456
3285,5380379858,4534212456
3286,5380379858,4534212456
3287,5380379858,4534212456
3288,5380379858,4534212456
3289,5380379858,4534212456
3290,5380379858,4534212456
3291,5380379858,4534212456
3292,5380379858,4534212456
3293,5380379858,4534212456
3294,5380379858,4534212456
3295,5380379858,4534212456
3296,5380379858,4534212456
3297,5380379858,4534212456
3298,5380379858,4534212456
3299,5380379858,4534212456
3300,5380379858,4534212456
3301,5380379858,4534212456
3302,5380379858,4534212456
3303,5380379858,4534212456
3304,5380379858,4534212456
3305,5380379858,4534212456
3306,5380379858,4534212456
3307,5380379858,4534212456
3308,5380379858,4534212456
3309,5380379858,4534212456
3310,5380379858,4534212456
3311,5380379858,4534212456
3312,5380379858,4534212456
3313,5413297827,4534212456
3314,5438003697,4534212456
3315,5470961428,4534212456
3316,5487083712,4534212456
3317,5487083712,4534212456
3318,5487083712,4534212456
3319,5487083712,4534212456
3320,5487083712,4534212456
3321,5487083712,4534212456
3322,5487083712,4534212456
3323,5487083712,4534212456
3324,5487083712,4534212456
3325,5487083712,4534212456
3326,5487083712,4534212456
3327,5487083712,4534212456
3328,5487083712,4534212456
3329,5517812286,4534212456
3330,5517812286,4534212456
3331,5517812286,4534212456
3332,5517812286,4534212456
3333,5517812286,4534212456
3334,5517812286,4534212456
3335,5517812286,4534212456
3336,5517812286,4534212456
3337,5517812286,4534212456
3338,5517812286,4534212456
3339,5517812286,4534212456
3340,5517812286,4534212456
3341,5517812286,4534212456
3342,5517812286,4534212456
3343,5517812286,4534212456
3344,5517812286,4534212456
3345,5551369327,4534212456
3346,5576554669,4534212456
3347,5587393140,4534212456
3348,5587393140,4534212456
3349,5587393140,4534212456
3350,5587393140,4534212456
3351,5587393140,4534212456
3352,5587393140,4534212456
3353,5587393140,4534212456
3354,5587393140,4534212456
3355,5587393140,4534212456
3356,5587393140,4534212456
3357,5587393140,4534212456
3358,5587393140,4534212456
3359,5587393140,4534212456
3360,5587393140,4534212456
3361,5621272021,4534212456
3362,5646698827,4534212456
3363,5680618046,4534212456
3364,5699042064,4534212456
3365,5733001645,4534212456
3366,5765522049,4534212456
3367,5799522016,4534212456
3368,5813306240,4534212456
3369,5813306240,4534212456
3370,5813306240,4534212456
3371,5813306240,4534212456
3372,5813306240,4534212456
3373,5813306240,4534212456
3374,5813306240,4534212456
3375,5813306240,4534212456
3376,5813306240,4534212456
3377,5813306240,4534212456
3378,5813306240,4534212456
3379,5813306240,4534212456
3380,5813306240,4534212456
3381,5813306240,4534212456
3382,5813306240,4534212456
3383,5813306240,4534212456
3384,5813306240,4534212456
3385,5813306240,4534212456
3386,5813306240,4534212456
3387,5813306240,4534212456
3388,5813306240,4534212456
3389,5813306240,4534212456
3390,5813306240,4534212456
3391,5813306240,4534212456
3392,5813306240,4534212456
3393,5813306240,4534212456
3394,5813306240,4534212456
3395,5813306240,4534212456
3396,5813306240,4534212456
3397,5813306240,4534212456
3398,5813306240,4534212456
3399,5813306240,4534212456
3400,5813306240,4534212456
3401,5847996441,4534212456
3402,5874031947,4534212456
3403,5908762966,4534212456
3404,5934829096,4534212456
3405,5969600957,4534212456
3406,5995697729,4534212456
3407,6030510456,4534212456
3408,6045718784,4534212456
3409,6045718784,4534212456
3410,6045718784,4534212456
3411,6045718784,4534212456
3412,6045718784,4534212456
3413,6045718784,4534212456
3414,6045718784,4534212456
3415,6045718784,4534212456
3416,6045718784,4534212456
3417,6045718784,4534212456
3418,6045718784,4534212456
3419,6045718784,4534212456
3420,6045718784,4534212456
3421,6045718784,4534212456
3422,6045718784,4534212456
3423,6045718784,4534212456
3424,6045718784,4534212456
3425,6045718784,4534212456
3426,6045718784,4534212456
3427,6045718784,4534212456
3428,6045718784,4534212456
3429,6045718784,4534212456
3430,6045718784,4534212456
3431,6045718784,4534212456
3432,6045718784,4534212456
3433,6068036513,4534212456
3434,6068036513,4534212456
3435,6068036513,4534212456
3436,6068036513,4534212456
3437,6068036513,4534212456
3438,6068036513,4534212456
3439,6068036513,4534212456
3440,6068036513,4534212456
3441,6068036513,4534212456
3442,6068036513,4534212456
3443,6068036513,4534212456
3444,6068036513,4534212456
3445,6068036513,4534212456
3446,6068036513,4534212456
3447,6068036513,4534212456
3448,6068036513,4534212456
3449,6068036513,4534212456
3450,6068036513,4534212456
3451,6068036513,4534212456
3452,6068036513,4534212456
3453,6068036513,4534212456
3454,6068036513,4534212456
3455,6068036513,4534212456
3456,6068036513,4534212456
3457,6103878690,4570054633
3458,6130778472,4605917552
3459,6166662139,4641801219
3460,6193593049,4677705640
3461,6229518230,4713630821
3462,6239750514,4749576768
3463,6239750514,4785543487
3464,6239750514,4821530984
3465,6239750514,4857539265
3466,6239750514,4893568336
3467,6239750514,4929618203
3468,6239750514,4965688872
3469,6239750514,5001780349
3470,6239750514,5037892640
3471,6239750514,5074025751
3472,6239750514,5110179688
3473,6254448788,5146354457
3474,6254448788,5182550064
3475,6254448788,5218766515
3476,6254448788,5255003816
3477,6254448788,5291261973
3478,6254448788,5327540992
3479,6254448788,5363840879
3480,6254448788,5400161640
3481,6254448788,5436503281
3482,6254448788,5472865808
3483,6254448788,5509249227
3484,6254448788,5545653544
3485,6254448788,5582078765
3486,6254448788,5618524896
3487,6254448788,5654991943
3488,6254448788,5691479912
3489,6254448788,5727988809
3490,6254448788,5764518640
3491,6254448788,5801069411
3492,6254448788,5837641128
3493,6254448788,5874233797
3494,6254448788,5910847424
3495,6254448788,5947482015
3496,6254448788,5984137576
3497,6291125325,6020814113
3498,6318651087,6057511632
3499,6355369594,6094230139
3500,6368098905,6130969640
3501,6368098905,6167730141
3502,6368098905,6204511648
3503,6368098905,6241314167
3504,6368098905,6278137704
3505,6368098905,6314982265
3506,6368098905,6351847856
3507,6368098905,6368098905
3508,6368098905,6368098905
3509,6368098905,6368098905
3510,6368098905,6368098905
3511,6368098905,6368098905
3512,6368098905,6368098905
3513,6368098905,6368098905
3514,6368098905,6368098905
3515,6368098905,6368098905
3516,6368098905,6368098905
3517,6368098905,6368098905
3518,6368098905,6368098905
3519,6368098905,6368098905
3520,6368098905,6368098905
3521,6405280666,6405280666
3522,6406284528,6406284528
3523,6406284528,6406284528
3524,6406284528,6406284528
3525,6406284528,6406284528
3526,6406284528,6406284528
3527,6406284528,6406284528
3528,6406284528,6406284528
3529,6443635465,6443635465
3530,6471667195,6471667195
3531,6486948864,6486948864
3532,6486948864,6486948864
3533,6486948864,6486948864
3534,6486948864,6486948864
3535,6486948864,6486948864
3536,6486948864,6486948864
3537,6524469361,6524469361
3538,6562011080,6562011080
3539,6599574027,6599574027
3540,6599605872,6599605872
3541,6637211293,6637211293
3542,6674837960,6674837960
3543,6698117228,6698117228
3544,6698117228,6698117228
3545,6698117228,6698117228
3546,6698117228,6698117228
3547,6698117228,6698117228
3548,6698117228,6698117228
3549,6698117228,6698117228
3550,6698117228,6698117228
3551,6698117228,6698117228
3552,6698117228,6698117228
3553,6710297232,6709824576
3554,6710297232,6709824576
3555,6710297232,6709824576
3556,6710297232,6709824576
3557,6710297232,6709824576
3558,6710297232,6709824576
3559,6710297232,6709824576
3560,6710297232,6709824576
3561,6710297232,6709824576
3562,6710297232,6709824576
3563,6710297232,6709824576
3564,6710297232,6709824576
3565,6710297232,6709824576
3566,6710297232,6709824576
3567,6710297232,6709824576
3568,6710297232,6709824576
3569,6710297232,6709824576
3570,6710297232,6709824576
3571,6710297232,6709824576
3572,6710297232,6709824576
3573,6710297232,6709824576
3574,6710297232,6709824576
3575,6710297232,6709824576
3576,6710297232,6709824576
3577,6710297232,6709824576
3578,6710297232,6709824576
3579,6710297232,6709824576
3580,6710297232,6709824576
3581,6710297232,6709824576
3582,6710297232,6709824576
3583,6710297232,6709824576
3584,6710297232,6709824576
3585,6748843153,6748370497
3586,6785860800,6785860800
3587,6785860800,6785860800
3588,6785860800,6785860800
3589,6785860800,6785860800
3590,6785860800,6785860800
3591,6785860800,6785860800
3592,6785860800,6785860800
3593,6785860800,6785860800
3594,6785860800,6785860800
3595,6785860800,6785860800
3596,6785860800,6785860800
3597,6785860800,6785860800
3598,6785860800,6785860800
3599,6785860800,6785860800
3600,6785860800,6785860800
3601,6824751601,6824751601
3602,6863664008,6863664008
3603,6902598027,6902598027
3604,6902630448,6902630448
3605,6941607709,6941607709
3606,6980606600,6980606600
3607,7019627127,7019627127
3608,7019659584,7019659584
3609,7053818618,7053818618
3610,7053818618,7053818618
3611,7053818618,7053818618
3612,7053818618,7053818618
3613,7053818618,7053818618
3614,7053818618,7053818618
3615,7053818618,7053818618
3616,7053818618,7053818618
3617,7053818618,7053818618
3618,7053818618,7053818618
3619,7053818618,7053818618
3620,7053818618,7053818618
3621,7053818618,7053818618
3622,7053818618,7053818618
3623,7053818618,7053818618
3624,7053818618,7053818618
3625,7053818618,7053818618
3626,7053818618,7053818618
3627,7053818618,7053818618
3628,7053818618,7053818618
3629,7053818618,7053818618
3630,7053818618,7053818618
3631,7053818618,7053818618
3632,7053818618,7053818618
3633,7053818618,7053818618
3634,7053818618,7053818618
3635,7053818618,7053818618
3636,7053818618,7053818618
3637,7053818618,7053818618
3638,7053818618,7053818618
3639,7053818618,7053818618
3640,7053818618,7053818618
3641,7053818618,7053818618
3642,7053818618,7053818618
3643,7053818618,7053818618
3644,7053818618,7053818618
3645,7053818618,7053818618
3646,7053818618,7053818618
3647,7053818618,7053818618
3648,7053818618,7053818618
3649,7093753275,7093753275
3650,7123723425,7123723425
3651,7163701876,7163701876
3652,7193704882,7193704882
3653,7218249990,7218249990
3654,7218249990,7218249990
3655,7218249990,7218249990
3656,7218249990,7218249990
3657,7218249990,7218249990
3658,7218249990,7218249990
3659,7218249990,7218249990
3660,7218249990,7218249990
3661,7218249990,7218249990
3662,7218249990,7218249990
3663,7218249990,7218249990
3664,7218249990,7218249990
3665,7218249990,7218249990
3666,7218249990,7218249990
3667,7218249990,7218249990
3668,7218249990,7218249990
3669,7218249990,7218249990
3670,7218249990,7218249990
3671,7218249990,7218249990
3672,7218249990,7218249990
3673,7218249990,7218249990
3674,7218249990,7218249990
3675,7218249990,7218249990
3676,7218249990,7218249990
3677,7218249990,7218249990
3678,7218249990,7218249990
3679,7218249990,7218249990
3680,7218249990,7218249990
3681,7258888231,7258888231
3682,7289386237,7289386237
3683,7301410956,7301410956
3684,7301410956,7301410956
3685,7301410956,7301410956
3686,7301410956,7301410956
3687,7301410956,7301410956
3688,7301410956,7301410956
3689,7301410956,7301410956
3690,7301410956,7301410956
3691,7301410956,7301410956
3692,7301410956,7301410956
3693,7301410956,7301410956
3694,7301410956,7301410956
3695,7301410956,7301410956
3696,7301410956,7301410956
3697,7342403293,7342403293
3698,7373166955,7373166955
3699,7414203662,7375060000
3700,7445000612,7375060000
3701,7486081713,7375060000
3702,7502319468,7375060000
3703,7502319468,7375060000
3704,7502319468,7375060000
3705,7502319468,7375060000
3706,7502319468,7375060000
3707,7502319468,7375060000
3708,7502319468,7375060000
3709,7502319468,7375060000
3710,7502319468,7375060000
3711,7502319468,7375060000
3712,7502319468,7375060000
3713,7543667437,7375060000
3714,7574697907,7375060000
3715,7599034350,7375060000
3716,7599034350,7375060000
3717,7599034350,7375060000
3718,7599034350,7375060000
3719,7599034350,7375060000
3720,7599034350,7375060000
3721,7601216832,7375060000
3722,7601216832,7375060000
3723,7601216832,7375060000
3724,7601216832,7375060000
3725,7601216832,7375060000
3726,7601216832,7375060000
3727,7601216832,7375060000
3728,7601216832,7375060000
3729,7601216832,7375060000
3730,7601216832,7375060000
3731,7601216832,7375060000
3732,7601216832,7375060000
3733,7601216832,7375060000
3734,7601216832,7375060000
3735,7601216832,7375060000
3736,7601216832,7375060000
3737,7601216832,7375060000
3738,7601216832,7375060000
3739,7601216832,7375060000
3740,7601216832,7375060000
3741,7601216832,7375060000
3742,7601216832,7375060000
3743,7601216832,7375060000
3744,7601216832,7375060000
3745,7643280673,7375060000
3746,7685366984,7375060000
3747,7727475771,7375060000
3748,7727509488,7375060000
3749,7769663245,7375060000
3750,7811839496,7375060000
3751,7854038247,7375060000
3752,7854072000,7375060000
3753,7896315769,7375060000
3754,7918482320,7375060000
3755,7918482320,7375060000
3756,7918482320,7375060000
3757,7918482320,7375060000
3758,7918482320,7375060000
3759,7918482320,7375060000
3760,7918482320,7375060000
3761,7918482320,7375060000
3762,7918482320,7375060000
3763,7918482320,7375060000
3764,7918482320,7375060000
3765,7918482320,7375060000
3766,7918482320,7375060000
3767,7918482320,7375060000
3768,7918482320,7375060000
3769,7918482320,7375060000
3770,7918482320,7375060000
3771,7918482320,7375060000
3772,7918482320,7375060000
3773,7918482320,7375060000
3774,7918482320,7375060000
3775,7918482320,7375060000
3776,7918482320,7375060000
3777,7918482320,7375060000
3778,7918482320,7375060000
3779,7918482320,7375060000
3780,7918482320,7375060000
3781,7918482320,7375060000
3782,7918482320,7375060000
3783,7918482320,7375060000
3784,7918482320,7375060000
3785,7918482320,7375060000
3786,7918482320,7375060000
3787,7918482320,7375060000
3788,7918482320,7375060000
3789,7918482320,7375060000
3790,7918482320,7375060000
3791,7918482320,7375060000
3792,7918482320,7375060000
3793,7918482320,7375060000
3794,7918482320,7375060000
3795,7918482320,7375060000
3796,7918482320,7375060000
3797,7918482320,7375060000
3798,7918482320,7375060000
3799,7918482320,7375060000
3800,7918482320,7375060000
3801,7933058304,7375060000
3802,7933058304,7375060000
3803,7933058304,7375060000
3804,7933058304,7375060000
3805,7933058304,7375060000
3806,7933058304,7375060000
3807,7933058304,7375060000
3808,7933058304,7375060000
3809,7976572321,7375060000
3810,8020109192,7375060000
3811,8063668923,7375060000
3812,8063703216,7375060000
3813,8102511840,7375060000
3814,8102511840,7375060000
3815,8102511840,7375060000
3816,8102511840,7375060000
3817,8102511840,7375060000
3818,8102511840,7375060000
3819,8102511840,7375060000
3820,8102511840,7375060000
3821,8102511840,7375060000
3822,8102511840,7375060000
3823,8102511840,7375060000
3824,8102511840,7375060000
3825,8102511840,7375060000
3826,8102511840,7375060000
3827,8102511840,7375060000
3828,8102511840,7375060000
3829,8102511840,7375060000
3830,8102511840,7375060000
3831,8102511840,7375060000
3832,8102511840,7375060000
3833,8102511840,7375060000
3834,8102511840,7375060000
3835,8102511840,7375060000
3836,8102511840,7375060000
3837,8102511840,7375060000
3838,8102511840,7375060000
3839,8102511840,7375060000
3840,8102511840,7375060000
3841,8146760161,7375060000
3842,8191031528,7375060000
3843,8235325947,7375060000
3844,8235360528,7375060000
3845,8276160648,7375060000
3846,8276160648,7375060000
3847,8276160648,7375060000
3848,8276160648,7375060000
3849,8276160648,7375060000
3850,8276160648,7375060000
3851,8276160648,7375060000
3852,8276160648,7375060000
3853,8276160648,7375060000
3854,8276160648,7375060000
3855,8276160648,7375060000
3856,8276160648,7375060000
3857,8276160648,7375060000
3858,8276160648,7375060000
3859,8276160648,7375060000
3860,8276160648,7375060000
3861,8276160648,7375060000
3862,8276160648,7375060000
3863,8276160648,7375060000
3864,8276160648,7375060000
3865,8320963729,7375060000
3866,8321610087,7375060000
3867,8321610087,7375060000
3868,8321610087,7375060000
3869,8321610087,7375060000
3870,8321610087,7375060000
3871,8321610087,7375060000
3872,8321610087,7375060000
3873,8366598856,7375060000
3874,8400360766,7375060000
3875,8445396017,7375060000
3876,8476831006,7375060000
3877,8476831006,7375060000
3878,8476831006,7375060000
3879,8476831006,7375060000
3880,8476831006,7375060000
3881,8476831006,7375060000
3882,8476831006,7375060000
3883,8476831006,7375060000
3884,8476831006,7375060000
3885,8476831006,7375060000
3886,8476831006,7375060000
3887,8476831006,7375060000
3888,8476831006,7375060000
3889,8522192303,7375060000
3890,8556233693,7375060000
3891,8601641664,7375060000
3892,8635718070,7375060000
3893,8681172739,7375060000
3894,8715284179,7375060000
3895,8754100560,7375060000
3896,8754100560,7375060000
3897,8754100560,7375060000
3898,8754100560,7375060000
3899,8754100560,7375060000
3900,8754100560,7375060000
3901,8799742261,7375060000
3902,8836071552,7375060000
3903,8836071552,7375060000
3904,8836071552,7375060000
3905,8836071552,7375060000
3906,8836071552,7375060000
3907,8836071552,7375060000
3908,8836071552,7375060000
3909,8836071552,7375060000
3910,8836071552,7375060000
3911,8836071552,7375060000
3912,8836071552,7375060000
3913,8836071552,7375060000
3914,8836071552,7375060000
3915,8836071552,7375060000
3916,8836071552,7375060000
3917,8836071552,7375060000
3918,8836071552,7375060000
3919,8836071552,7375060000
3920,8836071552,7375060000
3921,8836071552,7375060000
3922,8836071552,7375060000
3923,8836071552,7375060000
3924,8836071552,7375060000
3925,8836071552,7375060000
3926,8836071552,7375060000
3927,8836071552,7375060000
3928,8836071552,7375060000
3929,8836071552,7375060000
3930,8836071552,7375060000
3931,8836071552,7375060000
3932,8836071552,7375060000
3933,8836071552,7375060000
3934,8836071552,7375060000
3935,8836071552,7375060000
3936,8836071552,7375060000
3937,8836071552,7375060000
3938,8836071552,7375060000
3939,8836071552,7375060000
3940,8836071552,7375060000
3941,8836071552,7375060000
3942,8836071552,7375060000
3943,8836071552,7375060000
3944,8836071552,7375060000
3945,8836071552,7375060000
3946,8836071552,7375060000
3947,8836071552,7375060000
3948,8836071552,7375060000
3949,8836071552,7375060000
3950,8836071552,7375060000
3951,8836071552,7375060000
3952,8836071552,7375060000
3953,8882938321,7375060000
3954,8929828808,7375060000
3955,8976743019,7375060000
3956,8976778608,7375060000
3957,9023740285,7375060000
3958,9070725704,7375060000
3959,9079464198,7375060000
3960,9079464198,7375060000
3961,9079464198,7375060000
3962,9079464198,7375060000
3963,9079464198,7375060000
3964,9079464198,7375060000
3965,9079464198,7375060000
3966,9079464198,7375060000
3967,9079464198,7375060000
3968,9079464198,7375060000
3969,9126711175,7375060000
3970,9138708600,7375060000
3971,9138708600,7375060000
3972,9138708600,7375060000
3973,9138708600,7375060000
3974,9138708600,7375060000
3975,9138708600,7375060000
3976,9138708600,7375060000
3977,9138708600,7375060000
3978,9138708600,7375060000
3979,9138708600,7375060000
3980,9138708600,7375060000
3981,9138708600,7375060000
3982,9138708600,7375060000
3983,9138708600,7375060000
3984,9138708600,7375060000
3985,9138708600,7375060000
3986,9138708600,7375060000
3987,9138708600,7375060000
3988,9138708600,7375060000
3989,9138708600,7375060000
3990,9138708600,7375060000
3991,9138708600,7375060000
3992,9138708600,7375060000
3993,9138708600,7375060000
3994,9138708600,7375060000
3995,9138708600,7375060000
3996,9138708600,7375060000
3997,9138708600,7375060000
3998,9138708600,7375060000
3999,9138708600,7375060000
4000,9138708600,7375060000
4001,9186720601,7423072001
4002,9222750607,7471108008
4003,9270810626,7519168027
4004,9295725552,7567252064
4005,9295725552,7615360125
4006,9295725552,7663492216
4007,9295725552,7711648343
4008,9295725552,7759828512
4009,9295725552,7808032729
4010,9295725552,7856261000
4011,9295725552,7904513331
4012,9295725552,7952789728
4013,9295725552,8001090197
4014,9295725552,8049414744
4015,9295725552,8097763375
4016,9295725552,8146136096
4017,9295725552,8194532913
4018,9295725552,8242953832
4019,9295725552,8291398859
4020,9295725552,8339868000
4021,9295725552,8388361261
4022,9295725552,8436878648
4023,9295725552,8485420167
4024,9295725552,8533985824
4025,9295725552,8551535876
4026,9295725552,8551535876
4027,9295725552,8551535876
4028,9295725552,8551535876
4029,9295725552,8551535876
4030,9295725552,8551535876
4031,9295725552,8551535876
4032,9295725552,8551535876
4033,9344508721,8551535876
4034,9393316088,8551535876
4035,9432557946,8551535876
4036,9432557946,8551535876
4037,9432557946,8551535876
4038,9432557946,8551535876
4039,9432557946,8551535876
4040,9432557946,8551535876
4041,9432557946,8551535876
4042,9432557946,8551535876
4043,9432557946,8551535876
4044,9432557946,8551535876
4045,9432557946,8551535876
4046,9432557946,8551535876
4047,9432557946,8551535876
4048,9432557946,8551535876
4049,9481729003,8551535876
4050,9518628553,8551535876
4051,9567848204,8551535876
4052,9578964480,8551535876
4053,9578964480,8551535876
4054,9578964480,8551535876
4055,9578964480,8551535876
4056,9578964480,8551535876
4057,9578964480,8551535876
4058,9578964480,8551535876
4059,9578964480,8551535876
4060,9578964480,8551535876
4061,9578964480,8551535876
4062,9578964480,8551535876
4063,9578964480,8551535876
4064,9578964480,8551535876
4065,9578964480,8551535876
4066,9578964480,8551535876
4067,9578964480,8551535876
4068,9578964480,8551535876
4069,9578964480,8551535876
4070,9578964480,8551535876
4071,9578964480,8551535876
4072,9578964480,8551535876
4073,9578964480,8551535876
4074,9578964480,8551535876
4075,9578964480,8551535876
4076,9578964480,8551535876
4077,9578964480,8551535876
4078,9578964480,8551535876
4079,9578964480,8551535876
4080,9578964480,8551535876
4081,9628915921,8551535876
4082,9674630832,8551535876
4083,9674630832,8551535876
4084,9674630832,8551535876
4085,9674630832,8551535876
4086,9674630832,8551535876
4087,9674630832,8551535876
4088,9674630832,8551535876
4089,9674630832,8551535876
4090,9674630832,8551535876
4091,9674630832,8551535876
4092,9674630832,8551535876
4093,9674630832,8551535876
4094,9674630832,8551535876
4095,9674630832,8551535876
4096,9674630832,8551535876
4097,9724974769,8551535876
4098,9775343288,8551535876
4099,9825736395,8551535876
4100,9825773280,8551535876
4101,9853933516,8551535876
4102,9853933516,8551535876
4103,9853933516,8551535876
4104,9853933516,8551535876
4105,9904474277,8551535876
4106,9942401399,8551535876
4107,9992991426,8551535876
4108,10030955508,8551535876
4109,10081594825,8551535876
4110,10119595885,8551535876
4111,10170284516,8551535876
4112,10197696960,8551535876
4113,10197696960,8551535876
4114,10197696960,8551535876
4115,10197696960,8551535876
4116,10197696960,8551535876
4117,10197696960,8551535876
4118,10197696960,8551535876
4119,10197696960,8551535876
4120,10197696960,8551535876
4121,10197696960,8551535876
4122,10197696960,8551535876
4123,10197696960,8551535876
4124,10197696960,8551535876
4125,10197696960,8551535876
4126,10197696960,8551535876
4127,10197696960,8551535876
4128,10197696960,8551535876
4129,10197696960,8551535876
4130,10197696960,8551535876
4131,10197696960,8551535876
4132,10197696960,8551535876
4133,10197696960,8551535876
4134,10197696960,8551535876
4135,10197696960,8551535876
4136,10197696960,8551535876
4137,10197696960,8551535876
4138,10197696960,8551535876
4139,10197696960,8551535876
4140,10197696960,8551535876
4141,10197696960,8551535876
4142,10197696960,8551535876
4143,10197696960,8551535876
4144,10197696960,8551535876
4145,10197696960,8551535876
4146,10197696960,8551535876
4147,10197696960,8551535876
4148,10197696960,8551535876
4149,10197696960,8551535876
4150,10197696960,8551535876
4151,10197696960,8551535876
4152,10197696960,8551535876
4153,10197696960,8551535876
4154,10197696960,8551535876
4155,10197696960,8551535876
4156,10197696960,8551535876
4157,10197696960,8551535876
4158,10197696960,8551535876
4159,10197696960,8551535876
4160,10197696960,8551535876
4161,10249626241,8551535876
4162,10301580488,8551535876
4163,10353559707,8551535876
4164,10353597168,8551535876
4165,10392908148,8551535876
4166,10392908148,8551535876
4167,10392908148,8551535876
4168,10392908148,8551535876
4169,10392908148,8551535876
4170,10392908148,8551535876
4171,10392908148,8551535876
4172,10392908148,8551535876
4173,10392908148,8551535876
4174,10392908148,8551535876
4175,10392908148,8551535876
4176,10392908148,8551535876
4177,10445237605,8551535876
4178,10478082720,8551535876
4179,10478082720,8551535876
4180,10478082720,8551535876
4181,10478082720,8551535876
4182,10478082720,8551535876
4183,10478082720,8551535876
4184,10478082720,8551535876
4185,10478082720,8551535876
4186,10478082720,8551535876
4187,10478082720,8551535876
4188,10478082720,8551535876
4189,10478082720,8551535876
4190,10478082720,8551535876
4191,10478082720,8551535876
4192,10478082720,8551535876
4193,10478082720,8551535876
4194,10478082720,8551535876
4195,10478082720,8551535876
4196,10478082720,8551535876
4197,10478082720,8551535876
4198,10478082720,8551535876
4199,10478082720,8551535876
4200,10478082720,8551535876
4201,10531015321,8551535876
4202,10570736827,8551535876
4203,10623719846,8551535876
4204,10638116181,8551535876
4205,10638116181,8551535876
4206,10638116181,8551535876
4207,10638116181,8551535876
4208,10638116181,8551535876
4209,10638116181,8551535876
4210,10638116181,8551535876
4211,10638116181,8551535876
4212,10638116181,8551535876
4213,10638116181,8551535876
4214,10638116181,8551535876
4215,10638116181,8551535876
4216,10638116181,8551535876
4217,10638116181,8551535876
4218,10638116181,8551535876
4219,10638116181,8551535876
4220,10638116181,8551535876
4221,10638116181,8551535876
4222,10638116181,8551535876
4223,10638116181,8551535876
4224,10638116181,8551535876
4225,10691655382,8551535876
4226,10691819068,8551535876
4227,10691819068,8551535876
4228,10691819068,8551535876
4229,10691819068,8551535876
4230,10691819068,8551535876
4231,10691819068,8551535876
4232,10691819068,8551535876
4233,10745561237,8551535876
4234,10785890087,8551535876
4235,10805861472,8551535876
4236,10805861472,8551535876
4237,10805861472,8551535876
4238,10805861472,8551535876
4239,10805861472,8551535876
4240,10805861472,8551535876
4241,10805861472,8551535876
4242,10805861472,8551535876
4243,10805861472,8551535876
4244,10805861472,8551535876
4245,10805861472,8551535876
4246,10805861472,8551535876
4247,10805861472,8551535876
4248,10805861472,8551535876
4249,10805861472,8551535876
4250,10805861472,8551535876
4251,10805861472,8551535876
4252,10805861472,8551535876
4253,10805861472,8551535876
4254,10805861472,8551535876
4255,10805861472,8551535876
4256,10805861472,8551535876
4257,10860214849,8551535876
4258,10914593768,8551535876
4259,10968998235,8551535876
4260,10969036560,8551535876
4261,11023492141,8551535876
4262,11077973288,8551535876
4263,11132480007,8551535876
4264,11132518368,8551535876
4265,11187076249,8551535876
4266,11224350240,8551535876
4267,11224350240,8551535876
4268,11224350240,8551535876
4269,11224350240,8551535876
4270,11224350240,8551535876
4271,11224350240,8551535876
4272,11224350240,8551535876
4273,11224350240,8551535876
4274,11224350240,8551535876
4275,11224350240,8551535876
4276,11224350240,8551535876
4277,11224350240,8551535876
4278,11224350240,8551535876
4279,11224350240,8551535876
4280,11224350240,8551535876
4281,11224350240,8551535876
4282,11224350240,8551535876
4283,11224350240,8551535876
4284,11224350240,8551535876
4285,11224350240,8551535876
4286,11224350240,8551535876
4287,11224350240,8551535876
4288,11224350240,8551535876
4289,11224350240,8551535876
4290,11224350240,8551535876
4291,11224350240,8551535876
4292,11224350240,8551535876
4293,11224350240,8551535876
4294,11224350240,8551535876
4295,11224350240,8551535876
4296,11224350240,8551535876
4297,11224350240,8551535876
4298,11224350240,8551535876
4299,11224350240,8551535876
4300,11224350240,8551535876
4301,11224350240,8551535876
4302,11224350240,8551535876
4303,11224350240,8551535876
4304,11224350240,8551535876
4305,11224350240,8551535876
4306,11224350240,8551535876
4307,11224350240,8551535876
4308,11224350240,8551535876
4309,11224350240,8551535876
4310,11224350240,8551535876
4311,11224350240,8551535876
4312,11224350240,8551535876
4313,11224350240,8551535876
4314,11224350240,8551535876
4315,11224350240,8551535876
4316,11224350240,8551535876
4317,11224350240,8551535876
4318,11224350240,8551535876
4319,11224350240,8551535876
4320,11224350240,8551535876
4321,11280350401,8551535876
4322,11336376488,8551535876
4323,11392428507,8551535876
4324,11392467408,8551535876
4325,11437557504,8551535876
4326,11437557504,8551535876
4327,11437557504,8551535876
4328,11437557504,8551535876
4329,11437557504,8551535876
4330,11437557504,8551535876
4331,11437557504,8551535876
4332,11437557504,8551535876
4333,11437557504,8551535876
4334,11437557504,8551535876
4335,11437557504,8551535876
4336,11437557504,8551535876
4337,11437557504,8551535876
4338,11437557504,8551535876
4339,11437557504,8551535876
4340,11437557504,8551535876
4341,11437557504,8551535876
4342,11437557504,8551535876
4343,11437557504,8551535876
4344,11437557504,8551535876
4345,11437557504,8551535876
4346,11437557504,8551535876
4347,11437557504,8551535876
4348,11437557504,8551535876
4349,11437557504,8551535876
4350,11437557504,8551535876
4351,11437557504,8551535876
4352,11437557504,8551535876
4353,11494390273,8551535876
4354,11551249160,8551535876
4355,11608134171,8551535876
4356,11608173360,8551535876
4357,11665110637,8551535876
4358,11692276992,8551535876
4359,11692276992,8551535876
4360,11692276992,8551535876
4361,11692276992,8551535876
4362,11692276992,8551535876
4363,11692276992,8551535876
4364,11692276992,8551535876
4365,11692276992,8551535876
4366,11692276992,8551535876
4367,11692276992,8551535876
4368,11692276992,8551535876
4369,11749528369,8551535876
4370,11806805960,8551535876
4371,11864109771,8551535876
4372,11864149104,8551535876
4373,11921505373,8551535876
4374,11942146440,8551535876
4375,11942146440,8551535876
4376,11942146440,8551535876
4377,11942146440,8551535876
4378,11942146440,8551535876
4379,11942146440,8551535876
4380,11942146440,8551535876
4381,11942146440,8551535876
4382,11942146440,8551535876
4383,11942146440,8551535876
4384,11942146440,8551535876
4385,11942146440,8551535876
4386,11942146440,8551535876
4387,11942146440,8551535876
4388,11942146440,8551535876
4389,11942146440,8551535876
4390,11942146440,8551535876
4391,11942146440,8551535876
4392,11942146440,8551535876
4393,11942146440,8551535876
4394,11942146440,8551535876
4395,11942146440,8609470767
4396,11942146440,8667432028
4397,11942146440,8725419665
4398,11942146440,8783433684
4399,11942146440,8841474091
4400,11942146440,8899540892
4401,12000239641,8957634093
4402,12043832647,9015753700
4403,12058321198,9073899719
4404,12058321198,9132072156
4405,12058321198,9190271017
4406,12058321198,9248496308
4407,12058321198,9306748035
4408,12058321198,9365026204
4409,12058321198,9423330821
4410,12058321198,9481661892
4411,12058321198,9540019423
4412,12058321198,9598403420
4413,12058321198,9656813889
4414,12058321198,9715250836
4415,12058321198,9773714267
4416,12058321198,9832204188
4417,12116837615,9890720605
4418,12160748117,9949263524
4419,12219317544,10007832951
4420,12263267814,10066428892
4421,12321890275,10125051353
4422,12365880331,10183700340
4423,12424555850,10242375859
4424,12468585710,10301077916
4425,12471028560,10359806517
4426,12471028560,10418561668
4427,12471028560,10477343375
4428,12471028560,10536151644
4429,12471028560,10594986481
4430,12471028560,10653847892
4431,12471028560,10712735883
4432,12471028560,10771650460
4433,12471028560,10830591629
4434,12471028560,10889559396
4435,12471028560,10948553767
4436,12471028560,11007574748
4437,12471028560,11066622345
4438,12471028560,11125696564
4439,12471028560,11184797411
4440,12471028560,11243924892
4441,12471028560,11303079013
4442,12471028560,11362259780
4443,12471028560,11421467199
4444,12471028560,11480701276
4445,12471028560,11539962017
4446,12471028560,11599249428
4447,12471028560,11658563515
4448,12471028560,11717904284
4449,12471028560,11777271741
4450,12471028560,11836665892
4451,12471028560,11896086743
4452,12471028560,11955534300
4453,12471028560,12015008569
4454,12471028560,12074509556
4455,12471028560,12134037267
4456,12471028560,12193591708
4457,12471028560,12253172885
4458,12471028560,12312780804
4459,12471028560,12372415471
4460,12471028560,12432076892
4461,12471028560,12471028560
4462,12471028560,12471028560
4463,12471028560,12471028560
4464,12471028560,12471028560
4465,12471028560,12471028560
4466,12471028560,12471028560
4467,12471028560,12471028560
4468,12471028560,12471028560
4469,12471028560,12471028560
4470,12471028560,12471028560
4471,12471028560,12471028560
4472,12471028560,12471028560
4473,12471028560,12471028560
4474,12471028560,12471028560
4475,12471028560,12471028560
4476,12471028560,12471028560
4477,12471028560,12471028560
4478,12471028560,12471028560
4479,12471028560,12471028560
4480,12471028560,12471028560
4481,12531253201,12531253201
4482,12591504728,12591504728
4483,12651783147,12651783147
4484,12651823488,12651823488
4485,12712155709,12712155709
4486,12772514840,12772514840
4487,12832900887,12832900887
4488,12832941264,12832941264
4489,12893381161,12893381161
4490,12948641643,12948641643
4491,13009135414,13009135414
4492,13014382176,13014382176
4493,13039156536,13039156536
4494,13039156536,13039156536
4495,13039156536,13039156536
4496,13039156536,13039156536
4497,13039156536,13039156536
4498,13039156536,13039156536
4499,13039156536,13039156536
4500,13039156536,13039156536
4501,13039156536,13039156536
4502,13039156536,13039156536
4503,13039156536,13039156536
4504,13039156536,13039156536
4505,13039156536,13039156536
4506,13039156536,13039156536
4507,13039156536,13039156536
4508,13039156536,13039156536
4509,13039156536,13039156536
4510,13039156536,13039156536
4511,13039156536,13039156536
4512,13039156536,13039156536
4513,13039156536,13039156536
4514,13039156536,13039156536
4515,13039156536,13039156536
4516,13039156536,13039156536
4517,13039156536,13039156536
4518,13039156536,13039156536
4519,13039156536,13039156536
4520,13039156536,13039156536
4521,13039156536,13039156536
4522,13039156536,13039156536
4523,13039156536,13039156536
4524,13039156536,13039156536
4525,13039156536,13039156536
4526,13039156536,13039156536
4527,13039156536,13039156536
4528,13039156536,13039156536
4529,13039156536,13039156536
4530,13039156536,13039156536
4531,13039156536,13039156536
4532,13039156536,13039156536
4533,13039156536,13039156536
4534,13039156536,13039156536
4535,13039156536,13039156536
4536,13039156536,13039156536
4537,13047800640,13047800640
4538,13047800640,13047800640
4539,13047800640,13047800640
4540,13047800640,13047800640
4541,13047800640,13047800640
4542,13047800640,13047800640
4543,13047800640,13047800640
4544,13047800640,13047800640
4545,13047800640,13047800640
4546,13047800640,13047800640
4547,13047800640,13047800640
4548,13047800640,13047800640
4549,13047800640,13047800640
4550,13047800640,13047800640
4551,13047800640,13047800640
4552,13047800640,13047800640
4553,13047800640,13047800640
4554,13047800640,13047800640
4555,13047800640,13047800640
4556,13047800640,13047800640
4557,13047800640,13047800640
4558,13047800640,13047800640
4559,13047800640,13047800640
4560,13047800640,13047800640
4561,13110195121,13110195121
4562,13172616968,13172616968
4563,13235066187,13235066187
4564,13235107248,13235107248
4565,13297611229,13297611229
4566,13325995584,13325995584
4567,13325995584,13325995584
4568,13325995584,13325995584
4569,13325995584,13325995584
4570,13325995584,13325995584
4571,13325995584,13325995584
4572,13325995584,13325995584
4573,13325995584,13325995584
4574,13325995584,13325995584
4575,13325995584,13325995584
4576,13325995584,13325995584
4577,13388828641,13388828641
4578,13402195152,13401251136
4579,13402195152,13401251136
4580,13402195152,13401251136
4581,13402195152,13401251136
4582,13402195152,13401251136
4583,13402195152,13401251136
4584,13402195152,13401251136
4585,13402195152,13401251136
4586,13402195152,13401251136
4587,13402195152,13401251136
4588,13402195152,13401251136
4589,13402195152,13401251136
4590,13402195152,13401251136
4591,13402195152,13401251136
4592,13402195152,13401251136
4593,13402195152,13401251136
4594,13402195152,13401251136
4595,13402195152,13401251136
4596,13402195152,13401251136
4597,13402195152,13401251136
4598,13402195152,13401251136
4599,13402195152,13401251136
4600,13402195152,13401251136
4601,13402195152,13401251136
4602,13402195152,13401251136
4603,13402195152,13401251136
4604,13402195152,13401251136
4605,13402195152,13401251136
4606,13402195152,13401251136
4607,13402195152,13401251136
4608,13402195152,13401251136
4609,13465909969,13464965953
4610,13521727488,13521727488
4611,13521727488,13521727488
4612,13521727488,13521727488
4613,13521727488,13521727488
4614,13521727488,13521727488
4615,13521727488,13521727488
4616,13521727488,13521727488
4617,13521727488,13521727488
4618,13521727488,13521727488
4619,13521727488,13521727488
4620,13521727488,13521727488
4621,13521727488,13521727488
4622,13521727488,13521727488
4623,13521727488,13521727488
4624,13521727488,13521727488
4625,13585885489,13585885489
4626,13650071240,13650071240
4627,13714284747,13714284747
4628,13714326384,13714326384
4629,13778595421,13778595421
4630,13842892232,13842892232
4631,13907216823,13907216823
4632,13907258496,13907258496
4633,13942994940,13942994940
4634,13942994940,13942994940
4635,13942994940,13942994940
4636,13942994940,13942994940
4637,13942994940,13942994940
4638,13942994940,13942994940
4639,13942994940,13942994940
4640,13942994940,13942994940
4641,14007597661,14007597661
4642,14056074067,14056074067
4643,14120732486,14120732486
4644,14169250676,14169250676
4645,14233964817,14233964817
4646,14282524809,14282524809
4647,14298789312,14298789312
4648,14298789312,14298789312
4649,14298789312,14298789312
4650,14298789312,14298789312
4651,14298789312,14298789312
4652,14298789312,14298789312
4653,14298789312,14298789312
4654,14298789312,14298789312
4655,14298789312,14298789312
4656,14298789312,14298789312
4657,14298789312,14298789312
4658,14298789312,14298789312
4659,14298789312,14298789312
4660,14298789312,14298789312
4661,14298789312,14298789312
4662,14298789312,14298789312
4663,14298789312,14298789312
4664,14298789312,14298789312
4665,14298789312,14298789312
4666,14298789312,14298789312
4667,14298789312,14298789312
4668,14298789312,14298789312
4669,14298789312,14298789312
4670,14298789312,14298789312
4671,14298789312,14298789312
4672,14298789312,14298789312
4673,14298789312,14298789312
4674,14298789312,14298789312
4675,14298789312,14298789312
4676,14298789312,14298789312
4677,14298789312,14298789312
4678,14298789312,14298789312
4679,14298789312,14298789312
4680,14298789312,14298789312
4681,14298789312,14298789312
4682,14298789312,14298789312
4683,14298789312,14298789312
4684,14298789312,14298789312
4685,14298789312,14298789312
4686,14298789312,14298789312
4687,14298789312,14298789312
4688,14298789312,14298789312
4689,14298789312,14298789312
4690,14298789312,14298789312
4691,14298789312,14298789312
4692,14298789312,14298789312
4693,14298789312,14298789312
4694,14298789312,14298789312
4695,14298789312,14298789312
4696,14298789312,14298789312
4697,14298789312,14298789312
4698,14298789312,14298789312
4699,14298789312,14298789312
4700,14298789312,14298789312
4701,14298789312,14298789312
4702,14298789312,14298789312
4703,14298789312,14298789312
4704,14298789312,14298789312
4705,14365186273,14365186273
4706,14431611464,14431611464
4707,14498064891,14498064891
4708,14498107248,14498107248
4709,14564617165,14564617165
4710,14621026308,14621026308
4711,14621026308,14621026308
4712,14621026308,14621026308
4713,14687649277,14687649277
4714,14737641247,14737641247
4715,14804320778,14804320778
4716,14854355180,14854355180
4717,14861069622,14861069622
4718,14861069622,14861069622
4719,14861069622,14861069622
4720,14861069622,14861069622
4721,14861069622,14861069622
4722,14861069622,14861069622
4723,14861069622,14861069622
4724,14861069622,14861069622
4725,14861069622,14861069622
4726,14861069622,14861069622
4727,14861069622,14861069622
4728,14861069622,14861069622
4729,14861069622,14861069622
4730,14861069622,14861069622
4731,14861069622,14861069622
4732,14861069622,14861069622
4733,14861069622,14861069622
4734,14861069622,14861069622
4735,14861069622,14861069622
4736,14861069622,14861069622
4737,14861069622,14861069622
4738,14861069622,14861069622
4739,14861069622,14861069622
4740,14861069622,14861069622
4741,14861069622,14861069622
4742,14861069622,14861069622
4743,14861069622,14861069622
4744,14861069622,14861069622
4745,14861069622,14861069622
4746,14861069622,14861069622
4747,14861069622,14861069622
4748,14861069622,14861069622
4749,14861069622,14861069622
4750,14861069622,14861069622
4751,14861069622,14861069622
4752,14861069622,14861069622
4753,14928828391,14928828391
4754,14979672421,14979672421
4755,15047488232,15047488232
4756,15058447200,15058447200
4757,15058447200,15058447200
4758,15058447200,15058447200
4759,15058447200,15058447200
4760,15058447200,15058447200
4761,15058447200,15058447200
4762,15058447200,15058447200
4763,15058447200,15058447200
4764,15058447200,15058447200
4765,15058447200,15058447200
4766,15058447200,15058447200
4767,15058447200,15058447200
4768,15058447200,15058447200
4769,15058447200,15058447200
4770,15058447200,15058447200
4771,15058447200,15058447200
4772,15058447200,15058447200
4773,15058447200,15058447200
4774,15058447200,15058447200
4775,15058447200,15058447200
4776,15058447200,15058447200
4777,15058447200,15058447200
4778,15058447200,15058447200
4779,15058447200,15058447200
4780,15058447200,15058447200
4781,15058447200,15058447200
4782,15058447200,15058447200
4783,15058447200,15058447200
4784,15058447200,15058447200
4785,15058447200,15058447200
4786,15058447200,15058447200
4787,15058447200,15058447200
4788,15058447200,15058447200
4789,15058447200,15058447200
4790,15058447200,15058447200
4791,15058447200,15058447200
4792,15058447200,15058447200
4793,15058447200,15058447200
4794,15058447200,15058447200
4795,15058447200,15058447200
4796,15058447200,15058447200
4797,15058447200,15058447200
4798,15058447200,15058447200
4799,15058447200,15058447200
4800,15058447200,15058447200
4801,15127581601,15127581601
4802,15196744808,15196744808
4803,15265936827,15265936827
4804,15265980048,15265980048
4805,15335229709,15335229709
4806,15404508200,15404508200
4807,15473815527,15457917986
4808,15473858784,15457917986
4809,15543223801,15457917986
4810,15579447072,15457917986
4811,15579447072,15457917986
4812,15579447072,15457917986
4813,15579447072,15457917986
4814,15579447072,15457917986
4815,15579447072,15457917986
4816,15579447072,15457917986
4817,15579447072,15457917986
4818,15579447072,15457917986
4819,15579447072,15457917986
4820,15579447072,15457917986
4821,15579447072,15457917986
4822,15579447072,15457917986
4823,15579447072,15457917986
4824,15579447072,15457917986
4825,15579447072,15457917986
4826,15579447072,15457917986
4827,15579447072,15457917986
4828,15579447072,15457917986
4829,15579447072,15457917986
4830,15579447072,15457917986
4831,15579447072,15457917986
4832,15579447072,15457917986
4833,15579447072,15457917986
4834,15579447072,15457917986
4835,15579447072,15457917986
4836,15579447072,15457917986
4837,15579447072,15457917986
4838,15579447072,15457917986
4839,15579447072,15457917986
4840,15579447072,15457917986
4841,15579447072,15457917986
4842,15579447072,15457917986
4843,15579447072,15457917986
4844,15579447072,15457917986
4845,15579447072,15457917986
4846,15579447072,15457917986
4847,15579447072,15457917986
4848,15579447072,15457917986
4849,15579447072,15457917986
4850,15579447072,15457917986
4851,15579447072,15457917986
4852,15579447072,15457917986
4853,15579447072,15457917986
4854,15579447072,15457917986
4855,15579447072,15457917986
4856,15579447072,15457917986
4857,15579447072,15457917986
4858,15579447072,15457917986
4859,15579447072,15457917986
4860,15579447072,15457917986
4861,15579447072,15457917986
4862,15579447072,15457917986
4863,15579447072,15457917986
4864,15579447072,15457917986
4865,15650437153,15457917986
4866,15721456424,15457917986
4867,15792504891,15457917986
4868,15792548688,15457917986
4869,15844364544,15457917986
4870,15844364544,15457917986
4871,15844364544,15457917986
4872,15844364544,15457917986
4873,15844364544,15457917986
4874,15844364544,15457917986
4875,15844364544,15457917986
4876,15844364544,15457917986
4877,15844364544,15457917986
4878,15844364544,15457917986
4879,15844364544,15457917986
4880,15844364544,15457917986
4881,15844364544,15457917986
4882,15844364544,15457917986
4883,15844364544,15457917986
4884,15844364544,15457917986
4885,15844364544,15457917986
4886,15844364544,15457917986
4887,15844364544,15457917986
4888,15844364544,15457917986
4889,15844364544,15457917986
4890,15844364544,15457917986
4891,15844364544,15457917986
4892,15844364544,15457917986
4893,15844364544,15457917986
4894,15844364544,15457917986
4895,15844364544,15457917986
4896,15844364544,15457917986
4897,15916291681,15457917986
4898,15988248200,15457917986
4899,16060234107,15457917986
4900,16060278192,15457917986
4901,16132322893,15457917986
4902,16204397000,15457917986
4903,16276500519,15457917986
4904,16276544640,15457917986
4905,16296706224,15457917986
4906,16296706224,15457917986
4907,16296706224,15457917986
4908,16296706224,15457917986
4909,16296706224,15457917986
4910,16296706224,15457917986
4911,16296706224,15457917986
4912,16296706224,15457917986
4913,16296706224,15457917986
4914,16296706224,15457917986
4915,16296706224,15457917986
4916,16296706224,15457917986
4917,16296706224,15457917986
4918,16296706224,15457917986
4919,16296706224,15457917986
4920,16296706224,15457917986
4921,16296706224,15457917986
4922,16296706224,15457917986
4923,16296706224,15457917986
4924,16296706224,15457917986
4925,16296706224,15457917986
4926,16296706224,15457917986
4927,16296706224,15457917986
4928,16296706224,15457917986
4929,16369576561,15457917986
4930,16442476472,15457917986
4931,16515405963,15457917986
4932,16515450336,15457917986
4933,16588439005,15457917986
4934,16661457272,15457917986
4935,16734505143,15457917986
4936,16734549552,15457917986
4937,16807656649,15457917986
4938,16845045476,15457917986
4939,16845045476,15457917986
4940,16845045476,15457917986
4941,16845045476,15457917986
4942,16845045476,15457917986
4943,16845045476,15457917986
4944,16845045476,15457917986
4945,16845045476,15457917986
4946,16845045476,15457917986
4947,16845045476,15457917986
4948,16845045476,15457917986
4949,16845045476,15457917986
4950,16845045476,15457917986
4951,16845045476,15457917986
4952,16845045476,15457917986
4953,16845045476,15457917986
4954,16845045476,15457917986
4955,16845045476,15457917986
4956,16845045476,15457917986
4957,16845045476,15457917986
4958,16845045476,15457917986
4959,16845045476,15457917986
4960,16845045476,15457917986
4961,16845045476,15457917986
4962,16845045476,15457917986
4963,16845045476,15457917986
4964,16845045476,15457917986
4965,16845045476,15457917986
4966,16845045476,15457917986
4967,16845045476,15457917986
4968,16845045476,15457917986
4969,16919103453,15457917986
4970,16974673023,15457917986
4971,17035584192,15457917986
4972,17035584192,15457917986
4973,17035584192,15457917986
4974,17035584192,15457917986
4975,17035584192,15457917986
4976,17035584192,15457917986
4977,17035584192,15457917986
4978,17035584192,15457917986
4979,17035584192,15457917986
4980,17035584192,15457917986
4981,17035584192,15457917986
4982,17035584192,15457917986
4983,17035584192,15457917986
4984,17035584192,15457917986
4985,17035584192,15457917986
4986,17035584192,15457917986
4987,17035584192,15457917986
4988,17035584192,15457917986
4989,17035584192,15457917986
4990,17035584192,15457917986
4991,17035584192,15457917986
4992,17035584192,15457917986
4993,17110359361,15457917986
4994,17137892800,15457917986
4995,17137892800,15457917986
4996,17137892800,15457917986
4997,17137892800,15457917986
4998,17137892800,15457917986
4999,17137892800,15457917986
5000,17137892800,15457917986
5001,17212907801,15457917986
5002,17265421440,15457917986
5003,17265421440,15457917986
5004,17265421440,15457917986
5005,17265421440,15457917986
5006,17265421440,15457917986
5007,17265421440,15457917986
5008,17265421440,15457917986
5009,17265421440,15457917986
5010,17265421440,15457917986
5011,17265421440,15457917986
5012,17265421440,15457917986
5013,17265421440,15457917986
5014,17265421440,15457917986
5015,17265421440,15457917986
5016,17265421440,15457917986
5017,17265421440,15457917986
5018,17265421440,15457917986
5019,17265421440,15457917986
5020,17265421440,15457917986
5021,17265421440,15457917986
5022,17265421440,15457917986
5023,17265421440,15457917986
5024,17265421440,15457917986
5025,17265421440,15457917986
5026,17265421440,15457917986
5027,17265421440,15457917986
5028,17265421440,15457917986
5029,17265421440,15457917986
5030,17265421440,15457917986
5031,17265421440,15457917986
5032,17265421440,15457917986
5033,17265421440,15457917986
5034,17265421440,15457917986
5035,17265421440,15457917986
5036,17265421440,15457917986
5037,17265421440,15457917986
5038,17265421440,15457917986
5039,17265421440,15457917986
5040,17265421440,15457917986
5041,17341641361,15457917986
5042,17417891528,15457917986
5043,17494171947,15457917986
5044,17494217328,15457917986
5045,17570558269,15457917986
5046,17646929480,15457917986
5047,17723330967,15457917986
5048,17723376384,15457917986
5049,17799838441,15457917986
5050,17876330792,15457917986
5051,17952853443,15457917986
5052,17952898896,15457917986
5053,17980216560,15457917986
5054,17980216560,15457917986
5055,17980216560,15457917986
5056,17980216560,15457917986
5057,17980216560,15457917986
5058,17980216560,15457917986
5059,17980216560,15457917986
5060,17980216560,15457917986
5061,17980216560,15457917986
5062,17980216560,15457917986
5063,17980216560,15457917986
5064,17980216560,15457917986
5065,17980216560,15457917986
5066,17980216560,15457917986
5067,17980216560,15457917986
5068,17980216560,15457917986
5069,17980216560,15457917986
5070,17980216560,15457917986
5071,17980216560,15457917986
5072,17980216560,15457917986
5073,17980216560,15457917986
5074,17980216560,15457917986
5075,17980216560,15457917986
5076,17980216560,15457917986
5077,17980216560,15457917986
5078,17980216560,15457917986
5079,17980216560,15457917986
5080,17980216560,15457917986
5081,17980216560,15457917986
5082,17980216560,15457917986
5083,17980216560,15457917986
5084,17980216560,15457917986
5085,17980216560,15457917986
5086,17980216560,15457917986
5087,17980216560,15457917986
5088,17980216560,15457917986
5089,17980216560,15457917986
5090,17980216560,15457917986
5091,17980216560,15457917986
5092,17980216560,15457917986
5093,17980216560,15457917986
5094,17980216560,15457917986
5095,17980216560,15457917986
5096,17980216560,15457917986
5097,17980216560,15457917986
5098,17980216560,15457917986
5099,17980216560,15457917986
5100,17980216560,15457917986
5101,17980216560,15457917986
5102,17980216560,15457917986
5103,17980216560,15457917986
5104,17980216560,15457917986
5105,17980216560,15457917986
5106,17980216560,15457917986
5107,17980216560,15457917986
5108,17980216560,15457917986
5109,17980216560,15457917986
5110,17980216560,15457917986
5111,17980216560,15457917986
5112,17980216560,15457917986
5113,17980216560,15457917986
5114,17980216560,15457917986
5115,17980216560,15457917986
5116,17980216560,15457917986
5117,17980216560,15457917986
5118,17980216560,15457917986
5119,17980216560,15457917986
5120,17980216560,15457917986
5121,18058875121,15457917986
5122,18137564408,15457917986
5123,18216284427,15457917986
5124,18216330528,15457917986
5125,18295112029,15457917986
5126,18373924280,15457917986
5127,18418358784,15457917986
5128,18418358784,15457917986
5129,18418358784,15457917986
5130,18418358784,15457917986
5131,18418358784,15457917986
5132,18418358784,15457917986
5133,18418358784,15457917986
5134,18418358784,15457917986
5135,18418358784,15457917986
5136,18418358784,15457917986
5137,18418358784,15457917986
5138,18418358784,15457917986
5139,18418358784,15457917986
5140,18418358784,15457917986
5141,18418358784,15457917986
5142,18418358784,15457917986
5143,18418358784,15457917986
5144,18418358784,15457917986
5145,18418358784,15457917986
5146,18418358784,15457917986
5147,18418358784,15457917986
5148,18418358784,15457917986
5149,18418358784,15457917986
5150,18418358784,15457917986
5151,18418358784,15457917986
5152,18418358784,15457917986
5153,18418358784,15457917986
5154,18418358784,15457917986
5155,18418358784,15457917986
5156,18418358784,15457917986
5157,18418358784,15457917986
5158,18418358784,15457917986
5159,18418358784,15457917986
5160,18418358784,15457917986
5161,18418358784,15457917986
5162,18418358784,15457917986
5163,18418358784,15457917986
5164,18418358784,15457917986
5165,18418358784,15457917986
5166,18418358784,15457917986
5167,18418358784,15457917986
5168,18418358784,15457917986
5169,18498498961,15457917986
5170,18565962672,15457917986
5171,18565962672,15457917986
5172,18565962672,15457917986
5173,18565962672,15457917986
5174,18565962672,15457917986
5175,18565962672,15457917986
5176,18565962672,15457917986
5177,18565962672,15457917986
5178,18565962672,15457917986
5179,18565962672,15457917986
5180,18565962672,15457917986
5181,18565962672,15457917986
5182,18565962672,15457917986
5183,18565962672,15457917986
5184,18565962672,15457917986
5185,18646599793,15457917986
5186,18727268024,15457917986
5187,18807967371,15457917986
5188,18808014048,15457917986
5189,18888775645,15457917986
5190,18969568376,15457917986
5191,19050392247,15457917986
5192,19050438960,15457917986
5193,19123822080,15457917986
5194,19123822080,15457917986
5195,19123822080,15457917986
5196,19123822080,15457917986
5197,19123822080,15457917986
5198,19123822080,15457917986
5199,19123822080,15457917986
5200,19123822080,15457917986
5201,19204957681,15457917986
5202,19286124488,15457917986
5203,19347182568,15457917986
5204,19347182568,15457917986
5205,19347182568,15457917986
5206,19347182568,15457917986
5207,19347182568,15457917986
5208,19347182568,15457917986
5209,19428567985,15457917986
5210,19489634395,15457917986
5211,19571082326,15457917986
5212,19632195632,15457917986
5213,19677854880,15457917986
5214,19677854880,15457917986
5215,19677854880,15457917986
5216,19677854880,15457917986
5217,19677854880,15457917986
5218,19677854880,15457917986
5219,19677854880,15457917986
5220,19677854880,15457917986
5221,19677854880,15457917986
5222,19677854880,15457917986
5223,19677854880,15457917986
5224,19677854880,15457917986
5225,19677854880,15457917986
5226,19677854880,15457917986
5227,19677854880,15457917986
5228,19677854880,15457917986
5229,19677854880,15457917986
5230,19677854880,15457917986
5231,19677854880,15457917986
5232,19677854880,15457917986
5233,19677854880,15457917986
5234,19677854880,15457917986
5235,19677854880,15457917986
5236,19677854880,15457917986
5237,19677854880,15457917986
5238,19677854880,15457917986
5239,19677854880,15457917986
5240,19677854880,15457917986
5241,19677854880,15457917986
5242,19677854880,15457917986
5243,19677854880,15457917986
5244,19677854880,15457917986
5245,19677854880,15457917986
5246,19677854880,15457917986
5247,19677854880,15457917986
5248,19677854880,15457917986
5249,19677854880,15457917986
5250,19677854880,15457917986
5251,19677854880,15457917986
5252,19677854880,15457917986
5253,19677854880,15457917986
5254,19677854880,15457917986
5255,19677854880,15457917986
5256,19677854880,15457917986
5257,19677854880,15457917986
5258,19677854880,15457917986
5259,19677854880,15457917986
5260,19677854880,15457917986
5261,19677854880,15457917986
5262,19677854880,15457917986
5263,19677854880,15457917986
5264,19677854880,15457917986
5265,19677854880,15457917986
5266,19677854880,15457917986
5267,19677854880,15457917986
5268,19677854880,15457917986
5269,19677854880,15457917986
5270,19677854880,15457917986
5271,19677854880,15457917986
5272,19677854880,15457917986
5273,19677854880,15457917986
5274,19677854880,15457917986
5275,19677854880,15457917986
5276,19677854880,15457917986
5277,19677854880,15457917986
5278,19677854880,15457917986
5279,19677854880,15457917986
5280,19677854880,15457917986
5281,19761505921,15457917986
5282,19845188648,15457917986
5283,19928903067,15457917986
5284,19928950608,15457917986
5285,20012728429,15457917986
5286,20096537960,15457917986
5287,20180379207,15457917986
5288,20180426784,15457917986
5289,20264331481,15457917986
5290,20348267912,15457917986
5291,20432236083,15457917986
5292,20432283696,15457917986
5293,20516315365,15457917986
5294,20600378792,15457917986
5295,20615406912,15457917986
5296,20615406912,15457917986
5297,20615406912,15457917986
5298,20615406912,15457917986
5299,20615406912,15457917986
5300,20615406912,15457917986
5301,20615406912,15457917986
5302,20615406912,15457917986
5303,20615406912,15457917986
5304,20615406912,15457917986
5305,20615406912,15457917986
5306,20615406912,15457917986
5307,20615406912,15457917986
5308,20615406912,15457917986
5309,20615406912,15457917986
5310,20615406912,15457917986
5311,20615406912,15457917986
5312,20615406912,15457917986
5313,20615406912,15457917986
5314,20615406912,15457917986
5315,20615406912,15457917986
5316,20615406912,15457917986
5317,20615406912,15457917986
5318,20615406912,15457917986
5319,20615406912,15457917986
5320,20615406912,15457917986
5321,20615406912,15457917986
5322,20615406912,15457917986
5323,20615406912,15457917986
5324,20615406912,15457917986
5325,20615406912,15457917986
5326,20615406912,15457917986
5327,20615406912,15457917986
5328,20615406912,15457917986
5329,20615406912,15457917986
5330,20615406912,15457917986
5331,20615406912,15457917986
5332,20615406912,15457917986
5333,20615406912,15457917986
5334,20615406912,15457917986
5335,20615406912,15457917986
5336,20615406912,15457917986
5337,20615406912,15457917986
5338,20615406912,15457917986
5339,20615406912,15457917986
5340,20615406912,15457917986
5341,20615406912,15457917986
5342,20615406912,15457917986
5343,20615406912,15457917986
5344,20615406912,15457917986
5345,20615406912,15457917986
5346,20615406912,15457917986
5347,20615406912,15457917986
5348,20615406912,15457917986
5349,20615406912,15457917986
5350,20615406912,15457917986
5351,20615406912,15457917986
5352,20615406912,15457917986
5353,20615406912,15457917986
5354,20615406912,15457917986
5355,20615406912,15457917986
5356,20615406912,15457917986
5357,20615406912,15457917986
5358,20615406912,15457917986
5359,20615406912,15457917986
5360,20615406912,15457917986
5361,20615406912,15457917986
5362,20615406912,15457917986
5363,20615406912,15457917986
5364,20615406912,15457917986
5365,20615406912,15457917986
5366,20615406912,15457917986
5367,20615406912,15457917986
5368,20615406912,15457917986
5369,20615406912,15457917986
5370,20615406912,15457917986
5371,20615406912,15457917986
5372,20615406912,15457917986
5373,20615406912,15457917986
5374,20615406912,15457917986
5375,20615406912,15457917986
5376,20615406912,15457917986
5377,20702127169,15457917986
5378,20788879688,15457917986
5379,20875664475,15457917986
5380,20875712880,15457917986
5381,20962562221,15457917986
5382,21049443848,15457917986
5383,21136357767,15457917986
5384,21136406208,15457917986
5385,21223384729,15457917986
5386,21256600320,15457917986
5387,21256600320,15457917986
5388,21256600320,15457917986
5389,21256600320,15457917986
5390,21256600320,15457917986
5391,21256600320,15457917986
5392,21256600320,15457917986
5393,21256600320,15457917986
5394,21256600320,15457917986
5395,21256600320,15457917986
5396,21256600320,15457917986
5397,21256600320,15457917986
5398,21256600320,15457917986
5399,21256600320,15457917986
5400,21256600320,15457917986
5401,21256600320,15457917986
5402,21256600320,15457917986
5403,21256600320,15457917986
5404,21256600320,15457917986
5405,21256600320,15457917986
5406,21256600320,15457917986
5407,21256600320,15457917986
5408,21256600320,15457917986
5409,21256600320,15457917986
5410,21256600320,15457917986
5411,21256600320,15457917986
5412,21256600320,15457917986
5413,21256600320,15457917986
5414,21256600320,15457917986
5415,21256600320,15457917986
5416,21256600320,15457917986
5417,21256600320,15457917986
5418,21256600320,15457917986
5419,21256600320,15457917986
5420,21256600320,15457917986
5421,21256600320,15457917986
5422,21256600320,15457917986
5423,21256600320,15457917986
5424,21256600320,15457917986
5425,21256600320,15457917986
5426,21256600320,15457917986
5427,21256600320,15457917986
5428,21256600320,15457917986
5429,21256600320,15457917986
5430,21256600320,15457917986
5431,21256600320,15457917986
5432,21256600320,15457917986
5433,21256600320,15457917986
5434,21256600320,15457917986
5435,21256600320,15457917986
5436,21256600320,15457917986
5437,21256600320,15457917986
5438,21256600320,15457917986
5439,21256600320,15457917986
5440,21256600320,15457917986
5441,21345397441,15457917986
5442,21434227208,15457917986
5443,21523089627,15457917986
5444,21523138608,15457917986
5445,21582093792,15457917986
5446,21582093792,15457917986
5447,21582093792,15457917986
5448,21582093792,15457917986
5449,21582093792,15457917986
5450,21582093792,15457917986
5451,21582093792,15457917986
5452,21582093792,15457917986
5453,21582093792,15457917986
5454,21582093792,15457917986
5455,21582093792,15457917986
5456,21582093792,15457917986
5457,21582093792,15457917986
5458,21582093792,15457917986
5459,21582093792,15457917986
5460,21582093792,15457917986
5461,21582093792,15457917986
5462,21582093792,15457917986
5463,21582093792,15457917986
5464,21582093792,15457917986
5465,21582093792,15457917986
5466,21582093792,15457917986
5467,21582093792,15457917986
5468,21582093792,15457917986
5469,21582093792,15457917986
5470,21582093792,15457917986
5471,21582093792,15457917986
5472,21582093792,15457917986
5473,21671938561,15457917986
5474,21761816168,15457917986
5475,21851726619,15457917986
5476,21851775888,15457917986
5477,21941752045,15457917986
5478,22031761064,15457917986
5479,22121802951,15457917986
5480,22121852256,15457917986
5481,22211959897,15457917986
5482,22302100424,15457917986
5483,22304879040,15457917986
5484,22304879040,15457917986
5485,22304879040,15457917986
5486,22304879040,15457917986
5487,22304879040,15457917986
5488,22304879040,15457917986
5489,22304879040,15548288883
5490,22304879040,15638692714
5491,22304879040,15729129485
5492,22304879040,15819599202
5493,22304879040,15910101871
5494,22304879040,16000637498
5495,22304879040,16091206089
5496,22304879040,16181807650
5497,22304879040,16272442187
5498,22304879040,16363109706
5499,22304879040,16453810213
5500,22304879040,16544543714
5501,22304879040,16635310215
5502,22304879040,16726109722
5503,22304879040,16816942241
5504,22304879040,16907807778
5505,22304879040,16998706339
5506,22304879040,17089637930
5507,22304879040,17180602557
5508,22304879040,17271600226
5509,22304879040,17362630943
5510,22304879040,17453694714
5511,22304879040,17544791545
5512,22304879040,17635921442
5513,22304879040,17727084411
5514,22304879040,17818280458
5515,22304879040,17909509589
5516,22304879040,18000771810
5517,22304879040,18092067127
5518,22304879040,18183395546
5519,22304879040,18274757073
5520,22304879040,18366151714
5521,22396306801,18457579475
5522,22487767688,18549040362
5523,22579261707,18640534381
5524,22579311408,18732061538
5525,22670871709,18823621839
5526,22762465160,18915215290
5527,22854091767,19006841897
5528,22854141504,19098501666
5529,22945834441,19190194603
5530,23037560552,19281920714
5531,23129319843,19373680005
5532,23129369616,19465472482
5533,23148346368,19557298151
5534,23148346368,19649157018
5535,23148346368,19741049089
5536,23148346368,19832974370
5537,23148346368,19924932867
5538,23148346368,20016924586
5539,23148346368,20108949533
5540,23148346368,20201007714
5541,23148346368,20293099135
5542,23148346368,20385223802
5543,23148346368,20477381721
5544,23148346368,20569572898
5545,23240570809,20661797339
5546,23292226188,20754055050
5547,23292226188,20846346037
5548,23292226188,20938670306
5549,23292226188,21031027863
5550,23292226188,21123418714
5551,23292226188,21215842865
5552,23292226188,21308300322
5553,23292226188,21400791091
5554,23292226188,21493315178
5555,23292226188,21585872589
5556,23292226188,21678463330
5557,23292226188,21771087407
5558,23292226188,21863744826
5559,23292226188,21956435593
5560,23292226188,22049159714
5561,23292226188,22141917195
5562,23292226188,22234708042
5563,23292226188,22327532261
5564,23292226188,22420389858
5565,23292226188,22513280839
5566,23292226188,22606205210
5567,23292226188,22653676458
5568,23292226188,22653676458
5569,23385250765,22653676458
5570,23387018880,22653676458
5571,23387018880,22653676458
5572,23387018880,22653676458
5573,23387018880,22653676458
5574,23387018880,22653676458
5575,23387018880,22653676458
5576,23387018880,22653676458
5577,23387018880,22653676458
5578,23387018880,22653676458
5579,23387018880,22653676458
5580,23387018880,22653676458
5581,23387018880,22653676458
5582,23387018880,22653676458
5583,23387018880,22653676458
5584,23387018880,22653676458
5585,23387018880,22653676458
5586,23387018880,22653676458
5587,23387018880,22653676458
5588,23387018880,22653676458
5589,23387018880,22653676458
5590,23387018880,22653676458
5591,23387018880,22653676458
5592,23387018880,22653676458
5593,23387018880,22653676458
5594,23387018880,22653676458
5595,23387018880,22653676458
5596,23387018880,22653676458
5597,23387018880,22653676458
5598,23387018880,22653676458
5599,23387018880,22653676458
5600,23387018880,22653676458
5601,23481115681,22653676458
5602,23495921424,22653676458
5603,23495921424,22653676458
5604,23495921424,22653676458
5605,23495921424,22653676458
5606,23495921424,22653676458
5607,23495921424,22653676458
5608,23495921424,22653676458
5609,23495921424,22653676458
5610,23495921424,22653676458
5611,23495921424,22653676458
5612,23495921424,22653676458
5613,23495921424,22653676458
5614,23495921424,22653676458
5615,23495921424,22653676458
5616,23495921424,22653676458
5617,23495921424,22653676458
5618,23495921424,22653676458
5619,23495921424,22653676458
5620,23495921424,22653676458
5621,23495921424,22653676458
5622,23495921424,22653676458
5623,23495921424,22653676458
5624,23495921424,22653676458
5625,23495921424,22653676458
5626,23495921424,22653676458
5627,23495921424,22653676458
5628,23495921424,22653676458
5629,23495921424,22653676458
5630,23495921424,22653676458
5631,23495921424,22653676458
5632,23495921424,22653676458
5633,23591096593,22653676458
5634,23686305560,22653676458
5635,23781548331,22653676458
5636,23781599040,22653676458
5637,23876909437,22653676458
5638,23972253656,22653676458
5639,24067631703,22653676458
5640,24067682448,22653676458
5641,24163128169,22653676458
5642,24258607736,22653676458
5643,24354121155,22653676458
5644,24354171936,22653676458
5645,24371979264,22653676458
5646,24371979264,22653676458
5647,24371979264,22653676458
5648,24371979264,22653676458
5649,24371979264,22653676458
5650,24371979264,22653676458
5651,24371979264,22653676458
5652,24371979264,22653676458
5653,24371979264,22653676458
5654,24371979264,22653676458
5655,24371979264,22653676458
5656,24371979264,22653676458
5657,24371979264,22653676458
5658,24371979264,22653676458
5659,24371979264,22653676458
5660,24371979264,22653676458
5661,24371979264,22653676458
5662,24371979264,22653676458
5663,24371979264,22653676458
5664,24371979264,22653676458
5665,24371979264,22653676458
5666,24371979264,22653676458
5667,24371979264,22653676458
5668,24371979264,22653676458
5669,24371979264,22653676458
5670,24371979264,22653676458
5671,24371979264,22653676458
5672,24371979264,22653676458
5673,24371979264,22653676458
5674,24371979264,22653676458
5675,24371979264,22653676458
5676,24371979264,22653676458
5677,24371979264,22653676458
5678,24371979264,22653676458
5679,24371979264,22653676458
5680,24371979264,22653676458
5681,24371979264,22653676458
5682,24371979264,22653676458
5683,24371979264,22653676458
5684,24371979264,22653676458
5685,24371979264,22653676458
5686,24371979264,22653676458
5687,24371979264,22653676458
5688,24371979264,22653676458
5689,24371979264,22653676458
5690,24371979264,22653676458
5691,24371979264,22653676458
5692,24371979264,22653676458
5693,24371979264,22653676458
5694,24371979264,22653676458
5695,24371979264,22653676458
5696,24371979264,22653676458
5697,24371979264,22653676458
5698,24371979264,22653676458
5699,24371979264,22653676458
5700,24371979264,22653676458
5701,24371979264,22653676458
5702,24371979264,22653676458
5703,24371979264,22653676458
5704,24371979264,22653676458
5705,24371979264,22653676458
5706,24371979264,22653676458
5707,24371979264,22653676458
5708,24371979264,22653676458
5709,24371979264,22653676458
5710,24371979264,22653676458
5711,24371979264,22653676458
5712,24371979264,22653676458
5713,24469877233,22653676458
5714,24567809480,22653676458
5715,24665776011,22653676458
5716,24665827440,22653676458
5717,24763862557,22653676458
5718,24861931976,22653676458
5719,24907862160,22653676458
5720,24907862160,22653676458
5721,24907862160,22653676458
5722,24907862160,22653676458
5723,24907862160,22653676458
5724,24907862160,22653676458
5725,24907862160,22653676458
5726,24907862160,22653676458
5727,24907862160,22653676458
5728,24907862160,22653676458
5729,24907862160,22653676458
5730,24907862160,22653676458
5731,24907862160,22653676458
5732,24907862160,22653676458
5733,24907862160,22653676458
5734,24907862160,22653676458
5735,24907862160,22653676458
5736,24907862160,22653676458
5737,24907862160,22653676458
5738,24907862160,22653676458
5739,24907862160,22653676458
5740,24907862160,22653676458
5741,24907862160,22653676458
5742,24907862160,22653676458
5743,24907862160,22653676458
5744,24907862160,22653676458
5745,24907862160,22653676458
5746,24907862160,22653676458
5747,24907862160,22653676458
5748,24907862160,22653676458
5749,24907862160,22653676458
5750,24907862160,22653676458
5751,24907862160,22653676458
5752,24907862160,22653676458
5753,24907862160,22653676458
5754,24907862160,22653676458
5755,24907862160,22653676458
5756,24907862160,22653676458
5757,24907862160,22653676458
5758,24907862160,22653676458
5759,24907862160,22653676458
5760,24907862160,22653676458
5761,25007412241,22653676458
5762,25088210112,22653676458
5763,25088210112,22653676458
5764,25088210112,22653676458
5765,25088210112,22653676458
5766,25088210112,22653676458
5767,25088210112,22653676458
5768,25088210112,22653676458
5769,25088210112,22653676458
5770,25088210112,22653676458
5771,25088210112,22653676458
5772,25088210112,22653676458
5773,25088210112,22653676458
5774,25088210112,22653676458
5775,25088210112,22653676458
5776,25088210112,22653676458
5777,25188313969,22653676458
5778,25288452488,22653676458
5779,25388625675,22653676458
5780,25388677680,22653676458
5781,25488920221,22653676458
5782,25589197448,22653676458
5783,25689509367,22653676458
5784,25689561408,22653676458
5785,25789942729,22653676458
5786,25890358760,22653676458
5787,25990809507,22653676458
5788,25990861584,22653676458
5789,26091381781,22653676458
5790,26141185392,22653676458
5791,26141185392,22653676458
5792,26141185392,22653676458
5793,26141185392,22653676458
5794,26141185392,22653676458
5795,26141185392,22653676458
5796,26141185392,22653676458
5797,26141185392,22653676458
5798,26141185392,22653676458
5799,26141185392,22653676458
5800,26141185392,22653676458
5801,26141185392,22653676458
5802,26141185392,22653676458
5803,26141185392,22653676458
5804,26141185392,22653676458
5805,26141185392,22653676458
5806,26141185392,22653676458
5807,26141185392,22653676458
5808,26141185392,22653676458
5809,26141185392,22653676458
5810,26141185392,22653676458
5811,26141185392,22653676458
5812,26141185392,22653676458
5813,26141185392,22653676458
5814,26141185392,22653676458
5815,26141185392,22653676458
5816,26141185392,22653676458
5817,26141185392,22653676458
5818,26141185392,22653676458
5819,26141185392,22653676458
5820,26141185392,22653676458
5821,26141185392,22653676458
5822,26141185392,22653676458
5823,26141185392,22653676458
5824,26141185392,22653676458
5825,26242959793,22653676458
5826,26344769144,22653676458
5827,26446613451,22653676458
5828,26446665888,22653676458
5829,26539502332,22653676458
5830,26539502332,22653676458
5831,26539502332,22653676458
5832,26539502332,22653676458
5833,26632663392,22755730627
5834,26632663392,22832301877
5835,26632663392,22934426048
5836,26632663392,23011049810
5837,26632663392,23113244007
5838,26632663392,23189920299
5839,26632663392,23292184546
5840,26632663392,23368913386
5841,26632663392,23471247707
5842,26632663392,23548029113
5843,26632663392,23650433532
5844,26632663392,23727267522
5845,26632663392,23829742063
5846,26632663392,23906628655
5847,26632663392,24009173342
5848,26632663392,24086112554
5849,26632663392,24188727411
5850,26632663392,24265719261
5851,26632663392,24368404312
5852,26632663392,24445448818
5853,26632663392,24548204087
5854,26632663392,24625301267
5855,26632663392,24728126778
5856,26632663392,24805276650
5857,26632663392,24908172427
5858,26632663392,24985375009
5859,26632663392,25085020150
5860,26632663392,25085020150
5861,26632663392,25085020150
5862,26632663392,25085020150
5863,26632663392,25085020150
5864,26632663392,25085020150
5865,26632663392,25085020150
5866,26632663392,25085020150
5867,26632663392,25085020150
5868,26632663392,25085020150
5869,26632663392,25085020150
5870,26632663392,25085020150
5871,26632663392,25085020150
5872,26632663392,25085020150
5873,26632663392,25085020150
5874,26632663392,25085020150
5875,26632663392,25085020150
5876,26632663392,25085020150
5877,26632663392,25085020150
5878,26632663392,25085020150
5879,26632663392,25085020150
5880,26632663392,25085020150
5881,26632663392,25085020150
5882,26632663392,25085020150
5883,26632663392,25085020150
5884,26632663392,25085020150
5885,26632663392,25085020150
5886,26632663392,25085020150
5887,26632663392,25085020150
5888,26632663392,25085020150
5889,26736686689,25085020150
5890,26840745320,25085020150
5891,26944839291,25085020150
5892,26944892304,25085020150
5893,27049056973,25085020150
5894,27153257000,25085020150
5895,27257492391,25085020150
5896,27257545440,25085020150
5897,27361851577,25085020150
5898,27466193096,25085020150
5899,27570570003,25085020150
5900,27570623088,25085020150
5901,27675070789,25085020150
5902,27777385728,25085020150
5903,27777385728,25085020150
5904,27777385728,25085020150
5905,27777385728,25085020150
5906,27777385728,25085020150
5907,27777385728,25085020150
5908,27777385728,25085020150
5909,27777385728,25085020150
5910,27777385728,25085020150
5911,27777385728,25085020150
5912,27777385728,25085020150
5913,27777385728,25085020150
5914,27777385728,25085020150
5915,27777385728,25085020150
5916,27777385728,25085020150
5917,27777385728,25085020150
5918,27777385728,25085020150
5919,27777385728,25085020150
5920,27777385728,25085020150
5921,27777385728,25085020150
5922,27777385728,25085020150
5923,27777385728,25085020150
5924,27777385728,25085020150
5925,27777385728,25085020150
5926,27777385728,25085020150
5927,27777385728,25085020150
5928,27777385728,25085020150
5929,27777385728,25085020150
5930,27777385728,25085020150
5931,27777385728,25085020150
5932,27777385728,25085020150
5933,27777385728,25085020150
5934,27777385728,25085020150
5935,27777385728,25085020150
5936,27777385728,25085020150
5937,27777385728,25085020150
5938,27777385728,25085020150
5939,27777385728,25085020150
5940,27777385728,25085020150
5941,27777385728,25085020150
5942,27777385728,25085020150
5943,27777385728,25085020150
5944,27777385728,25085020150
5945,27777385728,25085020150
5946,27777385728,25085020150
5947,27777385728,25085020150
5948,27777385728,25085020150
5949,27777385728,25085020150
5950,27777385728,25085020150
5951,27777385728,25085020150
5952,27777385728,25085020150
5953,27777385728,25085020150
5954,27777385728,25085020150
5955,27777385728,25085020150
5956,27777385728,25085020150
5957,27777385728,25085020150
5958,27777385728,25085020150
5959,27777385728,25085020150
5960,27777385728,25085020150
5961,27777385728,25085020150
5962,27777385728,25085020150
5963,27777385728,25085020150
5964,27777385728,25085020150
5965,27777385728,25085020150
5966,27777385728,25085020150
5967,27777385728,25085020150
5968,27777385728,25085020150
5969,27777385728,25085020150
5970,27777385728,25085020150
5971,27777385728,25085020150
5972,27777385728,25085020150
5973,27777385728,25085020150
5974,27777385728,25085020150
5975,27777385728,25085020150
5976,27777385728,25085020150
5977,27777385728,25085020150
5978,27777385728,25085020150
5979,27777385728,25085020150
5980,27777385728,25085020150
5981,27777385728,25085020150
5982,27777385728,25085020150
5983,27777385728,25085020150
5984,27777385728,25085020150
5985,27884828449,25085020150
5986,27992307080,25085020150
5987,28099821627,25085020150
5988,28099875504,25085020150
5989,28207461901,25085020150
5990,28239225600,25085020150
5991,28239225600,25085020150
5992,28239225600,25085020150
5993,28239225600,25085020150
5994,28239225600,25085020150
5995,28239225600,25085020150
5996,28239225600,25085020150
5997,28239225600,25085020150
5998,28239225600,25085020150
5999,28239225600,25085020150
6000,28239225600,25085020150
6001,28347243601,25193038151
6002,28455297608,25301092158
6003,28558372032,25361158173
6004,28558372032,25469284210
6005,28558372032,25577446271
6006,28558372032,25637572334
6007,28558372032,25745806461
6008,28558372032,25854076630
6009,28558372032,25914262771
6010,28558372032,26022605042
6011,28558372032,26130983373
6012,28558372032,26191229622
6013,28558372032,26299680091
6014,28558372032,26408166638
6015,28558372032,26468473025
6016,28558372032,26577031746
6017,28558372032,26685626563
6018,28558372032,26745993118
6019,28558372032,26854660145
6020,28558372032,26925869925
6021,28558372032,26925869925
6022,28558372032,26925869925
6023,28558372032,26925869925
6024,28558372032,26925869925
6025,28558372032,26925869925
6026,28558372032,26925869925
6027,28558372032,26925869925
6028,28558372032,26925869925
6029,28558372032,26925869925
6030,28558372032,26925869925
6031,28558372032,26925869925
6032,28558372032,26925869925
6033,28558372032,26925869925
6034,28558372032,26925869925
6035,28558372032,26925869925
6036,28558372032,26925869925
6037,28558372032,26925869925
6038,28558372032,26925869925
6039,28558372032,26925869925
6040,28558372032,26925869925
6041,28558372032,26925869925
6042,28558372032,26925869925
6043,28558372032,26925869925
6044,28558372032,26925869925
6045,28558372032,26925869925
6046,28558372032,26925869925
6047,28558372032,26925869925
6048,28558372032,26925869925
6049,28668125089,26925869925
6050,28777914440,26925869925
6051,28887740091,26925869925
6052,28887794544,26925869925
6053,28954265760,26925869925
6054,28954265760,26925869925
6055,28954265760,26925869925
6056,28954265760,26925869925
6057,28954265760,26925869925
6058,28954265760,26925869925
6059,28954265760,26925869925
6060,28954265760,26925869925
6061,28954265760,26925869925
6062,28954265760,26925869925
6063,28954265760,26925869925
6064,28954265760,26925869925
6065,28954265760,26925869925
6066,28954265760,26925869925
6067,28954265760,26925869925
6068,28954265760,26925869925
6069,28954265760,26925869925
6070,28954265760,26925869925
6071,28954265760,26925869925
6072,28954265760,26925869925
6073,28954265760,26925869925
6074,28954265760,26925869925
6075,28954265760,26925869925
6076,28954265760,26925869925
6077,28954265760,26925869925
6078,28954265760,26925869925
6079,28954265760,26925869925
6080,28954265760,26925869925
6081,29065183201,26925869925
6082,29176137128,26925869925
6083,29287127547,26925869925
6084,29287182288,26925869925
6085,29398245709,26925869925
6086,29509345640,26925869925
6087,29620482087,26925869925
6088,29620536864,26925869925
6089,29731746361,26925869925
6090,29842992392,26925869925
6091,29954274963,26925869925
6092,29954329776,26925869925
6093,30036536112,26925869925
6094,30036536112,26925869925
6095,30036536112,26925869925
6096,30036536112,26925869925
6097,30036536112,26925869925
6098,30036536112,26925869925
6099,30036536112,26925869925
6100,30036536112,26925869925
6101,30036536112,26925869925
6102,30036536112,26925869925
6103,30036536112,26925869925
6104,30036536112,26925869925
6105,30036536112,26925869925
6106,30036536112,26925869925
6107,30036536112,26925869925
6108,30036536112,26925869925
6109,30036536112,26925869925
6110,30036536112,26925869925
6111,30036536112,26925869925
6112,30036536112,26925869925
6113,30036536112,26925869925
6114,30036536112,26925869925
6115,30036536112,26925869925
6116,30036536112,26925869925
6117,30036536112,26925869925
6118,30036536112,26925869925
6119,30036536112,26925869925
6120,30036536112,26925869925
6121,30036536112,26925869925
6122,30036536112,26925869925
6123,30036536112,26925869925
6124,30036536112,26925869925
6125,30036536112,26925869925
6126,30036536112,26925869925
6127,30036536112,26925869925
6128,30036536112,26925869925
6129,30036536112,26925869925
6130,30036536112,26925869925
6131,30036536112,26925869925
6132,30036536112,26925869925
6133,30036536112,26925869925
6134,30036536112,26925869925
6135,30036536112,26925869925
6136,30036536112,26925869925
6137,30036536112,26925869925
6138,30036536112,26925869925
6139,30036536112,26925869925
6140,30036536112,26925869925
6141,30036536112,26925869925
6142,30036536112,26925869925
6143,30036536112,26925869925
6144,30036536112,26925869925
6145,30149800753,26925869925
6146,30263102264,26925869925
6147,30376440651,26925869925
6148,30376495968,26925869925
6149,30489908125,26925869925
6150,30603357176,26925869925
6151,30716843127,26925869925
6152,30716898480,26925869925
6153,30830458249,26925869925
6154,30944054936,26925869925
6155,31057688547,26925869925
6156,31057743936,26925869925
6157,31171451413,26925869925
6158,31247972910,26925869925
6159,31247972910,26925869925
6160,31247972910,26925869925
6161,31361828191,26925869925
6162,31447251997,26925869925
6163,31485709824,26925869925
6164,31485709824,26925869925
6165,31485709824,26925869925
6166,31485709824,26925869925
6167,31485709824,26925869925
6168,31485709824,26925869925
6169,31485709824,26925869925
6170,31485709824,26925869925
6171,31485709824,26925869925
6172,31485709824,26925869925
6173,31485709824,26925869925
6174,31485709824,26925869925
6175,31485709824,26925869925
6176,31485709824,26925869925
6177,31485709824,26925869925
6178,31485709824,26925869925
6179,31485709824,26925869925
6180,31485709824,26925869925
6181,31485709824,26925869925
6182,31485709824,26925869925
6183,31485709824,26925869925
6184,31485709824,26925869925
6185,31485709824,26925869925
6186,31485709824,26925869925
6187,31485709824,26925869925
6188,31485709824,26925869925
6189,31485709824,26925869925
6190,31485709824,26925869925
6191,31485709824,26925869925
6192,31485709824,26925869925
6193,31485709824,26925869925
6194,31485709824,26925869925
6195,31485709824,26925869925
6196,31485709824,26925869925
6197,31485709824,26925869925
6198,31485709824,26925869925
6199,31485709824,26925869925
6200,31485709824,26925869925
6201,31485709824,26925869925
6202,31485709824,26925869925
6203,31485709824,26925869925
6204,31485709824,26925869925
6205,31485709824,26925869925
6206,31485709824,26925869925
6207,31485709824,26925869925
6208,31485709824,26925869925
6209,31485709824,26925869925
6210,31485709824,26925869925
6211,31485709824,26925869925
6212,31485709824,26925869925
6213,31485709824,26925869925
6214,31485709824,26925869925
6215,31485709824,26925869925
6216,31485709824,26925869925
6217,31485709824,26925869925
6218,31485709824,26925869925
6219,31485709824,26925869925
6220,31485709824,26925869925
6221,31485709824,26925869925
6222,31485709824,26925869925
6223,31485709824,26925869925
6224,31485709824,26925869925
6225,31485709824,26925869925
6226,31485709824,26925869925
6227,31485709824,26925869925
6228,31485709824,26925869925
6229,31485709824,26925869925
6230,31485709824,26925869925
6231,31485709824,26925869925
6232,31485709824,26925869925
6233,31485709824,26925869925
6234,31485709824,26925869925
6235,31485709824,26925869925
6236,31485709824,26925869925
6237,31485709824,26925869925
6238,31485709824,26925869925
6239,31485709824,26925869925
6240,31485709824,26925869925
6241,31485709824,26925869925
6242,31485709824,26925869925
6243,31485709824,26925869925
6244,31485709824,26925869925
6245,31485709824,26925869925
6246,31485709824,26925869925
6247,31485709824,26925869925
6248,31485709824,26925869925
6249,31485709824,26925869925
6250,31485709824,26925869925
6251,31485709824,26925869925
6252,31485709824,26925869925
6253,31485709824,26925869925
6254,31485709824,26925869925
6255,31485709824,26925869925
6256,31485709824,26925869925
6257,31603141201,26925869925
6258,31720610120,26925869925
6259,31838116587,26925869925
6260,31838172912,26925869925
6261,31955754493,26925869925
6262,32073373640,26925869925
6263,32191030359,26925869925
6264,32191086720,26925869925
6265,32280986832,26925869925
6266,32280986832,26925869925
6267,32280986832,26925869925
6268,32280986832,26925869925
6269,32280986832,26925869925
6270,32280986832,26925869925
6271,32280986832,26925869925
6272,32280986832,26925869925
6273,32399019601,26925869925
6274,32517090008,26925869925
6275,32548727664,26925869925
6276,32548727664,26925869925
6277,32548727664,26925869925
6278,32548727664,26925869925
6279,32548727664,26925869925
6280,32548727664,26925869925
6281,32548727664,26925869925
6282,32548727664,26925869925
6283,32548727664,26925869925
6284,32548727664,26925869925
6285,32548727664,26925869925
6286,32548727664,26925869925
6287,32548727664,26925869925
6288,32548727664,26925869925
6289,32548727664,26925869925
6290,32548727664,26925869925
6291,32548727664,26925869925
6292,32548727664,26925869925
6293,32548727664,26925869925
6294,32548727664,26925869925
6295,32548727664,26925869925
6296,32548727664,26925869925
6297,32548727664,26925869925
6298,32548727664,26925869925
6299,32548727664,26925869925
6300,32548727664,26925869925
6301,32548727664,26925869925
6302,32548727664,26925869925
6303,32548727664,26925869925
6304,32548727664,26925869925
6305,32548727664,26925869925
6306,32548727664,26925869925
6307,32548727664,26925869925
6308,32548727664,26925869925
6309,32548727664,26925869925
6310,32548727664,26925869925
6311,32548727664,26925869925
6312,32548727664,26925869925
6313,32548727664,26925869925
6314,32548727664,26925869925
6315,32548727664,26925869925
6316,32548727664,26925869925
6317,32548727664,26925869925
6318,32548727664,26925869925
6319,32548727664,26925869925
6320,32548727664,26925869925
6321,32548727664,26925869925
6322,32548727664,26925869925
6323,32548727664,26925869925
6324,32548727664,26925869925
6325,32548727664,26925869925
6326,32548727664,26925869925
6327,32548727664,26925869925
6328,32548727664,26925869925
6329,32548727664,26925869925
6330,32548727664,26925869925
6331,32548727664,26925869925
6332,32548727664,26925869925
6333,32548727664,26925869925
6334,32548727664,26925869925
6335,32548727664,26925869925
6336,32548727664,26925869925
6337,32669181361,26925869925
6338,32789673080,26925869925
6339,32910202827,26925869925
6340,32910259872,26925869925
6341,33030865693,26925869925
6342,33151509560,26925869925
6343,33197818752,26925869925
6344,33197818752,26925869925
6345,33197818752,26925869925
6346,33197818752,26925869925
6347,33197818752,26925869925
6348,33197818752,26925869925
6349,33197818752,26925869925
6350,33197818752,26925869925
6351,33197818752,26925869925
6352,33197818752,26925869925
6353,33197818752,26925869925
6354,33197818752,26925869925
6355,33197818752,26925869925
6356,33197818752,26925869925
6357,33197818752,26925869925
6358,33197818752,26925869925
6359,33197818752,26925869925
6360,33197818752,26925869925
6361,33197818752,26925869925
6362,33197818752,26925869925
6363,33197818752,26925869925
6364,33197818752,26925869925
6365,33197818752,26925869925
6366,33197818752,26925869925
6367,33197818752,26925869925
6368,33197818752,26925869925
6369,33197818752,26925869925
6370,33197818752,26925869925
6371,33197818752,26925869925
6372,33197818752,26925869925
6373,33197818752,26925869925
6374,33197818752,26925869925
6375,33197818752,26925869925
6376,33197818752,26925869925
6377,33197818752,26925869925
6378,33197818752,26925869925
6379,33197818752,26925869925
6380,33197818752,26925869925
6381,33197818752,26925869925
6382,33197818752,26925869925
6383,33197818752,26925869925
6384,33197818752,26925869925
6385,33320104273,26925869925
6386,33416074800,26925869925
6387,33416074800,26925869925
6388,33416074800,26925869925
6389,33416074800,26925869925
6390,33416074800,26925869925
6391,33416074800,26925869925
6392,33416074800,26925869925
6393,33416074800,26925869925
6394,33416074800,26925869925
6395,33416074800,26925869925
6396,33416074800,26925869925
6397,33416074800,26925869925
6398,33416074800,26925869925
6399,33416074800,26925869925
6400,33416074800,26925869925
6401,33538974001,26925869925
6402,33661911608,26925869925
6403,33784887627,26925869925
6404,33784945248,26925869925
6405,33907998109,26925869925
6406,34031089400,26925869925
6407,34154219127,26925869925
6408,34154276784,26925869925
6409,34277483401,26925869925
6410,34400728472,26925869925
6411,34524012003,26925869925
6412,34524069696,26925869925
6413,34647430165,26925869925
6414,34770829112,26925869925
6415,34894266543,26925869925
6416,34894324272,26925869925
6417,35017838689,26925869925
6418,35141391608,26925869925
6419,35141513280,26925869925
6420,35141513280,26925869925
6421,35141513280,26925869925
6422,35141513280,26925869925
6423,35141513280,26925869925
6424,35141513280,26925869925
6425,35141513280,26925869925
6426,35141513280,26925869925
6427,35141513280,26925869925
6428,35141513280,26925869925
6429,35141513280,26925869925
6430,35141513280,26925869925
6431,35141513280,26925869925
6432,35141513280,26925869925
6433,35141513280,26925869925
6434,35141513280,26925869925
6435,35141513280,26925869925
6436,35141513280,26925869925
6437,35141513280,26925869925
6438,35141513280,26925869925
6439,35141513280,26925869925
6440,35141513280,26925869925
6441,35141513280,26925869925
6442,35141513280,26925869925
6443,35141513280,26925869925
6444,35141513280,26925869925
6445,35141513280,26925869925
6446,35141513280,26925869925
6447,35141513280,26925869925
6448,35141513280,26925869925
6449,35141513280,26925869925
6450,35141513280,26925869925
6451,35141513280,26925869925
6452,35141513280,26925869925
6453,35141513280,26925869925
6454,35141513280,26925869925
6455,35141513280,26925869925
6456,35141513280,26925869925
6457,35141513280,26925869925
6458,35141513280,26925869925
6459,35141513280,26925869925
6460,35141513280,26925869925
6461,35141513280,26925869925
6462,35141513280,26925869925
6463,35141513280,26925869925
6464,35141513280,26925869925
6465,35141513280,26925869925
6466,35141513280,26925869925
6467,35141513280,26925869925
6468,35141513280,26925869925
6469,35141513280,26925869925
6470,35141513280,26925869925
6471,35141513280,26925869925
6472,35141513280,26925869925
6473,35141513280,26925869925
6474,35141513280,26925869925
6475,35141513280,26925869925
6476,35141513280,26925869925
6477,35141513280,26925869925
6478,35141513280,26925869925
6479,35141513280,26925869925
6480,35141513280,26925869925
6481,35267503921,26925869925
6482,35393533448,26925869925
6483,35509841664,26925869925
6484,35509841664,26925869925
6485,35509841664,26925869925
6486,35509841664,26925869925
6487,35509841664,26925869925
6488,35509841664,26925869925
6489,35509841664,26925869925
6490,35509841664,26925869925
6491,35509841664,26925869925
6492,35509841664,26925869925
6493,35509841664,26925869925
6494,35509841664,26925869925
6495,35509841664,26925869925
6496,35509841664,26925869925
6497,35509841664,26925869925
6498,35509841664,26925869925
6499,35509841664,26925869925
6500,35509841664,26925869925
6501,35509841664,26925869925
6502,35509841664,26925869925
6503,35509841664,26925869925
6504,35509841664,26925869925
6505,35509841664,26925869925
6506,35509841664,26925869925
6507,35509841664,26925869925
6508,35509841664,26925869925
6509,35509841664,26925869925
6510,35509841664,26925869925
6511,35509841664,26925869925
6512,35509841664,26925869925
6513,35509841664,26925869925
6514,35509841664,26925869925
6515,35509841664,26925869925
6516,35509841664,26925869925
6517,35509841664,26925869925
6518,35509841664,26925869925
6519,35509841664,26925869925
6520,35509841664,26925869925
6521,35509841664,26925869925
6522,35509841664,26925869925
6523,35509841664,26925869925
6524,35509841664,26925869925
6525,35509841664,26925869925
6526,35509841664,26925869925
6527,35509841664,26925869925
6528,35509841664,26925869925
6529,35637705601,26925869925
6530,35765608712,26925869925
6531,35893551003,26925869925
6532,35893609776,26925869925
6533,36021630445,26925869925
6534,36149690312,26925869925
6535,36277789383,26925869925
6536,36277848192,26925869925
6537,36406025689,26925869925
6538,36534242408,26925869925
6539,36662498355,26925869925
6540,36662557200,26925869925
6541,36790891621,26925869925
6542,36894033312,26925869925
6543,36894033312,26925869925
6544,36894033312,26925869925
6545,36894033312,26925869925
6546,36894033312,26925869925
6547,36894033312,26925869925
6548,36894033312,26925869925
6549,36894033312,26925869925
6550,36894033312,26925869925
6551,36894033312,26925869925
6552,36894033312,26925869925
6553,36894033312,26925869925
6554,36894033312,26925869925
6555,36894033312,26925869925
6556,36894033312,26925869925
6557,36894033312,26925869925
6558,36894033312,26925869925
6559,36894033312,26925869925
6560,36894033312,26925869925
6561,36894033312,26925869925
6562,36894033312,26925869925
6563,36894033312,26925869925
6564,36894033312,26925869925
6565,36894033312,26925869925
6566,36894033312,26925869925
6567,36894033312,26925869925
6568,36894033312,26925869925
6569,36894033312,26925869925
6570,36894033312,26925869925
6571,36894033312,26925869925
6572,36894033312,26925869925
6573,36894033312,26925869925
6574,36894033312,26925869925
6575,36894033312,26925869925
6576,36894033312,26925869925
6577,36894033312,26925869925
6578,36894033312,26925869925
6579,36894033312,26925869925
6580,36894033312,26925869925
6581,36894033312,26925869925
6582,36894033312,26925869925
6583,36894033312,26925869925
6584,36894033312,26925869925
6585,36894033312,26925869925
6586,36894033312,26925869925
6587,36894033312,26925869925
6588,36894033312,26925869925
6589,36894033312,26925869925
6590,36894033312,26925869925
6591,36894033312,26925869925
6592,36894033312,26925869925
6593,36894033312,26925869925
6594,36894033312,26925869925
6595,36894033312,26925869925
6596,36894033312,26925869925
6597,36894033312,26925869925
6598,36894033312,26925869925
6599,36894033312,26925869925
6600,36894033312,26925869925
6601,36894033312,26925869925
6602,36894033312,26925869925
6603,36894033312,26925869925
6604,36894033312,26925869925
6605,36894033312,26925869925
6606,36894033312,26925869925
6607,36894033312,26925869925
6608,36894033312,26925869925
6609,36894033312,26925869925
6610,36894033312,26925869925
6611,36894033312,26925869925
6612,36894033312,26925869925
6613,36894033312,26925869925
6614,36894033312,26925869925
6615,36894033312,26925869925
6616,36894033312,26925869925
6617,36894033312,26925869925
6618,36894033312,26925869925
6619,36894033312,26925869925
6620,36894033312,26925869925
6621,36894033312,26925869925
6622,36894033312,26925869925
6623,36894033312,26925869925
6624,36894033312,26925869925
6625,37025685313,26925869925
6626,37157377064,26925869925
6627,37289108571,26925869925
6628,37289168208,26925869925
6629,37420979245,26925869925
6630,37552830056,26925869925
6631,37684720647,26925869925
6632,37684780320,26925869925
6633,37689286992,26925869925
6634,37689286992,26925869925
6635,37689286992,26925869925
6636,37689286992,26925869925
6637,37689286992,26925869925
6638,37689286992,26925869925
6639,37689286992,26925869925
6640,37689286992,26925869925
6641,37689286992,26925869925
6642,37689286992,26925869925
6643,37689286992,26925869925
6644,37689286992,26925869925
6645,37689286992,26925869925
6646,37689286992,26925869925
6647,37689286992,26925869925
6648,37689286992,26925869925
6649,37689286992,26925869925
6650,37689286992,26925869925
6651,37689286992,26925869925
6652,37689286992,26925869925
6653,37689286992,26925869925
6654,37689286992,26925869925
6655,37689286992,26925869925
6656,37689286992,26925869925
6657,37822213969,26925869925
6658,37836427104,26925869925
6659,37836427104,26925869925
6660,37836427104,26925869925
6661,37836427104,26925869925
6662,37836427104,26925869925
6663,37836427104,26925869925
6664,37836427104,26925869925
6665,37836427104,26925869925
6666,37836427104,26925869925
6667,37836427104,26925869925
6668,37836427104,26925869925
6669,37836427104,26925869925
6670,37836427104,26925869925
6671,37836427104,26925869925
6672,37836427104,26925869925
6673,37836427104,26925869925
6674,37836427104,26925869925
6675,37836427104,26925869925
6676,37836427104,26925869925
6677,37836427104,26925869925
6678,37836427104,26925869925
6679,37836427104,26925869925
6680,37836427104,26925869925
6681,37836427104,26925869925
6682,37836427104,26925869925
6683,37836427104,26925869925
6684,37836427104,26925869925
6685,37836427104,26925869925
6686,37836427104,26925869925
6687,37836427104,26925869925
6688,37836427104,26925869925
6689,37970635201,26925869925
6690,38104883432,26925869925
6691,38239171803,26925869925
6692,38239232016,26925869925
6693,38313552960,26925869925
6694,38313552960,26925869925
6695,38313552960,26925869925
6696,38313552960,26925869925
6697,38313552960,26925869925
6698,38313552960,26925869925
6699,38313552960,26925869925
6700,38313552960,26925869925
6701,38313552960,26925869925
6702,38313552960,26925869925
6703,38313552960,26925869925
6704,38313552960,26925869925
6705,38313552960,26925869925
6706,38313552960,26925869925
6707,38313552960,26925869925
6708,38313552960,26925869925
6709,38313552960,26925869925
6710,38313552960,26925869925
6711,38313552960,26925869925
6712,38313552960,26925869925
6713,38313552960,26925869925
6714,38313552960,26925869925
6715,38313552960,26925869925
6716,38313552960,26925869925
6717,38313552960,26925869925
6718,38313552960,26925869925
6719,38313552960,26925869925
6720,38313552960,26925869925
6721,38449048321,26925869925
6722,38584584008,26925869925
6723,38720160027,26925869925
6724,38720220528,26925869925
6725,38855877229,26925869925
6726,38991574280,26925869925
6727,39127311687,26925869925
6728,39127372224,26925869925
6729,39263190361,26925869925
6730,39399048872,26925869925
6731,39534947763,26925869925
6732,39535008336,26925869925
6733,39670988005,26925869925
6734,39807008072,26925869925
6735,39862671360,26925869925
6736,39862671360,26925869925
6737,39862671360,26925869925
6738,39862671360,26925869925
6739,39862671360,26925869925
6740,39862671360,26925869925
6741,39862671360,26925869925
6742,39862671360,26925869925
6743,39862671360,26925869925
6744,39862671360,26925869925
6745,39862671360,26925869925
6746,39862671360,26925869925
6747,39862671360,26925869925
6748,39862671360,26925869925
6749,39862671360,26925869925
6750,39862671360,26925869925
6751,39862671360,27062577676
6752,39862671360,27199325933
6753,39862671360,27336114702
6754,39862671360,27472943989
6755,39862671360,27609813800
6756,39862671360,27746724141
6757,39862671360,27883675018
6758,39862671360,28020666437
6759,39862671360,28157698404
6760,39862671360,28294770925
6761,39862671360,28431884006
6762,39862671360,28569037653
6763,39862671360,28706231872
6764,39862671360,28843466669
6765,39862671360,28980742050
6766,39862671360,29118058021
6767,39862671360,29255414588
6768,39862671360,29392811757
6769,39862671360,29530249534
6770,39862671360,29667727925
6771,39862671360,29805246936
6772,39862671360,29942806573
6773,39862671360,30080406842
6774,39862671360,30218047749
6775,39862671360,30355729300
6776,39862671360,30493451501
6777,39862671360,30631214358
6778,39862671360,30769017877
6779,39862671360,30906862064
6780,39862671360,31044746925
6781,39862671360,31182672466
6782,39862671360,31320638693
6783,39862671360,31356937728
6784,39862671360,31356937728
6785,39862671360,31356937728
6786,39862671360,31356937728
6787,39862671360,31356937728
6788,39862671360,31356937728
6789,39862671360,31356937728
6790,39862671360,31356937728
6791,39862671360,31356937728
6792,39862671360,31356937728
6793,39862671360,31356937728
6794,39862671360,31356937728
6795,39862671360,31356937728
6796,39862671360,31356937728
6797,39862671360,31356937728
6798,39862671360,31356937728
6799,39862671360,31356937728
6800,39862671360,31356937728
6801,40001411761,31356937728
6802,40140192968,31356937728
6803,40279014987,31356937728
6804,40279076208,31356937728
6805,40417979869,31356937728
6806,40556924360,31356937728
6807,40695909687,31356937728
6808,40695970944,31356937728
6809,40835037961,31356937728
6810,40974145832,31356937728
6811,41113294563,31356937728
6812,41113355856,31356937728
6813,41252586325,31356937728
6814,41391857672,31356937728
6815,41531169903,31356937728
6816,41531231232,31356937728
6817,41589864540,31356937728
6818,41589864540,31356937728
6819,41589864540,31356937728
6820,41589864540,31356937728
6821,41589864540,31356937728
6822,41589864540,31356937728
6823,41589864540,31356937728
6824,41589864540,31356937728
6825,41589864540,31356937728
6826,41589864540,31356937728
6827,41589864540,31356937728
6828,41589864540,31356937728
6829,41589864540,31356937728
6830,41589864540,31356937728
6831,41589864540,31356937728
6832,41589864540,31356937728
6833,41589864540,31356937728
6834,41589864540,31356937728
6835,41589864540,31356937728
6836,41589864540,31356937728
6837,41589864540,31356937728
6838,41589864540,31356937728
6839,41589864540,31356937728
6840,41589864540,31356937728
6841,41609393232,31356937728
6842,41609393232,31356937728
6843,41609393232,31356937728
6844,41609393232,31356937728
6845,41609393232,31356937728
6846,41609393232,31356937728
6847,41609393232,31356937728
6848,41609393232,31356937728
6849,41609393232,31356937728
6850,41609393232,31356937728
6851,41609393232,31356937728
6852,41609393232,31356937728
6853,41609393232,31356937728
6854,41609393232,31356937728
6855,41609393232,31356937728
6856,41609393232,31356937728
6857,41609393232,31356937728
6858,41609393232,31356937728
6859,41609393232,31356937728
6860,41609393232,31356937728
6861,41609393232,31356937728
6862,41609393232,31356937728
6863,41609393232,31356937728
6864,41609393232,31356937728
6865,41609393232,31356937728
6866,41609393232,31356937728
6867,41609393232,31356937728
6868,41609393232,31356937728
6869,41609393232,31356937728
6870,41609393232,31356937728
6871,41609393232,31356937728
6872,41609393232,31356937728
6873,41609393232,31356937728
6874,41609393232,31356937728
6875,41609393232,31356937728
6876,41609393232,31356937728
6877,41609393232,31356937728
6878,41609393232,31356937728
6879,41609393232,31356937728
6880,41609393232,31356937728
6881,41609393232,31356937728
6882,41609393232,31356937728
6883,41609393232,31356937728
6884,41609393232,31356937728
6885,41609393232,31356937728
6886,41609393232,31356937728
6887,41609393232,31356937728
6888,41609393232,31356937728
6889,41609393232,31356937728
6890,41609393232,31356937728
6891,41609393232,31356937728
6892,41609393232,31356937728
6893,41609393232,31356937728
6894,41609393232,31356937728
6895,41609393232,31356937728
6896,41609393232,31356937728
6897,41609393232,31356937728
6898,41609393232,31356937728
6899,41609393232,31356937728
6900,41609393232,31356937728
6901,41609393232,31356937728
6902,41609393232,31356937728
6903,41609393232,31356937728
6904,41609393232,31356937728
6905,41609393232,31356937728
6906,41609393232,31356937728
6907,41609393232,31356937728
6908,41609393232,31356937728
6909,41609393232,31356937728
6910,41609393232,31356937728
6911,41609393232,31356937728
6912,41609393232,31356937728
6913,41752741201,31500285697
6914,41896130648,31643675144
6915,42039561579,31787106075
6916,42039623808,31930578496
6917,42183137725,32074092413
6918,42326693144,32217647832
6919,42470290071,32361244759
6920,42470352336,32504883200
6921,42614032297,32648563161
6922,42757753784,32792284648
6923,42887648832,32936047667
6924,42887648832,33079852224
6925,42887648832,33223698325
6926,42887648832,33367585976
6927,42887648832,33511515183
6928,42887648832,33655485952
6929,42887648832,33799498289
6930,42887648832,33943552200
6931,42887648832,34087647691
6932,42887648832,34231784768
6933,42887648832,34375963437
6934,42887648832,34507327421
6935,42887648832,34651589292
6936,42887648832,34759822104
6937,42887648832,34904167201
6938,42887648832,35012462443
6939,42887648832,35156890790
6940,42887648832,35265248480
6941,42887648832,35409760101
6942,42887648832,35518180257
6943,42887648832,35662775176
6944,42887648832,35771257816
6945,42887648832,35915936057
6946,42887648832,36024481199
6947,42887648832,36169242786
6948,42887648832,36277850448
6949,42887648832,36422695405
6950,42887648832,36531365605
6951,42887648832,36676293956
6952,42887648832,36785026712
6953,42887648832,36930038481
6954,42887648832,37038833811
6955,42887648832,37183929022
6956,42887648832,37292786944
6957,42887648832,37437965621
6958,42887648832,37546886153
6959,42887648832,37692148320
6960,42887648832,37801131480
6961,42887648832,37946477161
6962,42887648832,38055522967
6963,42887648832,38200952186
6964,42887648832,38310060656
6965,42887648832,38455573437
6966,42887648832,38564744589
6967,42887648832,38710340956
6968,42887648832,38819574808
6969,42887648832,38965254785
6970,42887648832,39074551355
6971,42887648832,39220314966
6972,42887648832,39329674272
6973,42887648832,39475521541
6974,42887648832,39584943601
6975,42887648832,39730874552
6976,42887648832,39840359384
6977,42887648832,39986374041
6978,42887648832,40095921663
6979,42887648832,40242020050
6980,42887648832,40351630480
6981,42887648832,40497812621
6982,42887648832,40607485877
6983,42887648832,40753751796
6984,42887648832,40863487896
6985,42887648832,41009837617
6986,42887648832,41119636579
6987,42887648832,41266070126
6988,42887648832,41375931968
6989,42887648832,41522449365
6990,42887648832,41632374105
6991,42887648832,41778975376
6992,42887648832,41888963032
6993,43034334001,42035648201
6994,43181061128,42145698791
6995,43327830219,42292467882
6996,43327893168,42402581424
6997,43474746205,42549434461
6998,43621641224,42659610973
6999,43666963920,42806547980
7000,43666963920,42916787480
7001,43666963920,43063808481
7002,43666963920,43174110987
7003,43666963920,43321216006
7004,43666963920,43431581536
7005,43666963920,43578770597
7006,43666963920,43666963920
7007,43666963920,43666963920
7008,43666963920,43666963920
7009,43666963920,43666963920
7010,43666963920,43666963920
7011,43666963920,43666963920
7012,43666963920,43666963920
7013,43666963920,43666963920
7014,43666963920,43666963920
7015,43666963920,43666963920
7016,43666963920,43666963920
7017,43666963920,43666963920
7018,43666963920,43666963920
7019,43666963920,43666963920
7020,43666963920,43666963920
7021,43666963920,43666963920
7022,43666963920,43666963920
7023,43666963920,43666963920
7024,43666963920,43666963920
7025,43666963920,43666963920
7026,43666963920,43666963920
7027,43666963920,43666963920
7028,43666963920,43666963920
7029,43666963920,43666963920
7030,43666963920,43666963920
7031,43666963920,43666963920
7032,43666963920,43666963920
7033,43666963920,43666963920
7034,43666963920,43666963920
7035,43666963920,43666963920
7036,43666963920,43666963920
7037,43666963920,43666963920
7038,43666963920,43666963920
7039,43666963920,43666963920
7040,43666963920,43666963920
7041,43815669841,43815669841
7042,43928808192,43928808192
7043,43928808192,43928808192
7044,43928808192,43928808192
7045,43928808192,43928808192
7046,43928808192,43928808192
7047,43928808192,43928808192
7048,43928808192,43928808192
7049,43928808192,43928808192
7050,43928808192,43928808192
7051,43928808192,43928808192
7052,43928808192,43928808192
7053,43928808192,43928808192
7054,43928808192,43928808192
7055,43928808192,43928808192
7056,43928808192,43928808192
7057,44078190769,44078190769
7058,44227615688,44227615688
7059,44377082955,44377082955
7060,44377146480,44377146480
7061,44526698461,44526698461
7062,44557089024,44557089024
7063,44557089024,44557089024
7064,44557089024,44557089024
7065,44557089024,44557089024
7066,44557089024,44557089024
7067,44557089024,44557089024
7068,44557089024,44557089024
7069,44557089024,44557089024
7070,44557089024,44557089024
7071,44557089024,44557089024
7072,44557089024,44557089024
7073,44707149793,44707149793
7074,44857253000,44857253000
7075,45007398651,45007398651
7076,45007462320,45007462320
7077,45157692877,45129042918
7078,45307965896,45129042918
7079,45458281383,45129042918
7080,45458345088,45129042918
7081,45608745529,45129042918
7082,45759188456,45129042918
7083,45909673875,45129042918
7084,45909737616,45129042918
7085,46060308037,45129042918
7086,46210920968,45129042918
7087,46361576415,45129042918
7088,46361640192,45129042918
7089,46505582796,45129042918
7090,46505582796,45129042918
7091,46505582796,45129042918
7092,46505582796,45129042918
7093,46505582796,45129042918
7094,46505582796,45129042918
7095,46505582796,45129042918
7096,46505582796,45129042918
7097,46505582796,45129042918
7098,46505582796,45129042918
7099,46541400432,45129042918
7100,46541400432,45129042918
7101,46541400432,45129042918
7102,46541400432,45129042918
7103,46541400432,45129042918
7104,46541400432,45129042918
7105,46541400432,45129042918
7106,46541400432,45129042918
7107,46541400432,45129042918
7108,46541400432,45129042918
7109,46541400432,45129042918
7110,46541400432,45129042918
7111,46541400432,45129042918
7112,46541400432,45129042918
7113,46541400432,45129042918
7114,46541400432,45129042918
7115,46541400432,45129042918
7116,46541400432,45129042918
7117,46541400432,45129042918
7118,46541400432,45129042918
7119,46541400432,45129042918
7120,46541400432,45129042918
7121,46541400432,45129042918
7122,46541400432,45129042918
7123,46541400432,45129042918
7124,46541400432,45129042918
7125,46541400432,45129042918
7126,46541400432,45129042918
7127,46541400432,45129042918
7128,46541400432,45129042918
7129,46541400432,45129042918
7130,46541400432,45129042918
7131,46541400432,45129042918
7132,46541400432,45129042918
7133,46541400432,45129042918
7134,46541400432,45129042918
7135,46541400432,45129042918
7136,46541400432,45129042918
7137,46541400432,45129042918
7138,46541400432,45129042918
7139,46541400432,45129042918
7140,46541400432,45129042918
7141,46541400432,45129042918
7142,46541400432,45129042918
7143,46541400432,45129042918
7144,46541400432,45129042918
7145,46541400432,45129042918
7146,46541400432,45129042918
7147,46541400432,45129042918
7148,46541400432,45129042918
7149,46541400432,45129042918
7150,46541400432,45129042918
7151,46541400432,45129042918
7152,46541400432,45129042918
7153,46541400432,45129042918
7154,46541400432,45129042918
7155,46541400432,45129042918
7156,46541400432,45129042918
7157,46541400432,45129042918
7158,46541400432,45129042918
7159,46541400432,45129042918
7160,46541400432,45129042918
7161,46541400432,45129042918
7162,46541400432,45129042918
7163,46541400432,45129042918
7164,46541400432,45129042918
7165,46541400432,45129042918
7166,46541400432,45129042918
7167,46541400432,45129042918
7168,46541400432,45129042918
7169,46695562609,45129042918
7170,46709911680,45129042918
7171,46709911680,45129042918
7172,46709911680,45129042918
7173,46709911680,45129042918
7174,46709911680,45129042918
7175,46709911680,45129042918
7176,46709911680,45129042918
7177,46709911680,45129042918
7178,46709911680,45129042918
7179,46709911680,45129042918
7180,46709911680,45129042918
7181,46709911680,45129042918
7182,46709911680,45129042918
7183,46709911680,45129042918
7184,46709911680,45129042918
7185,46709911680,45129042918
7186,46709911680,45129042918
7187,46709911680,45129042918
7188,46709911680,45129042918
7189,46709911680,45129042918
7190,46709911680,45129042918
7191,46709911680,45129042918
7192,46709911680,45129042918
7193,46709911680,45129042918
7194,46709911680,45129042918
7195,46709911680,45129042918
7196,46709911680,45129042918
7197,46709911680,45129042918
7198,46709911680,45129042918
7199,46709911680,45129042918
7200,46709911680,45129042918
7201,46865453281,45129042918
7202,47021038088,45129042918
7203,47176666107,45129042918
7204,47176730928,45129042918
7205,47332445389,45129042918
7206,47488203080,45129042918
7207,47644004007,45129042918
7208,47644068864,45129042918
7209,47799956281,45129042918
7210,47955886952,45129042918
7211,48111860883,45129042918
7212,48111925776,45129042918
7213,48267986245,45129042918
7214,48369041952,45129042918
7215,48369041952,45129042918
7216,48369041952,45129042918
7217,48369041952,45129042918
7218,48369041952,45129042918
7219,48369041952,45129042918
7220,48369041952,45129042918
7221,48369041952,45129042918
7222,48369041952,45129042918
7223,48369041952,45129042918
7224,48369041952,45129042918
7225,48369041952,45129042918
7226,48369041952,45129042918
7227,48369041952,45129042918
7228,48369041952,45129042918
7229,48369041952,45129042918
7230,48369041952,45129042918
7231,48369041952,45129042918
7232,48369041952,45129042918
7233,48369041952,45129042918
7234,48369041952,45129042918
7235,48369041952,45129042918
7236,48369041952,45129042918
7237,48369041952,45129042918
7238,48369041952,45129042918
7239,48369041952,45129042918
7240,48369041952,45129042918
7241,48369041952,45129042918
7242,48369041952,45129042918
7243,48369041952,45129042918
7244,48369041952,45129042918
7245,48369041952,45129042918
7246,48369041952,45129042918
7247,48369041952,45129042918
7248,48369041952,45129042918
7249,48369041952,45129042918
7250,48369041952,45129042918
7251,48369041952,45129042918
7252,48369041952,45129042918
7253,48369041952,45129042918
7254,48369041952,45129042918
7255,48369041952,45129042918
7256,48369041952,45129042918
7257,48369041952,45129042918
7258,48369041952,45129042918
7259,48369041952,45129042918
7260,48369041952,45129042918
7261,48369041952,45129042918
7262,48369041952,45129042918
7263,48369041952,45129042918
7264,48369041952,45129042918
7265,48369041952,45129042918
7266,48369041952,45129042918
7267,48369041952,45129042918
7268,48369041952,45129042918
7269,48369041952,45129042918
7270,48369041952,45129042918
7271,48369041952,45129042918
7272,48369041952,45129042918
7273,48369041952,45129042918
7274,48369041952,45129042918
7275,48369041952,45129042918
7276,48369041952,45129042918
7277,48369041952,45129042918
7278,48369041952,45129042918
7279,48369041952,45129042918
7280,48369041952,45129042918
7281,48369041952,45129042918
7282,48369041952,45129042918
7283,48369041952,45129042918
7284,48369041952,45129042918
7285,48369041952,45129042918
7286,48369041952,45129042918
7287,48369041952,45129042918
7288,48369041952,45129042918
7289,48369041952,45129042918
7290,48369041952,45129042918
7291,48369041952,45288497089
7292,48369041952,45396314240
7293,48369041952,45396314240
7294,48369041952,45396314240
7295,48369041952,45396314240
7296,48369041952,45396314240
7297,48528758689,45396314240
7298,48688519208,45396314240
7299,48848323515,45396314240
7300,48848389200,45396314240
7301,49008281101,45396314240
7302,49168216808,45396314240
7303,49328196327,45396314240
7304,49328262048,45396314240
7305,49488329209,45396314240
7306,49496571360,45396314240
7307,49496571360,45396314240
7308,49496571360,45396314240
7309,49496571360,45396314240
7310,49496571360,45396314240
7311,49496571360,45396314240
7312,49496571360,45396314240
7313,49496571360,45396314240
7314,49496571360,45396314240
7315,49496571360,45396314240
7316,49496571360,45396314240
7317,49496571360,45396314240
7318,49496571360,45396314240
7319,49496571360,45396314240
7320,49496571360,45396314240
7321,49496571360,45396314240
7322,49496571360,45396314240
7323,49496571360,45396314240
7324,49496571360,45396314240
7325,49496571360,45396314240
7326,49496571360,45396314240
7327,49496571360,45396314240
7328,49496571360,45396314240
7329,49496571360,45396314240
7330,49496571360,45396314240
7331,49496571360,45396314240
7332,49496571360,45396314240
7333,49496571360,45396314240
7334,49496571360,45396314240
7335,49496571360,45396314240
7336,49496571360,45396314240
7337,49496571360,45396314240
7338,49496571360,45396314240
7339,49496571360,45396314240
7340,49496571360,45396314240
7341,49496571360,45396314240
7342,49496571360,45396314240
7343,49496571360,45396314240
7344,49496571360,45396314240
7345,49496571360,45396314240
7346,49496571360,45396314240
7347,49496571360,45396314240
7348,49496571360,45396314240
7349,49496571360,45396314240
7350,49496571360,45396314240
7351,49496571360,45396314240
7352,49496571360,45396314240
7353,49496571360,45396314240
7354,49496571360,45396314240
7355,49496571360,45396314240
7356,49496571360,45396314240
7357,49496571360,45396314240
7358,49496571360,45396314240
7359,49496571360,45396314240
7360,49496571360,45396314240
7361,49659102241,45396314240
7362,49821677288,45396314240
7363,49984296507,45396314240
7364,49984362768,45396314240
7365,50066817984,45396314240
7366,50066817984,45396314240
7367,50066817984,45396314240
7368,50066817984,45396314240
7369,50066817984,45396314240
7370,50066817984,45396314240
7371,50066817984,45396314240
7372,50066817984,45396314240
7373,50066817984,45396314240
7374,50066817984,45396314240
7375,50066817984,45396314240
7376,50066817984,45396314240
7377,50066817984,45396314240
7378,50066817984,45396314240
7379,50066817984,45396314240
7380,50066817984,45396314240
7381,50066817984,45396314240
7382,50066817984,45396314240
7383,50066817984,45396314240
7384,50066817984,45396314240
7385,50066817984,45396314240
7386,50066817984,45396314240
7387,50066817984,45396314240
7388,50066817984,45396314240
7389,50066817984,45396314240
7390,50066817984,45396314240
7391,50066817984,45396314240
7392,50066817984,45396314240
7393,50230765153,45396314240
7394,50394756680,45396314240
7395,50558792571,45396314240
7396,50558859120,45396314240
7397,50722983757,45396314240
7398,50887152776,45396314240
7399,51051366183,45396314240
7400,51051432768,45396314240
7401,51215734969,45396314240
7402,51380081576,45396314240
7403,51444476352,45396314240
7404,51444476352,45396314240
7405,51444476352,45396314240
7406,51444476352,45396314240
7407,51444476352,45396314240
7408,51444476352,45396314240
7409,51444476352,45396314240
7410,51444476352,45396314240
7411,51444476352,45396314240
7412,51444476352,45396314240
7413,51444476352,45396314240
7414,51444476352,45396314240
7415,51444476352,45396314240
7416,51444476352,45396314240
7417,51444476352,45396314240
7418,51444476352,45396314240
7419,51444476352,45396314240
7420,51444476352,45396314240
7421,51444476352,45396314240
7422,51444476352,45396314240
7423,51444476352,45396314240
7424,51444476352,45396314240
7425,51609845953,45396314240
7426,51775260104,45396314240
7427,51940718811,45396314240
7428,51940785648,45396314240
7429,52106333485,45396314240
7430,52142120640,45396314240
7431,52142120640,45396314240
7432,52142120640,45396314240
7433,52142120640,45396314240
7434,52142120640,45396314240
7435,52142120640,45396314240
7436,52142120640,45396314240
7437,52142120640,45396314240
7438,52142120640,45396314240
7439,52142120640,45396314240
7440,52142120640,45396314240
7441,52210692912,45396314240
7442,52210692912,45396314240
7443,52210692912,45396314240
7444,52210692912,45396314240
7445,52210692912,45396314240
7446,52210692912,45396314240
7447,52210692912,45396314240
7448,52210692912,45396314240
7449,52210692912,45396314240
7450,52210692912,45396314240
7451,52210692912,45396314240
7452,52210692912,45396314240
7453,52210692912,45396314240
7454,52210692912,45396314240
7455,52210692912,45396314240
7456,52210692912,45396314240
7457,52210692912,45396314240
7458,52210692912,45396314240
7459,52210692912,45396314240
7460,52210692912,45396314240
7461,52210692912,45396314240
7462,52210692912,45396314240
7463,52210692912,45396314240
7464,52210692912,45396314240
7465,52210692912,45396314240
7466,52210692912,45396314240
7467,52210692912,45396314240
7468,52210692912,45396314240
7469,52210692912,45396314240
7470,52210692912,45396314240
7471,52210692912,45396314240
7472,52210692912,45396314240
7473,52210692912,45396314240
7474,52210692912,45396314240
7475,52210692912,45396314240
7476,52210692912,45396314240
7477,52210692912,45396314240
7478,52210692912,45396314240
7479,52210692912,45396314240
7480,52210692912,45396314240
7481,52210692912,45396314240
7482,52210692912,45396314240
7483,52210692912,45396314240
7484,52210692912,45396314240
7485,52210692912,45396314240
7486,52210692912,45396314240
7487,52210692912,45396314240
7488,52210692912,45396314240
7489,52378925809,45396314240
7490,52547203640,45396314240
7491,52715526411,45396314240
7492,52715593824,45396314240
7493,52884006493,45396314240
7494,53052464120,45396314240
7495,53220966711,45396314240
7496,53221034160,45396314240
7497,53389626697,45396314240
7498,53558264216,45396314240
7499,53726946723,45396314240
7500,53727014208,45396314240
7501,53895786709,45396314240
7502,54064604216,45396314240
7503,54233466735,45396314240
7504,54233534256,45396314240
7505,54298164480,45396314240
7506,54298164480,45396314240
7507,54298164480,45396314240
7508,54298164480,45396314240
7509,54298164480,45396314240
7510,54298164480,45396314240
7511,54298164480,45396314240
7512,54298164480,45396314240
7513,54298164480,45396314240
7514,54298164480,45396314240
7515,54298164480,45396314240
7516,54298164480,45396314240
7517,54298164480,45396314240
7518,54298164480,45396314240
7519,54298164480,45396314240
7520,54298164480,45396314240
7521,54298164480,45396314240
7522,54298164480,45396314240
7523,54298164480,45396314240
7524,54298164480,45396314240
7525,54298164480,45396314240
7526,54298164480,45396314240
7527,54298164480,45396314240
7528,54298164480,45396314240
7529,54298164480,45396314240
7530,54298164480,45396314240
7531,54298164480,45396314240
7532,54298164480,45396314240
7533,54298164480,45396314240
7534,54298164480,45396314240
7535,54298164480,45396314240
7536,54298164480,45396314240
7537,54298164480,45396314240
7538,54298164480,45396314240
7539,54298164480,45396314240
7540,54298164480,45396314240
7541,54298164480,45396314240
7542,54298164480,45396314240
7543,54298164480,45396314240
7544,54298164480,45396314240
7545,54298164480,45396314240
7546,54298164480,45396314240
7547,54298164480,45396314240
7548,54298164480,45396314240
7549,54298164480,45396314240
7550,54298164480,45396314240
7551,54298164480,45396314240
7552,54298164480,45396314240
7553,54298164480,45396314240
7554,54298164480,45396314240
7555,54298164480,45396314240
7556,54298164480,45396314240
7557,54298164480,45396314240
7558,54298164480,45396314240
7559,54298164480,45396314240
7560,54298164480,45396314240
7561,54298164480,45396314240
7562,54298164480,45396314240
7563,54298164480,45396314240
7564,54298164480,45396314240
7565,54298164480,45396314240
7566,54298164480,45396314240
7567,54298164480,45396314240
7568,54298164480,45396314240
7569,54298164480,45396314240
7570,54298164480,45396314240
7571,54298164480,45396314240
7572,54298164480,45396314240
7573,54298164480,45396314240
7574,54298164480,45396314240
7575,54298164480,45396314240
7576,54298164480,45396314240
7577,54298164480,45396314240
7578,54298164480,45396314240
7579,54298164480,45396314240
7580,54298164480,45396314240
7581,54298164480,45396314240
7582,54298164480,45396314240
7583,54298164480,45396314240
7584,54298164480,45396314240
7585,54298164480,45396314240
7586,54298164480,45396314240
7587,54298164480,45396314240
7588,54298164480,45396314240
7589,54298164480,45396314240
7590,54298164480,45396314240
7591,54298164480,45396314240
7592,54298164480,45396314240
7593,54298164480,45396314240
7594,54298164480,45396314240
7595,54298164480,45396314240
7596,54298164480,45396314240
7597,54298164480,45396314240
7598,54298164480,45396314240
7599,54298164480,45396314240
7600,54298164480,45396314240
7601,54471467281,45396314240
7602,54644815688,45396314240
7603,54818209707,45396314240
7604,54818278128,45396314240
7605,54991763389,45396314240
7606,55022248704,45396314240
7607,55022248704,45396314240
7608,55022248704,45396314240
7609,55022248704,45396314240
7610,55022248704,45396314240
7611,55022248704,45396314240
7612,55022248704,45396314240
7613,55022248704,45396314240
7614,55022248704,45396314240
7615,55022248704,45396314240
7616,55022248704,45396314240
7617,55196281921,45396314240
7618,55370360840,45396314240
7619,55544485467,45396314240
7620,55544554032,45396314240
7621,55718770093,45396314240
7622,55822638960,45396314240
7623,55822638960,45396314240
7624,55822638960,45396314240
7625,55822638960,45396314240
7626,55822638960,45396314240
7627,55822638960,45396314240
7628,55822638960,45396314240
7629,55822638960,45396314240
7630,55822638960,45396314240
7631,55822638960,45396314240
7632,55822638960,45396314240
7633,55822638960,45396314240
7634,55822638960,45396314240
7635,55822638960,45396314240
7636,55822638960,45396314240
7637,55822638960,45396314240
7638,55822638960,45396314240
7639,55822638960,45396314240
7640,55822638960,45396314240
7641,55822638960,45396314240
7642,55822638960,45396314240
7643,55822638960,45396314240
7644,55822638960,45396314240
7645,55822638960,45396314240
7646,55822638960,45396314240
7647,55822638960,45396314240
7648,55822638960,45396314240
7649,55822638960,45396314240
7650,55822638960,45396314240
7651,55822638960,45396314240
7652,55822638960,45396314240
7653,55822638960,45396314240
7654,55822638960,45396314240
7655,55822638960,45396314240
7656,55822638960,45396314240
7657,55822638960,45396314240
7658,55822638960,45396314240
7659,55822638960,45396314240
7660,55822638960,45396314240
7661,55822638960,45396314240
7662,55822638960,45396314240
7663,55822638960,45396314240
7664,55822638960,45396314240
7665,55822638960,45396314240
7666,55822638960,45396314240
7667,55822638960,45396314240
7668,55822638960,45396314240
7669,55822638960,45396314240
7670,55822638960,45396314240
7671,55822638960,45396314240
7672,55822638960,45396314240
7673,55822638960,45396314240
7674,55822638960,45396314240
7675,55822638960,45396314240
7676,55822638960,45396314240
7677,55822638960,45396314240
7678,55822638960,45396314240
7679,55822638960,45396314240
7680,55822638960,45396314240
7681,55999609201,45396314240
7682,56176625528,45396314240
7683,56353687947,45396314240
7684,56353757088,45396314240
7685,56530911709,45396314240
7686,56708112440,45396314240
7687,56750815872,45396314240
7688,56750815872,45396314240
7689,56750815872,45396314240
7690,56750815872,45396314240
7691,56750815872,45396314240
7692,56750815872,45396314240
7693,56750815872,45396314240
7694,56750815872,45396314240
7695,56750815872,45396314240
7696,56750815872,45396314240
7697,56750815872,45396314240
7698,56750815872,45396314240
7699,56750815872,45396314240
7700,56750815872,45396314240
7701,56750815872,45396314240
7702,56750815872,45396314240
7703,56750815872,45396314240
7704,56750815872,45396314240
7705,56750815872,45396314240
7706,56750815872,45396314240
7707,56750815872,45396314240
7708,56750815872,45396314240
7709,56750815872,45396314240
7710,56750815872,45396314240
7711,56750815872,45396314240
7712,56750815872,45396314240
7713,56750815872,45396314240
7714,56750815872,45396314240
7715,56750815872,45396314240
7716,56750815872,45396314240
7717,56750815872,45396314240
7718,56750815872,45396314240
7719,56750815872,45396314240
7720,56750815872,45396314240
7721,56750815872,45396314240
7722,56750815872,45396314240
7723,56750815872,45396314240
7724,56750815872,45396314240
7725,56750815872,45396314240
7726,56750815872,45396314240
7727,56750815872,45396314240
7728,56750815872,45396314240
7729,56930005009,45396314240
7730,57062469168,45396314240
7731,57062469168,45396314240
7732,57062469168,45396314240
7733,57062469168,45396314240
7734,57062469168,45396314240
7735,57062469168,45396314240
7736,57062469168,45396314240
7737,57062469168,45396314240
7738,57062469168,45396314240
7739,57062469168,45396314240
7740,57062469168,45396314240
7741,57062469168,45396314240
7742,57062469168,45396314240
7743,57062469168,45396314240
7744,57062469168,45396314240
7745,57242401009,45396314240
7746,57422379320,45396314240
7747,57602404107,45396314240
7748,57602473824,45396314240
7749,57782591581,45396314240
7750,57962755832,45396314240
7751,58126841184,45396314240
7752,58126841184,45396314240
7753,58126841184,45396314240
7754,58126841184,45396314240
7755,58126841184,45396314240
7756,58126841184,45396314240
7757,58126841184,45396314240
7758,58126841184,45396314240
7759,58126841184,45396314240
7760,58126841184,45396314240
7761,58126841184,45396314240
7762,58126841184,45396314240
7763,58126841184,45396314240
7764,58126841184,45396314240
7765,58126841184,45396314240
7766,58126841184,45396314240
7767,58126841184,45396314240
7768,58126841184,45396314240
7769,58126841184,45396314240
7770,58126841184,45396314240
7771,58126841184,45396314240
7772,58126841184,45396314240
7773,58126841184,45396314240
7774,58126841184,45396314240
7775,58126841184,45396314240
7776,58126841184,45396314240
7777,58308263041,45396314240
7778,58489731560,45396314240
7779,58671246747,45396314240
7780,58671316752,45396314240
7781,58852925293,45396314240
7782,59034580520,45396314240
7783,59216282439,45396314240
7784,59216352480,45396314240
7785,59398147801,45396314240
7786,59579989832,45396314240
7787,59761878579,45396314240
7788,59761948656,45396314240
7789,59943930853,45396314240
7790,60125959784,45396314240
7791,60308035455,45396314240
7792,60308105568,45396314240
7793,60490274737,45396314240
7794,60672490664,45396314240
7795,60692574432,45396314240
7796,60692574432,45396314240
7797,60692574432,45396314240
7798,60692574432,45396314240
7799,60692574432,45396314240
7800,60692574432,45396314240
7801,60692574432,45396314240
7802,60692574432,45396314240
7803,60692574432,45396314240
7804,60692574432,45396314240
7805,60692574432,45396314240
7806,60692574432,45396314240
7807,60692574432,45396314240
7808,60692574432,45396314240
7809,60692574432,45396314240
7810,60692574432,45396314240
7811,60692574432,45396314240
7812,60692574432,45396314240
7813,60692574432,45396314240
7814,60692574432,45396314240
7815,60692574432,45396314240
7816,60692574432,45396314240
7817,60692574432,45396314240
7818,60692574432,45396314240
7819,60692574432,45396314240
7820,60692574432,45396314240
7821,60692574432,45396314240
7822,60692574432,45396314240
7823,60692574432,45396314240
7824,60692574432,45396314240
7825,60692574432,45396314240
7826,60692574432,45396314240
7827,60692574432,45396314240
7828,60692574432,45396314240
7829,60692574432,45396314240
7830,60692574432,45396314240
7831,60692574432,45396314240
7832,60692574432,45396314240
7833,60692574432,45396314240
7834,60692574432,45396314240
7835,60692574432,45396314240
7836,60692574432,45396314240
7837,60692574432,45396314240
7838,60692574432,45396314240
7839,60692574432,45396314240
7840,60692574432,45396314240
7841,60692574432,45396314240
7842,60692574432,45396314240
7843,60692574432,45396314240
7844,60692574432,45396314240
7845,60692574432,45396314240
7846,60692574432,45396314240
7847,60692574432,45396314240
7848,60692574432,45396314240
7849,60692574432,45396314240
7850,60692574432,45396314240
7851,60692574432,45396314240
7852,60692574432,45396314240
7853,60692574432,45396314240
7854,60692574432,45396314240
7855,60692574432,45396314240
7856,60692574432,45396314240
7857,60692574432,45396314240
7858,60692574432,45396314240
7859,60692574432,45396314240
7860,60692574432,45396314240
7861,60692574432,45396314240
7862,60692574432,45396314240
7863,60692574432,45396314240
7864,60692574432,45396314240
7865,60692574432,45396314240
7866,60692574432,45396314240
7867,60692574432,45396314240
7868,60692574432,45396314240
7869,60692574432,45396314240
7870,60692574432,45396314240
7871,60692574432,45396314240
7872,60692574432,45396314240
7873,60692574432,45396314240
7874,60692574432,45396314240
7875,60692574432,45396314240
7876,60692574432,45396314240
7877,60692574432,45396314240
7878,60692574432,45396314240
7879,60692574432,45396314240
7880,60692574432,45396314240
7881,60692574432,45396314240
7882,60692574432,45396314240
7883,60692574432,45396314240
7884,60692574432,45396314240
7885,60692574432,45396314240
7886,60692574432,45396314240
7887,60692574432,45396314240
7888,60692574432,45396314240
7889,60692574432,45396314240
7890,60692574432,45396314240
7891,60692574432,45396314240
7892,60692574432,45396314240
7893,60692574432,45396314240
7894,60692574432,45396314240
7895,60692574432,45396314240
7896,60692574432,45396314240
7897,60692574432,45396314240
7898,60692574432,45396314240
7899,60692574432,45396314240
7900,60692574432,45396314240
7901,60692574432,45396314240
7902,60692574432,45396314240
7903,60692574432,45396314240
7904,60692574432,45396314240
7905,60880017793,45396314240
7906,61067508584,45396314240
7907,61255046811,45396314240
7908,61255117968,45396314240
7909,61442751085,45396314240
7910,61630431656,45396314240
7911,61818159687,45396314240
7912,61818230880,45396314240
7913,62006053849,45396314240
7914,62193924296,45396314240
7915,62259183072,45396314240
7916,62259183072,45396314240
7917,62259183072,45396314240
7918,62259183072,45396314240
7919,62259183072,45396314240
7920,62259183072,45396314240
7921,62259183072,45396314240
7922,62259183072,45396314240
7923,62259183072,45396314240
7924,62259183072,45396314240
7925,62259183072,45396314240
7926,62259183072,45396314240
7927,62259183072,45396314240
7928,62259183072,45396314240
7929,62259183072,45396314240
7930,62259183072,45396314240
7931,62259183072,45396314240
7932,62259183072,45396314240
7933,62259183072,45396314240
7934,62259183072,45396314240
7935,62259183072,45396314240
7936,62259183072,45396314240
7937,62448147169,45396314240
7938,62637158888,45396314240
7939,62665430400,45396314240
7940,62665430400,45396314240
7941,62665430400,45396314240
7942,62665430400,45396314240
7943,62665430400,45396314240
7944,62665430400,45396314240
7945,62665430400,45396314240
7946,62665430400,45396314240
7947,62665430400,45396314240
7948,62665430400,45396314240
7949,62665430400,45396314240
7950,62665430400,45396314240
7951,62665430400,45396314240
7952,62665430400,45396314240
7953,62665430400,45396314240
7954,62665430400,45396314240
7955,62665430400,45396314240
7956,62665430400,45396314240
7957,62665430400,45396314240
7958,62665430400,45396314240
7959,62665430400,45396314240
7960,62665430400,45396314240
7961,62665430400,45396314240
7962,62665430400,45396314240
7963,62665430400,45396314240
7964,62665430400,45396314240
7965,62665430400,45396314240
7966,62665430400,45396314240
7967,62665430400,45396314240
7968,62665430400,45396314240
7969,62665430400,45396314240
7970,62665430400,45396314240
7971,62665430400,45396314240
7972,62665430400,45396314240
7973,62665430400,45396314240
7974,62665430400,45396314240
7975,62665430400,45396314240
7976,62665430400,45396314240
7977,62665430400,45396314240
7978,62665430400,45396314240
7979,62665430400,45396314240
7980,62665430400,45396314240
7981,62665430400,45396314240
7982,62665430400,45396314240
7983,62665430400,45396314240
7984,62665430400,45396314240
7985,62665430400,45396314240
7986,62665430400,45396314240
7987,62665430400,45396314240
7988,62665430400,45396314240
7989,62665430400,45396314240
7990,62665430400,45396314240
7991,62665430400,45396314240
7992,62665430400,45396314240
7993,62665430400,45396314240
7994,62665430400,45396314240
7995,62665430400,45396314240
7996,62665430400,45396314240
7997,62665430400,45396314240
7998,62665430400,45396314240
7999,62665430400,45396314240
8000,62665430400,45396314240
8001,62857454401,45396314240
8002,63049526408,45396314240
8003,63241646427,45396314240
8004,63241718448,45396314240
8005,63433934509,45396314240
8006,63626198600,45396314240
8007,63818510727,45396314240
8008,63818582784,45396314240
8009,64004035392,45396314240
8010,64004035392,45396314240
8011,64004035392,45396314240
8012,64004035392,45396314240
8013,64004035392,45396314240
8014,64004035392,45396314240
8015,64004035392,45396314240
8016,64004035392,45396314240
8017,64004035392,45396314240
8018,64004035392,45396314240
8019,64004035392,45396314240
8020,64004035392,45396314240
8021,64004035392,45396314240
8022,64004035392,45396314240
8023,64004035392,45396314240
8024,64004035392,45396314240
8025,64004035392,45396314240
8026,64004035392,45396314240
8027,64004035392,45396314240
8028,64004035392,45396314240
8029,64004035392,45396314240
8030,64004035392,45396314240
8031,64004035392,45396314240
8032,64004035392,45396314240
8033,64004035392,45396314240
8034,64004035392,45396314240
8035,64004035392,45396314240
8036,64004035392,45396314240
8037,64004035392,45396314240
8038,64004035392,45396314240
8039,64004035392,45396314240
8040,64004035392,45396314240
8041,64004035392,45396314240
8042,64004035392,45396314240
8043,64004035392,45396314240
8044,64004035392,45396314240
8045,64004035392,45396314240
8046,64004035392,45396314240
8047,64004035392,45396314240
8048,64004035392,45396314240
8049,64004035392,45396314240
8050,64004035392,45396314240
8051,64004035392,45396314240
8052,64004035392,45396314240
8053,64004035392,45396314240
8054,64004035392,45396314240
8055,64004035392,45396314240
8056,64004035392,45396314240
8057,64004035392,45396314240
8058,64004035392,45396314240
8059,64004035392,45396314240
8060,64004035392,45396314240
8061,64004035392,45396314240
8062,64004035392,45396314240
8063,64004035392,45396314240
8064,64004035392,45396314240
8065,64199143873,45396314240
8066,64394300744,45396314240
8067,64589506011,45396314240
8068,64589578608,45396314240
8069,64680397344,45396314240
8070,64680397344,45396314240
8071,64680397344,45396314240
8072,64680397344,45396314240
8073,64680397344,45396314240
8074,64680397344,45396314240
8075,64680397344,45396314240
8076,64680397344,45396314240
8077,64680397344,45396314240
8078,64680397344,45396314240
8079,64680397344,45396314240
8080,64680397344,45396314240
8081,64680397344,45396314240
8082,64680397344,45396314240
8083,64680397344,45396314240
8084,64680397344,45396314240
8085,64680397344,45396314240
8086,64680397344,45396314240
8087,64680397344,45396314240
8088,64680397344,45396314240
8089,64680397344,45396314240
8090,64680397344,45396314240
8091,64680397344,45396314240
8092,64680397344,45396314240
8093,64680397344,45396314240
8094,64680397344,45396314240
8095,64680397344,45396314240
8096,64680397344,45396314240
8097,64877057281,45396314240
8098,65073765800,45396314240
8099,65270522907,45396314240
8100,65270595792,45396314240
8101,65467450093,45396314240
8102,65664353000,45396314240
8103,65861304519,45396314240
8104,65861377440,45396314240
8105,66058426201,45396314240
8106,66255523592,45396314240
8107,66452669619,45396314240
8108,66452742576,45396314240
8109,66649985893,45396314240
8110,66847277864,45396314240
8111,67008441600,45396314240
8112,67008441600,45396314240
8113,67008441600,45396314240
8114,67008441600,45396314240
8115,67008441600,45396314240
8116,67008441600,45396314240
8117,67008441600,45396314240
8118,67008441600,45396314240
8119,67008441600,45396314240
8120,67008441600,45396314240
8121,67008441600,45396314240
8122,67008441600,45396314240
8123,67008441600,45396314240
8124,67008441600,45396314240
8125,67008441600,45396314240
8126,67008441600,45396314240
8127,67008441600,45396314240
8128,67008441600,45396314240
8129,67008441600,45396314240
8130,67008441600,45396314240
8131,67008441600,45396314240
8132,67008441600,45396314240
8133,67008441600,45396314240
8134,67008441600,45396314240
8135,67008441600,45396314240
8136,67008441600,45396314240
8137,67008441600,45396314240
8138,67008441600,45396314240
8139,67008441600,45396314240
8140,67008441600,45396314240
8141,67008441600,45396314240
8142,67008441600,45396314240
8143,67008441600,45396314240
8144,67008441600,45396314240
8145,67008441600,45396314240
8146,67008441600,45396314240
8147,67008441600,45396314240
8148,67008441600,45396314240
8149,67008441600,45396314240
8150,67008441600,45396314240
8151,67008441600,45396314240
8152,67008441600,45396314240
8153,67008441600,45396314240
8154,67008441600,45396314240
8155,67008441600,45396314240
8156,67008441600,45396314240
8157,67008441600,45396314240
8158,67008441600,45396314240
8159,67008441600,45396314240
8160,67008441600,45396314240
8161,67208222881,45396314240
8162,67402411447,45396314240
8163,67569829824,45396314240
8164,67569829824,45396314240
8165,67569829824,45396314240
8166,67569829824,45396314240
8167,67569829824,45396314240
8168,67569829824,45396314240
8169,67569829824,45396314240
8170,67569829824,45396314240
8171,67569829824,45396314240
8172,67569829824,45396314240
8173,67569829824,45396314240
8174,67569829824,45396314240
8175,67569829824,45396314240
8176,67569829824,45396314240
8177,67569829824,45396314240
8178,67569829824,45396314240
8179,67569829824,45396314240
8180,67569829824,45396314240
8181,67569829824,45396314240
8182,67569829824,45396314240
8183,67569829824,45396314240
8184,67569829824,45396314240
8185,67569829824,45396314240
8186,67569829824,45396314240
8187,67569829824,45396314240
8188,67569829824,45396314240
8189,67569829824,45396314240
8190,67569829824,45396314240
8191,67569829824,45396314240
8192,67569829824,45396314240
8193,67569829824,45597665409
8194,67569829824,45799065736
8195,67569829824,46000515227
8196,67569829824,46202013888
8197,67569829824,46403561725
8198,67569829824,46605158744
8199,67569829824,46806804951
8200,67569829824,47008500352
8201,67569829824,47210244953
8202,67569829824,47412038760
8203,67569829824,47613881779
8204,67569829824,47815774016
8205,67569829824,48017715477
8206,67569829824,48219706168
8207,67569829824,48421746095
8208,67569829824,48623835264
8209,67771968241,48825973681
8210,67974155912,49028161352
8211,68176392843,49230398283
8212,68176466736,49432684480
8213,68378802205,49635019949
8214,68581186952,49837404696
8215,68783620983,50039838727
8216,68783694912,50242322048
8217,68986227529,50444854665
8218,69188809448,50647436584
8219,69391440675,50850067811
8220,69391514640,51052748352
8221,69594244501,51255478213
8222,69797023688,51458257400
8223,69999852207,51661085919
8224,69999926208,51863963776
8225,70045209360,52066890977
8226,70045209360,52269867528
8227,70045209360,52472893435
8228,70045209360,52675968704
8229,70045209360,52879093341
8230,70045209360,53082267352
8231,70045209360,53285490743
8232,70045209360,53488763520
8233,70045209360,53692085689
8234,70045209360,53895457256
8235,70045209360,54098878227
8236,70045209360,54302348608
8237,70045209360,54505868405
8238,70045209360,54709437624
8239,70045209360,54913056271
8240,70045209360,55116724352
8241,70045209360,55320441873
8242,70045209360,55524208840
8243,70045209360,55728025259
8244,70045209360,55931891136
8245,70045209360,56135806477
8246,70045209360,56339771288
8247,70045209360,56543785575
8248,70045209360,56747849344
8249,70045209360,56951962601
8250,70045209360,57156125352
8251,70045209360,57360337603
8252,70045209360,57564599360
8253,70045209360,57768910629
8254,70045209360,57973271416
8255,70045209360,58177681727
8256,70045209360,58382141568
8257,70045209360,58586650945
8258,70045209360,58791209864
8259,70045209360,58995818331
8260,70045209360,59200476352
8261,70045209360,59405183933
8262,70045209360,59609941080
8263,70045209360,59814747799
8264,70045209360,59860751132
8265,70045209360,59860751132
8266,70045209360,59860751132
8267,70045209360,59860751132
8268,70045209360,59860751132
8269,70045209360,59860751132
8270,70045209360,59860751132
8271,70045209360,59860751132
8272,70045209360,59860751132
8273,70045209360,59860751132
8274,70045209360,59860751132
8275,70045209360,59860751132
8276,70045209360,59860751132
8277,70045209360,59860751132
8278,70045209360,59860751132
8279,70045209360,59860751132
8280,70045209360,59860751132
8281,70045209360,59860751132
8282,70045209360,59860751132
8283,70045209360,59860751132
8284,70045209360,59860751132
8285,70045209360,59860751132
8286,70045209360,59860751132
8287,70045209360,59860751132
8288,70045209360,59860751132
8289,70045209360,59860751132
8290,70045209360,59860751132
8291,70045209360,59860751132
8292,70045209360,59860751132
8293,70045209360,59860751132
8294,70045209360,59860751132
8295,70045209360,59860751132
8296,70045209360,59860751132
8297,70045209360,59860751132
8298,70045209360,59860751132
8299,70045209360,59860751132
8300,70045209360,59860751132
8301,70045209360,59860751132
8302,70045209360,59860751132
8303,70045209360,59860751132
8304,70045209360,59860751132
8305,70045209360,59860751132
8306,70045209360,59860751132
8307,70045209360,59860751132
8308,70045209360,59860751132
8309,70045209360,59860751132
8310,70045209360,59860751132
8311,70045209360,59860751132
8312,70045209360,59860751132
8313,70045209360,59860751132
8314,70045209360,59860751132
8315,70045209360,59860751132
8316,70045209360,59860751132
8317,70045209360,59860751132
8318,70045209360,59860751132
8319,70045209360,59860751132
8320,70045209360,59860751132
8321,70252901521,59860751132
8322,70460643608,59860751132
8323,70668435627,59860751132
8324,70668510528,59860751132
8325,70876402429,59860751132
8326,71084344280,59860751132
8327,71265655872,59860751132
8328,71265655872,59860751132
8329,71265655872,59860751132
8330,71265655872,59860751132
8331,71265655872,59860751132
8332,71265655872,59860751132
8333,71265655872,59860751132
8334,71265655872,59860751132
8335,71265655872,59860751132
8336,71265655872,59860751132
8337,71265655872,59860751132
8338,71265655872,59860751132
8339,71265655872,59860751132
8340,71265655872,59860751132
8341,71265655872,59860751132
8342,71265655872,59860751132
8343,71265655872,59860751132
8344,71265655872,59860751132
8345,71265655872,59860751132
8346,71265655872,59860751132
8347,71265655872,59860751132
8348,71265655872,59860751132
8349,71265655872,59860751132
8350,71265655872,59860751132
8351,71265655872,59860751132
8352,71265655872,59860751132
8353,71474948641,59860751132
8354,71684291528,59860751132
8355,71849710080,59860751132
8356,71849710080,59860751132
8357,71849710080,59860751132
8358,71849710080,59860751132
8359,71849710080,59860751132
8360,71849710080,59860751132
8361,71849710080,59860751132
8362,71849710080,59860751132
8363,71849710080,59860751132
8364,71849710080,59860751132
8365,71849710080,59860751132
8366,71849710080,59860751132
8367,71849710080,59860751132
8368,71849710080,59860751132
8369,71849710080,59860751132
8370,71849710080,59860751132
8371,71849710080,59860751132
8372,71849710080,59860751132
8373,71849710080,59860751132
8374,71849710080,59860751132
8375,71849710080,59860751132
8376,71849710080,59860751132
8377,71849710080,59860751132
8378,71849710080,59860751132
8379,71849710080,59860751132
8380,71849710080,59860751132
8381,71849710080,59860751132
8382,71849710080,59860751132
8383,71849710080,59860751132
8384,71849710080,59860751132
8385,71849710080,59860751132
8386,71849710080,59860751132
8387,71849710080,59860751132
8388,71849710080,59860751132
8389,71849710080,59860751132
8390,71849710080,59860751132
8391,71849710080,59860751132
8392,71849710080,59860751132
8393,71849710080,59860751132
8394,71849710080,59860751132
8395,71849710080,59860751132
8396,71849710080,59860751132
8397,71849710080,59860751132
8398,71849710080,59860751132
8399,71849710080,59860751132
8400,71849710080,59860751132
8401,72061415281,59860751132
8402,72273170888,59860751132
8403,72484976907,59860751132
8404,72485052528,59860751132
8405,72696959389,59860751132
8406,72908916680,59860751132
8407,72947082384,59860751132
8408,72947082384,59860751132
8409,72947082384,59860751132
8410,72947082384,59860751132
8411,72947082384,59860751132
8412,72947082384,59860751132
8413,72947082384,59860751132
8414,72947082384,59860751132
8415,72947082384,59860751132
8416,72947082384,59860751132
8417,72947082384,59860751132
8418,72947082384,59860751132
8419,72947082384,59860751132
8420,72947082384,59860751132
8421,72947082384,59860751132
8422,72947082384,59860751132
8423,72947082384,59860751132
8424,72947082384,59860751132
8425,72947082384,59860751132
8426,72947082384,59860751132
8427,72947082384,59860751132
8428,72947082384,59860751132
8429,72947082384,59860751132
8430,72947082384,59860751132
8431,72947082384,59860751132
8432,72947082384,59860751132
8433,72947082384,59860751132
8434,72947082384,59860751132
8435,72947082384,59860751132
8436,72947082384,59860751132
8437,72947082384,59860751132
8438,72947082384,59860751132
8439,72947082384,59860751132
8440,72947082384,59860751132
8441,72947082384,59860751132
8442,72947082384,59860751132
8443,72947082384,59860751132
8444,72947082384,59860751132
8445,72947082384,59860751132
8446,72947082384,59860751132
8447,72947082384,59860751132
8448,72947082384,59860751132
8449,73161213841,59860751132
8450,73315330752,59860751132
8451,73315330752,59860751132
8452,73315330752,59860751132
8453,73315330752,59860751132
8454,73315330752,59860751132
8455,73315330752,59860751132
8456,73315330752,59860751132
8457,73315330752,59860751132
8458,73315330752,59860751132
8459,73315330752,59860751132
8460,73315330752,59860751132
8461,73315330752,59860751132
8462,73315330752,59860751132
8463,73315330752,59860751132
8464,73315330752,59860751132
8465,73530274033,59860751132
8466,73745268104,59860751132
8467,73960312971,59860751132
8468,73960389168,59860751132
8469,74175535645,59860751132
8470,74390732936,59860751132
8471,74605981047,59860751132
8472,74606057280,59860751132
8473,74821407049,59860751132
8474,74947488672,59860751132
8475,74947488672,59860751132
8476,74947488672,59860751132
8477,74947488672,59860751132
8478,74947488672,59860751132
8479,74947488672,59860751132
8480,74947488672,59860751132
8481,74947488672,59860751132
8482,74947488672,59860751132
8483,74947488672,59860751132
8484,74947488672,59860751132
8485,74947488672,59860751132
8486,74947488672,59860751132
8487,74947488672,59860751132
8488,74947488672,59860751132
8489,74947488672,59860751132
8490,74947488672,59860751132
8491,74947488672,59860751132
8492,74947488672,59860751132
8493,74947488672,59860751132
8494,74947488672,59860751132
8495,74947488672,59860751132
8496,74947488672,59860751132
8497,74947488672,59860751132
8498,74947488672,59860751132
8499,74947488672,59860751132
8500,74947488672,59860751132
8501,74947488672,59860751132
8502,74947488672,59860751132
8503,74947488672,59860751132
8504,74947488672,59860751132
8505,74947488672,59860751132
8506,74947488672,59860751132
8507,74947488672,59860751132
8508,74947488672,59860751132
8509,74947488672,59860751132
8510,74947488672,59860751132
8511,74947488672,59860751132
8512,74947488672,59860751132
8513,75164876641,59860751132
8514,75382315688,59860751132
8515,75599805819,59860751132
8516,75599882448,59860751132
8517,75817474765,59860751132
8518,76035118184,59860751132
8519,76252812711,59860751132
8520,76252889376,59860751132
8521,76470686137,59860751132
8522,76688534024,59860751132
8523,76906433043,59860751132
8524,76906509744,59860751132
8525,77124511045,59860751132
8526,77342563496,59860751132
8527,77560667103,59860751132
8528,77560743840,59860751132
8529,77685683904,59860751132
8530,77685683904,59860751132
8531,77685683904,59860751132
8532,77685683904,59860751132
8533,77685683904,59860751132
8534,77685683904,59860751132
8535,77685683904,59860751132
8536,77685683904,59860751132
8537,77685683904,59860751132
8538,77685683904,59860751132
8539,77685683904,59860751132
8540,77685683904,59860751132
8541,77685683904,59860751132
8542,77685683904,59860751132
8543,77685683904,59860751132
8544,77685683904,59860751132
8545,77685683904,59860751132
8546,77685683904,59860751132
8547,77685683904,59860751132
8548,77685683904,59860751132
8549,77685683904,59860751132
8550,77685683904,59860751132
8551,77685683904,59860751132
8552,77685683904,59860751132
8553,77685683904,59860751132
8554,77685683904,59860751132
8555,77685683904,59860751132
8556,77685683904,59860751132
8557,77685683904,59860751132
8558,77685683904,59860751132
8559,77685683904,59860751132
8560,77685683904,59860751132
8561,77685683904,59860751132
8562,77685683904,59860751132
8563,77685683904,59860751132
8564,77685683904,59860751132
8565,77685683904,59860751132
8566,77685683904,59860751132
8567,77685683904,59860751132
8568,77685683904,59860751132
8569,77905941481,59860751132
8570,77982239520,59860751132
8571,77982239520,59860751132
8572,77982239520,59860751132
8573,77982239520,59860751132
8574,77982239520,59860751132
8575,77982239520,59860751132
8576,77982239520,59860751132
8577,77982239520,59860751132
8578,77982239520,59860751132
8579,77982239520,59860751132
8580,77982239520,59860751132
8581,77982239520,59860751132
8582,77982239520,59860751132
8583,77982239520,59860751132
8584,77982239520,59860751132
8585,77982239520,59860751132
8586,77982239520,59860751132
8587,77982239520,59860751132
8588,77982239520,59860751132
8589,77982239520,59860751132
8590,77982239520,59860751132
8591,77982239520,59860751132
8592,77982239520,59860751132
8593,77982239520,59860751132
8594,77982239520,59860751132
8595,77982239520,59860751132
8596,77982239520,59860751132
8597,77982239520,59860751132
8598,77982239520,59860751132
8599,77982239520,59860751132
8600,77982239520,59860751132
8601,77982239520,59860751132
8602,77982239520,59860751132
8603,77982239520,59860751132
8604,77982239520,59860751132
8605,77982239520,59860751132
8606,77982239520,59860751132
8607,77982239520,59860751132
8608,77982239520,59860751132
8609,77982239520,59860751132
8610,77982239520,59860751132
8611,77982239520,59860751132
8612,77982239520,59860751132
8613,77982239520,59860751132
8614,77982239520,59860751132
8615,77982239520,59860751132
8616,77982239520,59860751132
8617,77982239520,59860751132
8618,77982239520,59860751132
8619,77982239520,59860751132
8620,77982239520,59860751132
8621,77982239520,59860751132
8622,77982239520,59860751132
8623,77982239520,59860751132
8624,77982239520,59860751132
8625,77982239520,59860751132
8626,77982239520,59860751132
8627,77982239520,59860751132
8628,77982239520,59860751132
8629,77982239520,59860751132
8630,77982239520,59860751132
8631,77982239520,59860751132
8632,77982239520,59860751132
8633,77982239520,59860751132
8634,77982239520,59860751132
8635,77982239520,59860751132
8636,77982239520,59860751132
8637,77982239520,59860751132
8638,77982239520,59860751132
8639,77982239520,59860751132
8640,77982239520,59860751132
8641,78206214241,59860751132
8642,78430240808,59860751132
8643,78654319227,59860751132
8644,78654397008,59860751132
8645,78878579149,59860751132
8646,79102813160,59860751132
8647,79327099047,59860751132
8648,79327176864,59860751132
8649,79551566521,59860751132
8650,79776008072,59860751132
8651,79968669732,59860751132
8652,79968669732,59860751132
8653,79968669732,59860751132
8654,79968669732,59860751132
8655,79968669732,59860751132
8656,79968669732,59860751132
8657,79968669732,59860751132
8658,79968669732,59860751132
8659,79968669732,59860751132
8660,79968669732,59860751132
8661,79968669732,59860751132
8662,79968669732,59860751132
8663,79968669732,59860751132
8664,79968669732,59860751132
8665,80062902528,59860751132
8666,80062902528,59860751132
8667,80062902528,59860751132
8668,80062902528,59860751132
8669,80062902528,59860751132
8670,80062902528,59860751132
8671,80062902528,59860751132
8672,80062902528,59860751132
8673,80062902528,59860751132
8674,80062902528,59860751132
8675,80062902528,59860751132
8676,80062902528,59860751132
8677,80062902528,59860751132
8678,80062902528,59860751132
8679,80062902528,59860751132
8680,80062902528,59860751132
8681,80062902528,59860751132
8682,80062902528,59860751132
8683,80062902528,59860751132
8684,80062902528,59860751132
8685,80062902528,59860751132
8686,80062902528,59860751132
8687,80062902528,59860751132
8688,80062902528,59860751132
8689,80062902528,59860751132
8690,80062902528,59860751132
8691,80062902528,59860751132
8692,80062902528,59860751132
8693,80062902528,59860751132
8694,80062902528,59860751132
8695,80062902528,59860751132
8696,80062902528,59860751132
8697,80062902528,59860751132
8698,80062902528,59860751132
8699,80062902528,59860751132
8700,80062902528,59860751132
8701,80062902528,59860751132
8702,80062902528,59860751132
8703,80062902528,59860751132
8704,80062902528,59860751132
8705,80166577248,59860751132
8706,80166577248,59860751132
8707,80166577248,59860751132
8708,80166577248,59860751132
8709,80166577248,59860751132
8710,80166577248,59860751132
8711,80166577248,59860751132
8712,80166577248,59860751132
8713,80311073472,59860751132
8714,80311073472,59860751132
8715,80311073472,59860751132
8716,80311073472,59860751132
8717,80311073472,59860751132
8718,80311073472,59860751132
8719,80311073472,59860751132
8720,80311073472,59860751132
8721,80311073472,59860751132
8722,80311073472,59860751132
8723,80311073472,59860751132
8724,80311073472,59860751132
8725,80311073472,59860751132
8726,80311073472,59860751132
8727,80311073472,59860751132
8728,80311073472,59860751132
8729,80311073472,59860751132
8730,80311073472,59860751132
8731,80311073472,59860751132
8732,80311073472,59860751132
8733,80311073472,59860751132
8734,80311073472,59860751132
8735,80311073472,59860751132
8736,80311073472,59860751132
8737,80540052769,59860751132
8738,80769084488,59860751132
8739,80998168635,59860751132
8740,80998247280,59860751132
8741,81227436301,59860751132
8742,81456677768,59860751132
8743,81685971687,59860751132
8744,81686050368,59860751132
8745,81889004160,59860751132
8746,81889004160,59860751132
8747,81889004160,59860751132
8748,81889004160,59860751132
8749,81889004160,59860751132
8750,81889004160,59860751132
8751,81889004160,59860751132
8752,81889004160,59860751132
8753,81889004160,59860751132
8754,81889004160,59860751132
8755,81889004160,59860751132
8756,81889004160,59860751132
8757,81889004160,59860751132
8758,81889004160,59860751132
8759,81889004160,59860751132
8760,81889004160,59860751132
8761,81889004160,59860751132
8762,81889004160,59860751132
8763,81889004160,59860751132
8764,81889004160,59860751132
8765,81889004160,59860751132
8766,81889004160,59860751132
8767,81889004160,59860751132
8768,81889004160,59860751132
8769,81889004160,59860751132
8770,81889004160,59860751132
8771,81889004160,59860751132
8772,81889004160,59860751132
8773,81889004160,59860751132
8774,81889004160,59860751132
8775,81889004160,59860751132
8776,81889004160,59860751132
8777,81889004160,59860751132
8778,81889004160,59860751132
8779,81889004160,59860751132
8780,81889004160,59860751132
8781,81889004160,59860751132
8782,81889004160,59860751132
8783,81889004160,59860751132
8784,81889004160,59860751132
8785,81889004160,59860751132
8786,81889004160,59860751132
8787,81889004160,59860751132
8788,81889004160,59860751132
8789,81889004160,60092464329
8790,81889004160,60266295369
8791,81889004160,60498114040
8792,81889004160,60672024196
8793,81889004160,60903948365
8794,81889004160,61077937655
8795,81889004160,61309967346
8796,81889004160,61484035788
8797,81889004160,61716171025
8798,81889004160,61890318637
8799,81889004160,62122559444
8800,81889004160,62296786244
8801,82121350561,62529132645
8802,82353749768,62703438651
8803,82586201787,62935890670
8804,82586281008,63110275900
8805,82685631072,63342833561
8806,82685631072,63517298033
8807,82685631072,63749961360
8808,82685631072,63924505092
8809,82685631072,64157274109
8810,82685631072,64331897119
8811,82685631072,64564771850
8812,82685631072,64739474156
8813,82685631072,64972454625
8814,82685631072,65147236245
8815,82685631072,65380322476
8816,82685631072,65555183428
8817,82685631072,65788375445
8818,82685631072,65963315747
8819,82685631072,66196613574
8820,82685631072,66371633244
8821,82685631072,66605036905
8822,82685631072,66780135961
8823,82685631072,67013645480
8824,82685631072,67188823940
8825,82685631072,67422439341
8826,82685631072,67597697223
8827,82685631072,67831418530
8828,82685631072,68006755852
8829,82685631072,68240583089
8830,82685631072,68415999869
8831,82685631072,68649933060
8832,82685631072,68825429316
8833,82919670241,69059468485
8834,83153762408,69235044235
8835,83387907579,69469189406
8836,83387987088,69644844668
8837,83622238285,69879095865
8838,83856542504,70054830657
8839,84090899751,70289187904
8840,84090979296,70465002244
8841,84325442617,70699465565
8842,84559958984,70875359471
8843,84794528403,71109928890
8844,84794607984,71285902380
8845,85029283525,71520577921
8846,85264012136,71696631013
8847,85498793823,71931412700
8848,85498873440,72107545412
8849,85733761297,72342433269
8850,85968702248,72518645619
8851,86203696299,72753639670
8852,86203775952,72929931676
8853,86247189792,73165031945
8854,86247189792,73341403625
8855,86247189792,73576610136
8856,86247189792,73753061508
8857,86247189792,73988374285
8858,86247189792,74164905367
8859,86247189792,74352484826
8860,86247189792,74352484826
8861,86247189792,74352484826
8862,86247189792,74352484826
8863,86247189792,74352484826
8864,86247189792,74352484826
8865,86247189792,74352484826
8866,86247189792,74352484826
8867,86247189792,74352484826
8868,86247189792,74352484826
8869,86247189792,74352484826
8870,86247189792,74352484826
8871,86247189792,74352484826
8872,86247189792,74352484826
8873,86247189792,74352484826
8874,86247189792,74352484826
8875,86247189792,74352484826
8876,86247189792,74352484826
8877,86247189792,74352484826
8878,86247189792,74352484826
8879,86247189792,74352484826
8880,86247189792,74352484826
8881,86247189792,74352484826
8882,86247189792,74352484826
8883,86247189792,74352484826
8884,86247189792,74352484826
8885,86247189792,74352484826
8886,86247189792,74352484826
8887,86247189792,74352484826
8888,86247189792,74352484826
8889,86247189792,74352484826
8890,86247189792,74352484826
8891,86247189792,74352484826
8892,86247189792,74352484826
8893,86247189792,74352484826
8894,86247189792,74352484826
8895,86247189792,74352484826
8896,86247189792,74352484826
8897,86247189792,74352484826
8898,86247189792,74352484826
8899,86247189792,74352484826
8900,86247189792,74352484826
8901,86247189792,74352484826
8902,86247189792,74352484826
8903,86247189792,74352484826
8904,86247189792,74352484826
8905,86247189792,74352484826
8906,86247189792,74352484826
8907,86247189792,74352484826
8908,86247189792,74352484826
8909,86247189792,74352484826
8910,86247189792,74352484826
8911,86247189792,74352484826
8912,86247189792,74352484826
8913,86247189792,74352484826
8914,86247189792,74352484826
8915,86247189792,74352484826
8916,86247189792,74352484826
8917,86247189792,74352484826
8918,86247189792,74352484826
8919,86247189792,74352484826
8920,86247189792,74352484826
8921,86247189792,74352484826
8922,86247189792,74352484826
8923,86247189792,74352484826
8924,86247189792,74352484826
8925,86247189792,74352484826
8926,86247189792,74352484826
8927,86247189792,74352484826
8928,86247189792,74352484826
8929,86486344129,74352484826
8930,86496784560,74352484826
8931,86496784560,74352484826
8932,86496784560,74352484826
8933,86496784560,74352484826
8934,86496784560,74352484826
8935,86496784560,74352484826
8936,86496784560,74352484826
8937,86496784560,74352484826
8938,86496784560,74352484826
8939,86496784560,74352484826
8940,86496784560,74352484826
8941,86496784560,74352484826
8942,86496784560,74352484826
8943,86496784560,74352484826
8944,86496784560,74352484826
8945,86496784560,74352484826
8946,86496784560,74352484826
8947,86496784560,74352484826
8948,86496784560,74352484826
8949,86496784560,74352484826
8950,86496784560,74352484826
8951,86496784560,74352484826
8952,86496784560,74352484826
8953,86496784560,74352484826
8954,86496784560,74352484826
8955,86496784560,74352484826
8956,86496784560,74352484826
8957,86496784560,74352484826
8958,86496784560,74352484826
8959,86496784560,74352484826
8960,86496784560,74352484826
8961,86737656241,74352484826
8962,86978581688,74352484826
8963,87219560907,74352484826
8964,87219641568,74352484826
8965,87460728349,74352484826
8966,87701868920,74352484826
8967,87943063287,74352484826
8968,87943143984,74352484826
8969,88065245184,74352484826
8970,88065245184,74352484826
8971,88065245184,74352484826
8972,88065245184,74352484826
8973,88065245184,74352484826
8974,88065245184,74352484826
8975,88065245184,74352484826
8976,88065245184,74352484826
8977,88306977841,74352484826
8978,88548764360,74352484826
8979,88790604747,74352484826
8980,88790685552,74352484826
8981,89032633693,74352484826
8982,89274635720,74352484826
8983,89411359104,74352484826
8984,89411359104,74352484826
8985,89411359104,74352484826
8986,89411359104,74352484826
8987,89411359104,74352484826
8988,89411359104,74352484826
8989,89411359104,74352484826
8990,89411359104,74352484826
8991,89411359104,74352484826
8992,89411359104,74352484826
8993,89411359104,74352484826
8994,89411359104,74352484826
8995,89411359104,74352484826
8996,89411359104,74352484826
8997,89411359104,74352484826
8998,89411359104,74352484826
8999,89411359104,74352484826
9000,89411359104,74352484826
9001,89411359104,74352484826
9002,89411359104,74352484826
9003,89411359104,74352484826
9004,89411359104,74352484826
9005,89411359104,74352484826
9006,89411359104,74352484826
9007,89411359104,74352484826
9008,89411359104,74352484826
9009,89411359104,74352484826
9010,89411359104,74352484826
9011,89411359104,74352484826
9012,89411359104,74352484826
9013,89411359104,74352484826
9014,89411359104,74352484826
9015,89411359104,74352484826
9016,89411359104,74352484826
9017,89411359104,74352484826
9018,89411359104,74352484826
9019,89411359104,74352484826
9020,89411359104,74352484826
9021,89411359104,74352484826
9022,89411359104,74352484826
9023,89411359104,74352484826
9024,89411359104,74352484826
9025,89411359104,74352484826
9026,89411359104,74352484826
9027,89411359104,74352484826
9028,89411359104,74352484826
9029,89411359104,74352484826
9030,89411359104,74352484826
9031,89411359104,74352484826
9032,89411359104,74352484826
9033,89411359104,74352484826
9034,89411359104,74352484826
9035,89411359104,74352484826
9036,89411359104,74352484826
9037,89411359104,74352484826
9038,89411359104,74352484826
9039,89411359104,74352484826
9040,89411359104,74352484826
9041,89411359104,74352484826
9042,89411359104,74352484826
9043,89411359104,74352484826
9044,89411359104,74352484826
9045,89411359104,74352484826
9046,89411359104,74352484826
9047,89411359104,74352484826
9048,89411359104,74352484826
9049,89411359104,74352484826
9050,89411359104,74352484826
9051,89411359104,74352484826
9052,89411359104,74352484826
9053,89411359104,74352484826
9054,89411359104,74352484826
9055,89411359104,74352484826
9056,89411359104,74352484826
9057,89411359104,74352484826
9058,89411359104,74352484826
9059,89411359104,74352484826
9060,89411359104,74352484826
9061,89411359104,74352484826
9062,89411359104,74352484826
9063,89411359104,74352484826
9064,89411359104,74352484826
9065,89411359104,74352484826
9066,89411359104,74352484826
9067,89411359104,74352484826
9068,89411359104,74352484826
9069,89411359104,74352484826
9070,89411359104,74352484826
9071,89411359104,74352484826
9072,89411359104,74352484826
9073,89658289873,74352484826
9074,89905275080,74352484826
9075,90152314731,74352484826
9076,90152396400,74352484826
9077,90399544957,74352484826
9078,90646747976,74352484826
9079,90894005463,74352484826
9080,90894087168,74352484826
9081,91141453609,74352484826
9082,91274248800,74352484826
9083,91274248800,74352484826
9084,91274248800,74352484826
9085,91274248800,74352484826
9086,91274248800,74352484826
9087,91274248800,74352484826
9088,91274248800,74352484826
9089,91274248800,74352484826
9090,91274248800,74352484826
9091,91274248800,74352484826
9092,91274248800,74352484826
9093,91274248800,74352484826
9094,91274248800,74352484826
9095,91274248800,74352484826
9096,91274248800,74352484826
9097,91274248800,74352484826
9098,91274248800,74352484826
9099,91274248800,74352484826
9100,91274248800,74352484826
9101,91274248800,74352484826
9102,91274248800,74352484826
9103,91274248800,74352484826
9104,91274248800,74352484826
9105,91274248800,74352484826
9106,91274248800,74352484826
9107,91274248800,74352484826
9108,91274248800,74352484826
9109,91274248800,74352484826
9110,91274248800,74352484826
9111,91274248800,74352484826
9112,91274248800,74352484826
9113,91274248800,74352484826
9114,91274248800,74352484826
9115,91274248800,74352484826
9116,91274248800,74352484826
9117,91274248800,74352484826
9118,91274248800,74352484826
9119,91274248800,74352484826
9120,91274248800,74352484826
9121,91523799361,74352484826
9122,91532642544,74352484826
9123,91532642544,74352484826
9124,91532642544,74352484826
9125,91532642544,74352484826
9126,91532642544,74352484826
9127,91532642544,74352484826
9128,91532642544,74352484826
9129,91532642544,74352484826
9130,91532642544,74352484826
9131,91532642544,74352484826
9132,91532642544,74352484826
9133,91532642544,74352484826
9134,91532642544,74352484826
9135,91532642544,74352484826
9136,91532642544,74352484826
9137,91532642544,74352484826
9138,91532642544,74352484826
9139,91532642544,74352484826
9140,91532642544,74352484826
9141,91532642544,74352484826
9142,91532642544,74352484826
9143,91532642544,74352484826
9144,91532642544,74352484826
9145,91532642544,74352484826
9146,91532642544,74352484826
9147,91532642544,74352484826
9148,91532642544,74352484826
9149,91532642544,74352484826
9150,91532642544,74352484826
9151,91532642544,74352484826
9152,91532642544,74352484826
9153,91783947313,74352484826
9154,92035307000,74352484826
9155,92286721611,74352484826
9156,92286804000,74352484826
9157,92538328477,74352484826
9158,92789907896,74352484826
9159,92821313280,74352484826
9160,92821313280,74352484826
9161,92821313280,74352484826
9162,92821313280,74352484826
9163,92821313280,74352484826
9164,92821313280,74352484826
9165,92821313280,74352484826
9166,92821313280,74352484826
9167,92821313280,74352484826
9168,92821313280,74352484826
9169,92821313280,74352484826
9170,92821313280,74352484826
9171,92821313280,74352484826
9172,92821313280,74352484826
9173,92821313280,74352484826
9174,92821313280,74352484826
9175,92821313280,74352484826
9176,92821313280,74352484826
9177,92821313280,74352484826
9178,92821313280,74352484826
9179,92821313280,74352484826
9180,92821313280,74352484826
9181,92821313280,74352484826
9182,92821313280,74352484826
9183,92821313280,74352484826
9184,92821313280,74352484826
9185,92821313280,74352484826
9186,92821313280,74352484826
9187,92821313280,74352484826
9188,92821313280,74352484826
9189,92821313280,74352484826
9190,92821313280,74352484826
9191,92821313280,74352484826
9192,92821313280,74352484826
9193,92821313280,74352484826
9194,92821313280,74352484826
9195,92821313280,74352484826
9196,92821313280,74352484826
9197,92821313280,74352484826
9198,92821313280,74352484826
9199,92821313280,74352484826
9200,92821313280,74352484826
9201,93075260881,74352484826
9202,93253532592,74352484826
9203,93253532592,74352484826
9204,93253532592,74352484826
9205,93253532592,74352484826
9206,93253532592,74352484826
9207,93253532592,74352484826
9208,93253532592,74352484826
9209,93253532592,74352484826
9210,93253532592,74352484826
9211,93253532592,74352484826
9212,93253532592,74352484826
9213,93253532592,74352484826
9214,93253532592,74352484826
9215,93253532592,74352484826
9216,93253532592,74352484826
9217,93508364209,74352484826
9218,93763251128,74352484826
9219,94018193355,74352484826
9220,94018276320,74352484826
9221,94273329181,74352484826
9222,94528437368,74352484826
9223,94652092416,74352484826
9224,94652092416,74352484826
9225,94652092416,74352484826
9226,94652092416,74352484826
9227,94652092416,74352484826
9228,94652092416,74352484826
9229,94652092416,74352484826
9230,94652092416,74352484826
9231,94652092416,74352484826
9232,94652092416,74352484826
9233,94652092416,74352484826
9234,94652092416,74352484826
9235,94652092416,74352484826
9236,94652092416,74352484826
9237,94652092416,74352484826
9238,94652092416,74352484826
9239,94652092416,74352484826
9240,94652092416,74352484826
9241,94652092416,74352484826
9242,94652092416,74352484826
9243,94652092416,74352484826
9244,94652092416,74352484826
9245,94652092416,74352484826
9246,94652092416,74352484826
9247,94652092416,74352484826
9248,94652092416,74352484826
9249,94908696673,74352484826
9250,95101198423,74352484826
9251,95357913674,74352484826
9252,95422154928,74352484826
9253,95609108160,74352484826
9254,95609108160,74352484826
9255,95609108160,74352484826
9256,95609108160,74352484826
9257,95609108160,74352484826
9258,95609108160,74352484826
9259,95609108160,74352484826
9260,95609108160,74352484826
9261,95609108160,74352484826
9262,95609108160,74352484826
9263,95609108160,74352484826
9264,95609108160,74352484826
9265,95609108160,74352484826
9266,95609108160,74352484826
9267,95609108160,74352484826
9268,95609108160,74352484826
9269,95609108160,74352484826
9270,95609108160,74352484826
9271,95609108160,74352484826
9272,95609108160,74352484826
9273,95609108160,74352484826
9274,95609108160,74352484826
9275,95609108160,74352484826
9276,95609108160,74352484826
9277,95609108160,74352484826
9278,95609108160,74352484826
9279,95609108160,74352484826
9280,95609108160,74352484826
9281,95867491201,74352484826
9282,96125929928,74352484826
9283,96384424347,74352484826
9284,96384507888,74352484826
9285,96643113709,74352484826
9286,96901775240,74352484826
9287,97160492487,74352484826
9288,97160576064,74352484826
9289,97419404761,74352484826
9290,97532587680,74352484826
9291,97532587680,74352484826
9292,97532587680,74352484826
9293,97532587680,74352484826
9294,97532587680,74352484826
9295,97532587680,74352484826
9296,97532587680,74352484826
9297,97532587680,74352484826
9298,97532587680,74352484826
9299,97532587680,74352484826
9300,97532587680,74352484826
9301,97532587680,74352484826
9302,97532587680,74352484826
9303,97532587680,74352484826
9304,97532587680,74352484826
9305,97532587680,74352484826
9306,97532587680,74352484826
9307,97532587680,74352484826
9308,97532587680,74352484826
9309,97532587680,74352484826
9310,97532587680,74352484826
9311,97532587680,74352484826
9312,97532587680,74352484826
9313,97532587680,74352484826
9314,97532587680,74352484826
9315,97532587680,74352484826
9316,97532587680,74352484826
9317,97532587680,74352484826
9318,97532587680,74352484826
9319,97532587680,74352484826
9320,97532587680,74352484826
9321,97532587680,74352484826
9322,97532587680,74352484826
9323,97532587680,74352484826
9324,97532587680,74352484826
9325,97532587680,74352484826
9326,97532587680,74352484826
9327,97532587680,74352484826
9328,97532587680,74352484826
9329,97532587680,74352484826
9330,97532587680,74352484826
9331,97532587680,74352484826
9332,97532587680,74352484826
9333,97532587680,74352484826
9334,97532587680,74352484826
9335,97532587680,74352484826
9336,97532587680,74352484826
9337,97532587680,74352484826
9338,97532587680,74352484826
9339,97532587680,74352484826
9340,97532587680,74352484826
9341,97532587680,74352484826
9342,97532587680,74352484826
9343,97532587680,74352484826
9344,97532587680,74352484826
9345,97532587680,74352484826
9346,97532587680,74352484826
9347,97532587680,74352484826
9348,97532587680,74352484826
9349,97532587680,74352484826
9350,97532587680,74352484826
9351,97532587680,74352484826
9352,97532587680,74352484826
9353,97532587680,74352484826
9354,97532587680,74352484826
9355,97532587680,74352484826
9356,97532587680,74352484826
9357,97532587680,74352484826
9358,97532587680,74352484826
9359,97532587680,74352484826
9360,97532587680,74352484826
9361,97795444561,74352484826
9362,98058357608,74352484826
9363,98321326827,74352484826
9364,98584352224,74352484826
9365,98847433805,74352484826
9366,99110571576,74352484826
9367,99173800512,74352484826
9368,99173800512,74352484826
9369,99173800512,74352484826
9370,99173800512,74352484826
9371,99173800512,74352484826
9372,99173800512,74352484826
9373,99173800512,74352484826
9374,99173800512,74352484826
9375,99173800512,74352484826
9376,99173800512,74352484826
9377,99173800512,74352484826
9378,99173800512,74352484826
9379,99173800512,74352484826
9380,99173800512,74352484826
9381,99173800512,74352484826
9382,99173800512,74352484826
9383,99173800512,74352484826
9384,99173800512,74352484826
9385,99173800512,74352484826
9386,99173800512,74352484826
9387,99173800512,74352484826
9388,99173800512,74352484826
9389,99173800512,74352484826
9390,99173800512,74352484826
9391,99173800512,74352484826
9392,99173800512,74352484826
9393,99173800512,74352484826
9394,99173800512,74352484826
9395,99173800512,74352484826
9396,99173800512,74352484826
9397,99173800512,74352484826
9398,99173800512,74352484826
9399,99173800512,74352484826
9400,99173800512,74352484826
9401,99173800512,74352484826
9402,99173800512,74352484826
9403,99173800512,74352484826
9404,99173800512,74352484826
9405,99173800512,74352484826
9406,99173800512,74352484826
9407,99173800512,74352484826
9408,99173800512,74352484826
9409,99439360129,74352484826
9410,99704976200,74352484826
9411,99970648731,74352484826
9412,99970733424,74352484826
9413,100236518893,74352484826
9414,100258466112,74352484826
9415,100258466112,74352484826
9416,100258466112,74352484826
9417,100258466112,74352484826
9418,100258466112,74352484826
9419,100258466112,74352484826
9420,100258466112,74352484826
9421,100258466112,74352484826
9422,100258466112,74352484826
9423,100258466112,74352484826
9424,100258466112,74352484826
9425,100524929713,74352484826
9426,100791449864,74352484826
9427,101058026571,74352484826
9428,101058111408,74352484826
9429,101167040016,74352484826
9430,101167040016,74352484826
9431,101167040016,74352484826
9432,101167040016,74352484826
9433,101167040016,74352484826
9434,101167040016,74352484826
9435,101167040016,74352484826
9436,101167040016,74352484826
9437,101167040016,74352484826
9438,101167040016,74352484826
9439,101167040016,74352484826
9440,101167040016,74352484826
9441,101167040016,74352484826
9442,101167040016,74352484826
9443,101167040016,74352484826
9444,101167040016,74352484826
9445,101167040016,74352484826
9446,101167040016,74352484826
9447,101167040016,74352484826
9448,101167040016,74352484826
9449,101167040016,74352484826
9450,101167040016,74352484826
9451,101167040016,74352484826
9452,101167040016,74352484826
9453,101167040016,74352484826
9454,101167040016,74352484826
9455,101167040016,74352484826
9456,101167040016,74352484826
9457,101167040016,74352484826
9458,101167040016,74352484826
9459,101167040016,74352484826
9460,101167040016,74352484826
9461,101167040016,74352484826
9462,101167040016,74352484826
9463,101167040016,74352484826
9464,101167040016,74352484826
9465,101167040016,74352484826
9466,101167040016,74352484826
9467,101167040016,74352484826
9468,101167040016,74352484826
9469,101167040016,74352484826
9470,101167040016,74352484826
9471,101167040016,74352484826
9472,101167040016,74352484826
9473,101167040016,74352484826
9474,101167040016,74352484826
9475,101167040016,74352484826
9476,101167040016,74352484826
9477,101167040016,74352484826
9478,101167040016,74352484826
9479,101167040016,74352484826
9480,101167040016,74352484826
9481,101167040016,74352484826
9482,101167040016,74352484826
9483,101167040016,74352484826
9484,101167040016,74352484826
9485,101167040016,74352484826
9486,101167040016,74352484826
9487,101167040016,74352484826
9488,101167040016,74352484826
9489,101167040016,74352484826
9490,101167040016,74352484826
9491,101167040016,74352484826
9492,101167040016,74352484826
9493,101167040016,74352484826
9494,101167040016,74352484826
9495,101167040016,74352484826
9496,101167040016,74352484826
9497,101167040016,74352484826
9498,101167040016,74352484826
9499,101167040016,74352484826
9500,101167040016,74352484826
9501,101167040016,74352484826
9502,101167040016,74352484826
9503,101167040016,74352484826
9504,101167040016,74352484826
9505,101438046577,74352484826
9506,101709110168,74352484826
9507,101980230795,74352484826
9508,102251408464,74352484826
9509,102522643181,74352484826
9510,102793934952,74352484826
9511,103065283783,74352484826
9512,103336689680,74352484826
9513,103564602225,74352484826
9514,103564602225,74352484826
9515,103564602225,74352484826
9516,103564602225,74352484826
9517,103564602225,74352484826
9518,103564602225,74352484826
9519,103564602225,74352484826
9520,103564602225,74352484826
9521,103564602225,74352484826
9522,103564602225,74352484826
9523,103564602225,74352484826
9524,103564602225,74352484826
9525,103564602225,74352484826
9526,103564602225,74352484826
9527,103564602225,74352484826
9528,103564602225,74352484826
9529,103564602225,74352484826
9530,103564602225,74352484826
9531,103564602225,74352484826
9532,103564602225,74352484826
9533,103564602225,74352484826
9534,103564602225,74352484826
9535,103564602225,74352484826
9536,103564602225,74352484826
9537,103564602225,74352484826
9538,103564602225,74352484826
9539,103564602225,74352484826
9540,103564602225,74352484826
9541,103564602225,74352484826
9542,103564602225,74352484826
9543,103564602225,74352484826
9544,103564602225,74352484826
9545,103564602225,74352484826
9546,103564602225,74352484826
9547,103564602225,74352484826
9548,103564602225,74352484826
9549,103564602225,74352484826
9550,103564602225,74352484826
9551,103564602225,74352484826
9552,103564602225,74352484826
9553,103564602225,74352484826
9554,103564602225,74352484826
9555,103564602225,74352484826
9556,103564602225,74352484826
9557,103564602225,74352484826
9558,103564602225,74352484826
9559,103564602225,74352484826
9560,103564602225,74352484826
9561,103564602225,74352484826
9562,103564602225,74352484826
9563,103564602225,74352484826
9564,103564602225,74352484826
9565,103564602225,74352484826
9566,103564602225,74352484826
9567,103564602225,74352484826
9568,103564602225,74352484826
9569,103564602225,74352484826
9570,103564602225,74352484826
9571,103564602225,74352484826
9572,103564602225,74352484826
9573,103564602225,74352484826
9574,103564602225,74352484826
9575,103564602225,74352484826
9576,103564602225,74352484826
9577,103564602225,74352484826
9578,103564602225,74352484826
9579,103564602225,74352484826
9580,103564602225,74352484826
9581,103564602225,74352484826
9582,103564602225,74352484826
9583,103564602225,74352484826
9584,103564602225,74352484826
9585,103564602225,74352484826
9586,103564602225,74352484826
9587,103564602225,74352484826
9588,103564602225,74352484826
9589,103564602225,74352484826
9590,103564602225,74352484826
9591,103564602225,74352484826
9592,103564602225,74352484826
9593,103564602225,74352484826
9594,103564602225,74352484826
9595,103564602225,74352484826
9596,103564602225,74352484826
9597,103564602225,74352484826
9598,103564602225,74352484826
9599,103564602225,74352484826
9600,103564602225,74352484826
9601,103841111026,74352484826
9602,104117677433,74352484826
9603,104394301452,74352484826
9604,104670983089,74352484826
9605,104947722350,74352484826
9606,105224519241,74352484826
9607,105501373768,74352484826
9608,105628455180,74352484826
9609,105628455180,74352484826
9610,105628455180,74352484826
9611,105628455180,74352484826
9612,105628455180,74352484826
9613,105628455180,74352484826
9614,105628455180,74352484826
9615,105628455180,74352484826
9616,105628455180,74352484826
9617,105628455180,74352484826
9618,105628455180,74352484826
9619,105628455180,74352484826
9620,105628455180,74352484826
9621,105628455180,74352484826
9622,105628455180,74352484826
9623,105628455180,74352484826
9624,105628455180,74352484826
9625,105628455180,74352484826
9626,105628455180,74352484826
9627,105628455180,74352484826
9628,105628455180,74352484826
9629,105628455180,74352484826
9630,105628455180,74352484826
9631,105628455180,74352484826
9632,105628455180,74352484826
9633,105628455180,74352484826
9634,105628455180,74352484826
9635,105628455180,74352484826
9636,105628455180,74352484826
9637,105628455180,74352484826
9638,105628455180,74352484826
9639,105628455180,74352484826
9640,105628455180,74352484826
9641,105628455180,74352484826
9642,105628455180,74352484826
9643,105628455180,74352484826
9644,105628455180,74352484826
9645,105628455180,74352484826
9646,105628455180,74352484826
9647,105628455180,74352484826
9648,105628455180,74352484826
9649,105628455180,74352484826
9650,105628455180,74352484826
9651,105628455180,74352484826
9652,105628455180,74352484826
9653,105628455180,74352484826
9654,105628455180,74352484826
9655,105628455180,74352484826
9656,105628455180,74352484826
9657,105628455180,74352484826
9658,105628455180,74352484826
9659,105628455180,74352484826
9660,105628455180,74352484826
9661,105628455180,74352484826
9662,105628455180,74352484826
9663,105628455180,74352484826
9664,105628455180,74352484826
9665,105628455180,74352484826
9666,105628455180,74352484826
9667,105628455180,74352484826
9668,105628455180,74352484826
9669,105628455180,74352484826
9670,105628455180,74352484826
9671,105628455180,74352484826
9672,105628455180,74352484826
9673,105628455180,74352484826
9674,105628455180,74352484826
9675,105628455180,74352484826
9676,105628455180,74352484826
9677,105628455180,74352484826
9678,105628455180,74352484826
9679,105628455180,74352484826
9680,105628455180,74352484826
9681,105909591421,74352484826
9682,106190785748,74352484826
9683,106472038167,74352484826
9684,106753348684,74352484826
9685,107034717305,74352484826
9686,107316144036,74352484826
9687,107597628883,74352484826
9688,107879171852,74352484826
9689,108160772949,74352484826
9690,108441818075,74352484826
9691,108441818075,74352484826
9692,108441818075,74352484826
9693,108441818075,74352484826
9694,108441818075,74352484826
9695,108441818075,74352484826
9696,108441818075,74352484826
9697,108441818075,74352484826
9698,108441818075,74352484826
9699,108441818075,74352484826
9700,108441818075,74352484826
9701,108621721362,74352484826
9702,108621721362,74352484826
9703,108904136881,74352484826
9704,109056129504,74352484826
9705,109056129504,74352484826
9706,109056129504,74352484826
9707,109056129504,74352484826
9708,109056129504,74352484826
9709,109056129504,74352484826
9710,109056129504,74352484826
9711,109056129504,74352484826
9712,109056129504,74352484826
9713,109056129504,74352484826
9714,109056129504,74352484826
9715,109056129504,74352484826
9716,109056129504,74352484826
9717,109056129504,74352484826
9718,109056129504,74352484826
9719,109056129504,74352484826
9720,109056129504,74352484826
9721,109056129504,74352484826
9722,109056129504,74352484826
9723,109056129504,74352484826
9724,109056129504,74352484826
9725,109056129504,74352484826
9726,109056129504,74352484826
9727,109056129504,74352484826
9728,109056129504,74352484826
9729,109340060641,74352484826
9730,109553060071,74352484826
9731,109621631232,74352484826
9732,109621631232,74352484826
9733,109621631232,74352484826
9734,109621631232,74352484826
9735,109621631232,74352484826
9736,109621631232,74352484826
9737,109621631232,74352484826
9738,109621631232,74352484826
9739,109621631232,74352484826
9740,109621631232,74352484826
9741,109621631232,74352484826
9742,109621631232,74352484826
9743,109621631232,74352484826
9744,109621631232,74352484826
9745,109906497073,74352484826
9746,110191421384,74352484826
9747,110476404171,74352484826
9748,110476491888,74352484826
9749,110761591645,74352484826
9750,110910551808,74352484826
9751,110910551808,74352484826
9752,110910551808,74352484826
9753,110910551808,74352484826
9754,110910551808,74352484826
9755,110910551808,74352484826
9756,110910551808,74352484826
9757,110910551808,74352484826
9758,110910551808,74352484826
9759,110910551808,74352484826
9760,110910551808,74352484826
9761,110910551808,74352484826
9762,110910551808,74352484826
9763,110910551808,74352484826
9764,110910551808,74352484826
9765,110910551808,74352484826
9766,110910551808,74352484826
9767,110910551808,74352484826
9768,110910551808,74352484826
9769,110910551808,74352484826
9770,110910551808,74352484826
9771,110910551808,74352484826
9772,110910551808,74352484826
9773,110910551808,74352484826
9774,110910551808,74352484826
9775,110910551808,74352484826
9776,110910551808,74352484826
9777,110910551808,74352484826
9778,110910551808,74352484826
9779,110910551808,74352484826
9780,110910551808,74352484826
9781,110910551808,74352484826
9782,110910551808,74352484826
9783,110910551808,74352484826
9784,110910551808,74352484826
9785,110910551808,74352484826
9786,110910551808,74352484826
9787,110910551808,74352484826
9788,110910551808,74352484826
9789,110910551808,74352484826
9790,110910551808,74352484826
9791,110910551808,74352484826
9792,110910551808,74352484826
9793,111198230977,74352484826
9794,111414041767,74352484826
9795,111701838458,74352484826
9796,111773853744,74352484826
9797,112061767981,74352484826
9798,112349741000,74352484826
9799,112421947344,74352484826
9800,112421947344,74352484826
9801,112710096745,74352484826
9802,112926260251,74352484826
9803,113030988624,74352484826
9804,113030988624,74352484826
9805,113030988624,74352484826
9806,113030988624,74352484826
9807,113030988624,74352484826
9808,113030988624,74352484826
9809,113030988624,74352484826
9810,113030988624,74352484826
9811,113030988624,74352484826
9812,113030988624,74352484826
9813,113030988624,74352484826
9814,113030988624,74352484826
9815,113030988624,74352484826
9816,113030988624,74352484826
9817,113030988624,74352484826
9818,113030988624,74352484826
9819,113030988624,74352484826
9820,113030988624,74352484826
9821,113030988624,74352484826
9822,113030988624,74352484826
9823,113030988624,74352484826
9824,113030988624,74352484826
9825,113030988624,74352484826
9826,113030988624,74352484826
9827,113030988624,74642165133
9828,113030988624,74931904402
9829,113030988624,75221702639
9830,113030988624,75511559850
9831,113030988624,75801476041
9832,113030988624,76091451218
9833,113030988624,76381485387
9834,113030988624,76671578554
9835,113030988624,76961730725
9836,113030988624,77251941906
9837,113030988624,77542212103
9838,113030988624,77832541322
9839,113030988624,78122929569
9840,113030988624,78413376850
9841,113030988624,78703883171
9842,113030988624,78994448538
9843,113030988624,79285072957
9844,113030988624,79575756434
9845,113030988624,79866498975
9846,113030988624,80157300586
9847,113030988624,80448161273
9848,113030988624,80739081042
9849,113030988624,81030059899
9850,113030988624,81321097850
9851,113030988624,81612194901
9852,113030988624,81903351058
9853,113030988624,82194566327
9854,113030988624,82485840714
9855,113030988624,82777174225
9856,113030988624,83068566866
9857,113322440401,83360018643
9858,113613951320,83651529562
9859,113905521387,83943099629
9860,113905610112,84234728850
9861,114197298493,84526417231
9862,114489046040,84818164778
9863,114780852759,85109971497
9864,114780941520,85401837394
9865,115072866601,85693762475
9866,115364850872,85985746746
9867,115508883264,86277790213
9868,115508883264,86569892882
9869,115508883264,86862054759
9870,115508883264,87154275850
9871,115508883264,87446556161
9872,115508883264,87738895698
9873,115508883264,88031294467
9874,115508883264,88323752474
9875,115508883264,88616269725
9876,115508883264,88908846226
9877,115508883264,89201481983
9878,115508883264,89494177002
9879,115508883264,89786931289
9880,115508883264,90079744850
9881,115508883264,90372617691
9882,115508883264,90665549818
9883,115508883264,90958541237
9884,115508883264,91251591954
9885,115508883264,91544701975
9886,115508883264,91837871306
9887,115508883264,92131099953
9888,115508883264,92424387922
9889,115508883264,92717735219
9890,115508883264,93011141850
9891,115508883264,93304607821
9892,115508883264,93598133138
9893,115508883264,93891717807
9894,115508883264,94185361834
9895,115508883264,94479065225
9896,115508883264,94772827986
9897,115508883264,95066650123
9898,115508883264,95360531642
9899,115508883264,95654472549
9900,115508883264,95948472850
9901,115508883264,96242532551
9902,115508883264,96536651658
9903,115508883264,96830830177
9904,115508883264,97125068114
9905,115508883264,97419365475
9906,115508883264,97713722266
9907,115508883264,98008138493
9908,115508883264,98302614162
9909,115508883264,98597149279
9910,115508883264,98891743850
9911,115508883264,99186397881
9912,115508883264,99481111378
9913,115508883264,99775884347
9914,115508883264,100070716794
9915,115508883264,100365608725
9916,115508883264,100660560146
9917,115508883264,100955571063
9918,115508883264,101250641482
9919,115508883264,101430733650
9920,115508883264,101430733650
9921,115508883264,101430733650
9922,115508883264,101430733650
9923,115508883264,101430733650
9924,115508883264,101430733650
9925,115508883264,101430733650
9926,115508883264,101430733650
9927,115508883264,101430733650
9928,115508883264,101430733650
9929,115508883264,101430733650
9930,115508883264,101430733650
9931,115508883264,101430733650
9932,115508883264,101430733650
9933,115508883264,101430733650
9934,115508883264,101430733650
9935,115508883264,101430733650
9936,115508883264,101430733650
9937,115805085361,101430733650
9938,116101347080,101430733650
9939,116397668427,101430733650
9940,116397757872,101430733650
9941,116694198493,101430733650
9942,116881970436,101430733650
9943,116881970436,101430733650
9944,116881970436,101430733650
9945,116881970436,101430733650
9946,116881970436,101430733650
9947,116881970436,101430733650
9948,116881970436,101430733650
9949,116881970436,101430733650
9950,116881970436,101430733650
9951,116881970436,101430733650
9952,116881970436,101430733650
9953,116881970436,101430733650
9954,116881970436,101430733650
9955,116881970436,101430733650
9956,116881970436,101430733650
9957,116881970436,101430733650
9958,116881970436,101430733650
9959,116881970436,101430733650
9960,116881970436,101430733650
9961,116881970436,101430733650
9962,116881970436,101430733650
9963,116881970436,101430733650
9964,116881970436,101430733650
9965,116881970436,101430733650
9966,116881970436,101430733650
9967,116881970436,101430733650
9968,116881970436,101430733650
9969,116881970436,101430733650
9970,116881970436,101430733650
9971,116881970436,101430733650
9972,116881970436,101430733650
9973,116881970436,101430733650
9974,116881970436,101430733650
9975,116881970436,101430733650
9976,116881970436,101430733650
9977,116881970436,101430733650
9978,116881970436,101430733650
9979,116881970436,101430733650
9980,116881970436,101430733650
9981,116881970436,101430733650
9982,116881970436,101430733650
9983,116881970436,101430733650
9984,116881970436,101430733650
9985,117181041157,101430733650
9986,117480171788,101430733650
9987,117516979200,101430733650
9988,117516979200,101430733650
9989,117516979200,101430733650
9990,117516979200,101430733650
9991,117516979200,101430733650
9992,117516979200,101430733650
9993,117516979200,101430733650
9994,117516979200,101430733650
9995,117516979200,101430733650
9996,117516979200,101430733650
9997,117516979200,101430733650
9998,117516979200,101430733650
9999,117516979200,101430733650
10000,117516979200,101430733650
10001,117817009201,101730763651
10002,118117099208,102030853658
10003,118417249227,102331003677
10004,118417339248,102547291743
10005,118717609309,102547291743
10006,119017939400,102847621834
10007,119275135480,103148011961
10008,119275135480,103448462130
10009,119275135480,103664966394
10010,119275135480,103664966394
10011,119275135480,103965596725
10012,119275135480,104266287122
10013,119275135480,104286886488
10014,119275135480,104286886488
10015,119275135480,104286886488
10016,119275135480,104286886488
10017,119275135480,104286886488
10018,119275135480,104286886488
10019,119275135480,104286886488
10020,119275135480,104286886488
10021,119275135480,104286886488
10022,119275135480,104286886488
10023,119275135480,104286886488
10024,119275135480,104286886488
10025,119275135480,104286886488
10026,119275135480,104286886488
10027,119275135480,104286886488
10028,119275135480,104286886488
10029,119275135480,104286886488
10030,119275135480,104286886488
10031,119275135480,104286886488
10032,119275135480,104286886488
10033,119275135480,104286886488
10034,119275135480,104286886488
10035,119275135480,104286886488
10036,119275135480,104286886488
10037,119275135480,104286886488
10038,119275135480,104286886488
10039,119275135480,104286886488
10040,119275135480,104286886488
10041,119275135480,104286886488
10042,119275135480,104286886488
10043,119275135480,104286886488
10044,119275135480,104286886488
10045,119275135480,104286886488
10046,119275135480,104286886488
10047,119275135480,104286886488
10048,119275135480,104286886488
10049,119275135480,104286886488
10050,119275135480,104286886488
10051,119275135480,104286886488
10052,119275135480,104286886488
10053,119275135480,104286886488
10054,119275135480,104286886488
10055,119275135480,104286886488
10056,119275135480,104286886488
10057,119275135480,104286886488
10058,119275135480,104286886488
10059,119275135480,104286886488
10060,119275135480,104286886488
10061,119275135480,104286886488
10062,119275135480,104286886488
10063,119275135480,104286886488
10064,119275135480,104286886488
10065,119275135480,104286886488
10066,119275135480,104286886488
10067,119275135480,104286886488
10068,119275135480,104286886488
10069,119275135480,104286886488
10070,119275135480,104286886488
10071,119275135480,104286886488
10072,119275135480,104286886488
10073,119275135480,104286886488
10074,119275135480,104286886488
10075,119275135480,104286886488
10076,119275135480,104286886488
10077,119275135480,104286886488
10078,119275135480,104286886488
10079,119275135480,104286886488
10080,119275135480,104286886488
10081,119579984921,104286886488
10082,119884894848,104286886488
10083,120189865267,104286886488
10084,120494896184,104286886488
10085,120799987605,104286886488
10086,121105139536,104286886488
10087,121410351983,104286886488
10088,121715624952,104286886488
10089,122020958449,104286886488
10090,122132737872,104286886488
10091,122132737872,104286886488
10092,122132737872,104286886488
10093,122132737872,104286886488
10094,122132737872,104286886488
10095,122132737872,104286886488
10096,122132737872,104286886488
10097,122132737872,104286886488
10098,122132737872,104286886488
10099,122325561675,104286886488
10100,122325561675,104286886488
10101,122631621976,104286886488
10102,122937742883,104286886488
10103,123114293687,104286886488
10104,123114293687,104286886488
10105,123114293687,104286886488
10106,123114293687,104286886488
10107,123114293687,104286886488
10108,123114293687,104286886488
10109,123420839004,104286886488
10110,123459162900,104286886488
10111,123459162900,104286886488
10112,123459162900,104286886488
10113,123459162900,104286886488
10114,123459162900,104286886488
10115,123459162900,104286886488
10116,123459162900,104286886488
10117,123459162900,104286886488
10118,123459162900,104286886488
10119,123459162900,104286886488
10120,123459162900,104286886488
10121,123766436461,104286886488
10122,124073770748,104286886488
10123,124381165767,104286886488
10124,124688621524,104286886488
10125,124903334736,104286886488
10126,124903334736,104286886488
10127,124903334736,104286886488
10128,124903334736,104286886488
10129,124903334736,104286886488
10130,124903334736,104286886488
10131,124903334736,104286886488
10132,124903334736,104286886488
10133,124903334736,104286886488
10134,124903334736,104286886488
10135,124903334736,104286886488
10136,124903334736,104286886488
10137,124903334736,104286886488
10138,124903334736,104286886488
10139,124903334736,104286886488
10140,124903334736,104286886488
10141,124903334736,104286886488
10142,124903334736,104286886488
10143,124903334736,104286886488
10144,124903334736,104286886488
10145,124903334736,104286886488
10146,124903334736,104286886488
10147,124903334736,104286886488
10148,124903334736,104286886488
10149,124903334736,104286886488
10150,124903334736,104286886488
10151,124903334736,104286886488
10152,124903334736,104286886488
10153,124903334736,104286886488
10154,124903334736,104286886488
10155,124903334736,104286886488
10156,124903334736,104286886488
10157,124903334736,104286886488
10158,124903334736,104286886488
10159,124903334736,104286886488
10160,124903334736,104286886488
10161,124903334736,104286886488
10162,124903334736,104286886488
10163,124903334736,104286886488
10164,124903334736,104286886488
10165,124938656064,104286886488
10166,124938656064,104286886488
10167,124938656064,104286886488
10168,124938656064,104286886488
10169,124938656064,104286886488
10170,124938656064,104286886488
10171,124938656064,104286886488
10172,124938656064,104286886488
10173,124938656064,104286886488
10174,124938656064,104286886488
10175,124938656064,104286886488
10176,124938656064,104286886488
10177,124938656064,104286886488
10178,124938656064,104286886488
10179,124938656064,104286886488
10180,124938656064,104286886488
10181,124938656064,104286886488
10182,124938656064,104286886488
10183,124938656064,104286886488
10184,124938656064,104286886488
10185,124938656064,104286886488
10186,124938656064,104286886488
10187,124938656064,104286886488
10188,124938656064,104286886488
10189,124938656064,104286886488
10190,124938656064,104286886488
10191,124938656064,104286886488
10192,124938656064,104286886488
10193,124938656064,104286886488
10194,124938656064,104286886488
10195,124938656064,104286886488
10196,124938656064,104286886488
10197,124938656064,104286886488
10198,124938656064,104286886488
10199,124938656064,104286886488
10200,124938656064,104286886488
10201,124938656064,104286886488
10202,124938656064,104286886488
10203,124938656064,104286886488
10204,124938656064,104286886488
10205,124938656064,104286886488
10206,124938656064,104286886488
10207,124938656064,104286886488
10208,124938656064,104286886488
10209,125251296481,104286886488
10210,125535060288,104286886488
10211,125535060288,104286886488
10212,125535060288,104286886488
10213,125535060288,104286886488
10214,125535060288,104286886488
10215,125535060288,104286886488
10216,125535060288,104286886488
10217,125535060288,104286886488
10218,125535060288,104286886488
10219,125535060288,104286886488
10220,125535060288,104286886488
10221,125535060288,104286886488
10222,125535060288,104286886488
10223,125535060288,104286886488
10224,125535060288,104286886488
10225,125535060288,104286886488
10226,125535060288,104286886488
10227,125535060288,104286886488
10228,125535060288,104286886488
10229,125535060288,104286886488
10230,125535060288,104286886488
10231,125535060288,104286886488
10232,125535060288,104286886488
10233,125535060288,104286886488
10234,125535060288,104286886488
10235,125535060288,104286886488
10236,125535060288,104286886488
10237,125535060288,104286886488
10238,125535060288,104286886488
10239,125535060288,104286886488
10240,125535060288,104286886488
10241,125535060288,104286886488
10242,125535060288,104286886488
10243,125535060288,104286886488
10244,125535060288,104286886488
10245,125535060288,104286886488
10246,125535060288,104286886488
10247,125535060288,104286886488
10248,125535060288,104286886488
10249,125535060288,104286886488
10250,125535060288,104286886488
10251,125535060288,104286886488
10252,125535060288,104286886488
10253,125535060288,104286886488
10254,125535060288,104286886488
10255,125535060288,104286886488
10256,125535060288,104286886488
10257,125535060288,104286886488
10258,125535060288,104286886488
10259,125535060288,104286886488
10260,125535060288,104286886488
10261,125535060288,104286886488
10262,125535060288,104286886488
10263,125535060288,104286886488
10264,125535060288,104286886488
10265,125535060288,104286886488
10266,125535060288,104286886488
10267,125535060288,104286886488
10268,125535060288,104286886488
10269,125535060288,104286886488
10270,125535060288,104286886488
10271,125535060288,104286886488
10272,125535060288,104286886488
10273,125535060288,104286886488
10274,125535060288,104286886488
10275,125535060288,104286886488
10276,125535060288,104286886488
10277,125535060288,104286886488
10278,125535060288,104286886488
10279,125535060288,104286886488
10280,125535060288,104286886488
10281,125535060288,104286886488
10282,125535060288,104286886488
10283,125535060288,104286886488
10284,125535060288,104286886488
10285,125535060288,104286886488
10286,125535060288,104286886488
10287,125535060288,104286886488
10288,125535060288,104286886488
10289,125535060288,104286886488
10290,125535060288,104286886488
10291,125535060288,104286886488
10292,125535060288,104286886488
10293,125535060288,104286886488
10294,125535060288,104286886488
10295,125535060288,104286886488
10296,125535060288,104286886488
10297,125853114025,104286886488
10298,126171229544,104286886488
10299,126489406851,104286886488
10300,126807645952,104286886488
10301,127125946853,104286886488
10302,127444309560,104286886488
10303,127668790872,104286886488
10304,127668790872,104286886488
10305,127668790872,104286886488
10306,127668790872,104286886488
10307,127668790872,104286886488
10308,127668790872,104286886488
10309,127668790872,104286886488
10310,127668790872,104286886488
10311,127668790872,104286886488
10312,127668790872,104286886488
10313,127668790872,104286886488
10314,127668790872,104286886488
10315,127668790872,104286886488
10316,127668790872,104286886488
10317,127668790872,104286886488
10318,127668790872,104286886488
10319,127668790872,104286886488
10320,127668790872,104286886488
10321,127668790872,104286886488
10322,127668790872,104286886488
10323,127668790872,104286886488
10324,127668790872,104286886488
10325,127668790872,104286886488
10326,127668790872,104286886488
10327,127668790872,104286886488
10328,127668790872,104286886488
10329,127668790872,104286886488
10330,127668790872,104286886488
10331,127668790872,104286886488
10332,127668790872,104286886488
10333,127668790872,104286886488
10334,127668790872,104286886488
10335,127668790872,104286886488
10336,127668790872,104286886488
10337,127668790872,104286886488
10338,127668790872,104286886488
10339,127668790872,104286886488
10340,127668790872,104286886488
10341,127668790872,104286886488
10342,127668790872,104286886488
10343,127668790872,104286886488
10344,127668790872,104286886488
10345,127668790872,104286886488
10346,127668790872,104286886488
10347,127668790872,104286886488
10348,127668790872,104286886488
10349,127668790872,104286886488
10350,127668790872,104286886488
10351,127668790872,104286886488
10352,127668790872,104286886488
10353,127668790872,104286886488
10354,127668790872,104286886488
10355,127668790872,104286886488
10356,127668790872,104286886488
10357,127668790872,104286886488
10358,127668790872,104286886488
10359,127668790872,104286886488
10360,127668790872,104286886488
10361,127668790872,104286886488
10362,127668790872,104286886488
10363,127668790872,104286886488
10364,127668790872,104286886488
10365,127668790872,104286886488
10366,127668790872,104286886488
10367,127668790872,104286886488
10368,127668790872,104286886488
10369,127991308249,104609403865
10370,128313887840,104931983456
10371,128510121300,105111256559
10372,128510121300,105433960596
10373,128510121300,105756726865
10374,128510121300,105936103696
10375,128510121300,106258994447
10376,128510121300,106581947448
10377,128510121300,106761428037
10378,128510121300,107084505556
10379,128510121300,107407645343
10380,128510121300,107587229720
10381,128510121300,107910494061
10382,128510121300,108205425902
10383,128510121300,108205425902
10384,128510121300,108205425902
10385,128510121300,108205425902
10386,128510121300,108205425902
10387,128510121300,108205425902
10388,128510121300,108205425902
10389,128510121300,108205425902
10390,128510121300,108205425902
10391,128510121300,108205425902
10392,128510121300,108205425902
10393,128510121300,108205425902
10394,128510121300,108205425902
10395,128510121300,108205425902
10396,128510121300,108205425902
10397,128510121300,108205425902
10398,128510121300,108205425902
10399,128510121300,108205425902
10400,128510121300,108205425902
10401,128834632501,108205425902
10402,129159206108,108205425902
10403,129483842127,108205425902
10404,129808540564,108205425902
10405,130133301425,108205425902
10406,130458124716,108205425902
10407,130783010443,108205425902
10408,131107958612,108205425902
10409,131432969229,108205425902
10410,131757101495,108205425902
10411,131757101495,108205425902
10412,131757101495,108205425902
10413,131757101495,108205425902
10414,131757101495,108205425902
10415,131757101495,108205425902
10416,131757101495,108205425902
10417,131757101495,108205425902
10418,131757101495,108205425902
10419,131757101495,108205425902
10420,131757101495,108205425902
10421,132082861956,108205425902
10422,132384751752,108205425902
10423,132384751752,108205425902
10424,132384751752,108205425902
10425,132384751752,108205425902
10426,132384751752,108205425902
10427,132710887459,108205425902
10428,133037085728,108205425902
10429,133298919810,108205425902
10430,133298919810,108205425902
10431,133298919810,108205425902
10432,133298919810,108205425902
10433,133298919810,108205425902
10434,133298919810,108205425902
10435,133298919810,108205425902
10436,133298919810,108205425902
10437,133298919810,108205425902
10438,133298919810,108205425902
10439,133298919810,108205425902
10440,133298919810,108205425902
10441,133298919810,108205425902
10442,133298919810,108205425902
10443,133298919810,108205425902
10444,133298919810,108205425902
10445,133298919810,108205425902
10446,133298919810,108205425902
10447,133298919810,108205425902
10448,133298919810,108205425902
10449,133298919810,108205425902
10450,133298919810,108205425902
10451,133298919810,108205425902
10452,133298919810,108205425902
10453,133298919810,108205425902
10454,133298919810,108205425902
10455,133298919810,108205425902
10456,133298919810,108205425902
10457,133298919810,108205425902
10458,133298919810,108205425902
10459,133298919810,108205425902
10460,133298919810,108205425902
10461,133298919810,108205425902
10462,133298919810,108205425902
10463,133298919810,108205425902
10464,133298919810,108205425902
10465,133298919810,108205425902
10466,133298919810,108205425902
10467,133298919810,108205425902
10468,133298919810,108205425902
10469,133298919810,108205425902
10470,133298919810,108205425902
10471,133298919810,108205425902
10472,133298919810,108205425902
10473,133298919810,108205425902
10474,133298919810,108205425902
10475,133298919810,108205425902
10476,133298919810,108205425902
10477,133298919810,108205425902
10478,133298919810,108205425902
10479,133298919810,108205425902
10480,133298919810,108205425902
10481,133298919810,108205425902
10482,133298919810,108205425902
10483,133298919810,108205425902
10484,133298919810,108205425902
10485,133298919810,108205425902
10486,133298919810,108205425902
10487,133298919810,108205425902
10488,133298919810,108205425902
10489,133298919810,108205425902
10490,133298919810,108205425902
10491,133298919810,108205425902
10492,133298919810,108205425902
10493,133298919810,108205425902
10494,133298919810,108205425902
10495,133298919810,108205425902
10496,133298919810,108205425902
10497,133298919810,108205425902
10498,133298919810,108205425902
10499,133298919810,108205425902
10500,133298919810,108205425902
10501,133298919810,108205425902
10502,133298919810,108205425902
10503,133298919810,108205425902
10504,133298919810,108205425902
10505,133298919810,108205425902
10506,133298919810,108205425902
10507,133298919810,108205425902
10508,133298919810,108205425902
10509,133298919810,108205425902
10510,133298919810,108205425902
10511,133298919810,108205425902
10512,133298919810,108205425902
10513,133298919810,108205425902
10514,133298919810,108205425902
10515,133298919810,108205425902
10516,133298919810,108205425902
10517,133298919810,108205425902
10518,133298919810,108205425902
10519,133298919810,108205425902
10520,133298919810,108205425902
10521,133298919810,108205425902
10522,133298919810,108205425902
10523,133298919810,108205425902
10524,133298919810,108205425902
10525,133298919810,108205425902
10526,133298919810,108205425902
10527,133298919810,108205425902
10528,133298919810,108205425902
10529,133298919810,108205425902
10530,133298919810,108205425902
10531,133298919810,108205425902
10532,133298919810,108205425902
10533,133298919810,108205425902
10534,133298919810,108205425902
10535,133298919810,108205425902
10536,133298919810,108205425902
10537,133298919810,108205425902
10538,133298919810,108205425902
10539,133298919810,108205425902
10540,133298919810,108205425902
10541,133298919810,108205425902
10542,133298919810,108205425902
10543,133298919810,108205425902
10544,133298919810,108205425902
10545,133298919810,108205425902
10546,133298919810,108205425902
10547,133298919810,108205425902
10548,133298919810,108205425902
10549,133298919810,108205425902
10550,133298919810,108205425902
10551,133298919810,108205425902
10552,133298919810,108205425902
10553,133298919810,108205425902
10554,133298919810,108205425902
10555,133298919810,108205425902
10556,133298919810,108205425902
10557,133298919810,108205425902
10558,133298919810,108205425902
10559,133298919810,108205425902
10560,133298919810,108205425902
10561,133633492291,108205425902
10562,133968128138,108205425902
10563,134302827357,108205425902
10564,134637589954,108205425902
10565,134972415935,108205425902
10566,135307305306,108205425902
10567,135642258073,108205425902
10568,135955323288,108205425902
10569,135955323288,108205425902
10570,135955323288,108205425902
10571,135955323288,108205425902
10572,135955323288,108205425902
10573,135955323288,108205425902
10574,135955323288,108205425902
10575,135955323288,108205425902
10576,135955323288,108205425902
10577,135955323288,108205425902
10578,135955323288,108205425902
10579,135955323288,108205425902
10580,135955323288,108205425902
10581,135955323288,108205425902
10582,135955323288,108205425902
10583,135955323288,108205425902
10584,135955323288,108205425902
10585,135955323288,108205425902
10586,135955323288,108205425902
10587,135955323288,108205425902
10588,135955323288,108205425902
10589,135955323288,108205425902
10590,135955323288,108205425902
10591,135955323288,108205425902
10592,135955323288,108205425902
10593,135955323288,108205425902
10594,135955323288,108205425902
10595,135955323288,108205425902
10596,135955323288,108205425902
10597,135955323288,108205425902
10598,135955323288,108205425902
10599,135955323288,108205425902
10600,135955323288,108205425902
10601,135955323288,108205425902
10602,135955323288,108205425902
10603,135955323288,108205425902
10604,135955323288,108205425902
10605,135955323288,108205425902
10606,135955323288,108205425902
10607,135955323288,108205425902
10608,135955323288,108205425902
10609,135955323288,108205425902
10610,135955323288,108205425902
10611,135955323288,108205425902
10612,135955323288,108205425902
10613,135955323288,108205425902
10614,135955323288,108205425902
10615,135955323288,108205425902
10616,135955323288,108205425902
10617,135955323288,108205425902
10618,135955323288,108205425902
10619,135955323288,108205425902
10620,135955323288,108205425902
10621,135955323288,108205425902
10622,135955323288,108205425902
10623,135955323288,108205425902
10624,135955323288,108205425902
10625,135955323288,108205425902
10626,135955323288,108205425902
10627,135955323288,108205425902
10628,135955323288,108205425902
10629,135955323288,108205425902
10630,135955323288,108205425902
10631,135955323288,108205425902
10632,135955323288,108205425902
10633,135955323288,108205425902
10634,135955323288,108205425902
10635,135955323288,108205425902
10636,135955323288,108205425902
10637,135955323288,108205425902
10638,135955323288,108205425902
10639,135955323288,108205425902
10640,135955323288,108205425902
10641,135955323288,108205425902
10642,135955323288,108205425902
10643,135955323288,108205425902
10644,135955323288,108205425902
10645,135955323288,108205425902
10646,135955323288,108205425902
10647,135955323288,108205425902
10648,135955323288,108205425902
10649,136295494945,108205425902
10650,136635730496,108205425902
10651,136976029947,108205425902
10652,137316393304,108205425902
10653,137656820573,108205425902
10654,137997311760,108205425902
10655,138337866871,108205425902
10656,138678485912,108205425902
10657,139019168889,108205425902
10658,139359915808,108205425902
10659,139576427670,108205425902
10660,139576427670,108205425902
10661,139576427670,108205425902
10662,139576427670,108205425902
10663,139576427670,108205425902
10664,139576427670,108205425902
10665,139576427670,108205425902
10666,139576427670,108205425902
10667,139576427670,108205425902
10668,139576427670,108205425902
10669,139576427670,108205425902
10670,139576427670,108205425902
10671,139918006381,108205425902
10672,140259649118,108205425902
10673,140601355887,108205425902
10674,140943126694,108205425902
10675,141284961545,108205425902
10676,141626860446,108205425902
10677,141968823403,108205425902
10678,142310850422,108205425902
10679,142652941509,108205425902
10680,142937998371,108205425902
10681,142937998371,108205425902
10682,142937998371,108205425902
10683,142937998371,108205425902
10684,142937998371,108205425902
10685,142937998371,108205425902
10686,142937998371,108205425902
10687,142937998371,108205425902
10688,142937998371,108205425902
10689,142937998371,108205425902
10690,142937998371,108205425902
10691,142937998371,108205425902
10692,142937998371,108205425902
10693,142937998371,108205425902
10694,142937998371,108205425902
10695,142937998371,108205425902
10696,142937998371,108205425902
10697,142937998371,108205425902
10698,142937998371,108205425902
10699,142937998371,108205425902
10700,142937998371,108205425902
10701,142937998371,108205425902
10702,142937998371,108205425902
10703,142937998371,108205425902
10704,142937998371,108205425902
10705,142937998371,108205425902
10706,142937998371,108205425902
10707,142937998371,108205425902
10708,142937998371,108205425902
10709,142937998371,108205425902
10710,142937998371,108205425902
10711,142937998371,108205425902
10712,142937998371,108205425902
10713,142937998371,108205425902
10714,142937998371,108205425902
10715,142937998371,108205425902
10716,142937998371,108205425902
10717,142937998371,108205425902
10718,142937998371,108205425902
10719,142937998371,108205425902
10720,142937998371,108205425902
10721,142937998371,108205425902
10722,142937998371,108205425902
10723,142937998371,108205425902
10724,142937998371,108205425902
10725,142937998371,108205425902
10726,142937998371,108205425902
10727,142937998371,108205425902
10728,142937998371,108205425902
10729,142937998371,108205425902
10730,142937998371,108205425902
10731,142937998371,108205425902
10732,142937998371,108205425902
10733,142937998371,108205425902
10734,142937998371,108205425902
10735,142937998371,108205425902
10736,142937998371,108205425902
10737,142937998371,108205425902
10738,142937998371,108205425902
10739,142937998371,108205425902
10740,142937998371,108205425902
10741,142937998371,108205425902
10742,142937998371,108205425902
10743,142937998371,108205425902
10744,142937998371,108205425902
10745,142937998371,108205425902
10746,142937998371,108205425902
10747,142937998371,108205425902
10748,142937998371,108205425902
10749,142937998371,108205425902
10750,142937998371,108205425902
10751,142937998371,108205425902
10752,142937998371,108205425902
10753,143284847140,108205425902
10754,143631760427,108205425902
10755,143978738238,108205425902
10756,144021667600,108205425902
10757,144021667600,108205425902
10758,144021667600,108205425902
10759,144021667600,108205425902
10760,144021667600,108205425902
10761,144021667600,108205425902
10762,144021667600,108205425902
10763,144021667600,108205425902
10764,144021667600,108205425902
10765,144021667600,108205425902
10766,144021667600,108205425902
10767,144021667600,108205425902
10768,144021667600,108205425902
10769,144021667600,108205425902
10770,144021667600,108205425902
10771,144021667600,108205425902
10772,144021667600,108205425902
10773,144021667600,108205425902
10774,144021667600,108205425902
10775,144021667600,108205425902
10776,144021667600,108205425902
10777,144021667600,108205425902
10778,144021667600,108205425902
10779,144021667600,108205425902
10780,144021667600,108205425902
10781,144021667600,108205425902
10782,144021667600,108205425902
10783,144021667600,108205425902
10784,144021667600,108205425902
10785,144021667600,108205425902
10786,144021667600,108205425902
10787,144021667600,108205425902
10788,144021667600,108205425902
10789,144021667600,108205425902
10790,144021667600,108205425902
10791,144021667600,108205425902
10792,144021667600,108205425902
10793,144021667600,108205425902
10794,144021667600,108205425902
10795,144021667600,108205425902
10796,144021667600,108205425902
10797,144021667600,108205425902
10798,144021667600,108205425902
10799,144021667600,108205425902
10800,144021667600,108205425902
10801,144371620001,108205425902
10802,144721637208,108205425902
10803,145035232848,108205425902
10804,145035232848,108205425902
10805,145035232848,108205425902
10806,145035232848,108205425902
10807,145035232848,108205425902
10808,145035232848,108205425902
10809,145035232848,108205425902
10810,145035232848,108205425902
10811,145035232848,108205425902
10812,145035232848,108205425902
10813,145035232848,108205425902
10814,145035232848,108205425902
10815,145035232848,108205425902
10816,145035232848,108205425902
10817,145386222865,108205425902
10818,145737277784,108205425902
10819,146088397611,108205425902
10820,146439582352,108205425902
10821,146790832013,108205425902
10822,147142146600,108205425902
10823,147493526119,108205425902
10824,147844970576,108205425902
10825,148106537657,108205425902
10826,148106537657,108205425902
10827,148106537657,108205425902
10828,148106537657,108205425902
10829,148106537657,108205425902
10830,148106537657,108205425902
10831,148106537657,108205425902
10832,148106537657,108205425902
10833,148458566826,108205425902
10834,148796202240,108205425902
10835,148796202240,108205425902
10836,148796202240,108205425902
10837,148796202240,108205425902
10838,148796202240,108205425902
10839,148796202240,108205425902
10840,148796202240,108205425902
10841,148796202240,108205425902
10842,148796202240,108205425902
10843,148796202240,108205425902
10844,148796202240,108205425902
10845,148796202240,108205425902
10846,148796202240,108205425902
10847,148796202240,108205425902
10848,148796202240,108205425902
10849,148796202240,108205425902
10850,148796202240,108205425902
10851,148796202240,108205425902
10852,148796202240,108205425902
10853,148796202240,108205425902
10854,148796202240,108205425902
10855,148796202240,108205425902
10856,148796202240,108205425902
10857,148796202240,108205425902
10858,148796202240,108205425902
10859,148796202240,108205425902
10860,148796202240,108205425902
10861,148796202240,108205425902
10862,148796202240,108205425902
10863,148796202240,108205425902
10864,148796202240,108205425902
10865,148796202240,108205425902
10866,148796202240,108205425902
10867,148796202240,108205425902
10868,148796202240,108205425902
10869,148796202240,108205425902
10870,148796202240,108205425902
10871,148796202240,108205425902
10872,148796202240,108205425902
10873,148796202240,108205425902
10874,148796202240,108205425902
10875,148796202240,108205425902
10876,148796202240,108205425902
10877,148796202240,108205425902
10878,148796202240,108205425902
10879,148796202240,108205425902
10880,148796202240,108205425902
10881,149151358081,108205425902
10882,149417782087,108205425902
10883,149773068506,108205425902
10884,149861963568,108205425902
10885,150217380589,108205425902
10886,150572862920,108205425902
10887,150661970256,108205425902
10888,150661970256,108205425902
10889,151017648553,108205425902
10890,151074656544,108205425902
10891,151074656544,108205425902
10892,151074656544,108205425902
10893,151074656544,108205425902
10894,151074656544,108205425902
10895,151074656544,108205425902
10896,151074656544,108205425902
10897,151074656544,108205425902
10898,151074656544,108205425902
10899,151074656544,108205425902
10900,151074656544,108205425902
10901,151074656544,108205425902
10902,151074656544,108205425902
10903,151074656544,108205425902
10904,151074656544,108205425902
10905,151074656544,108205425902
10906,151074656544,108205425902
10907,151074656544,108205425902
10908,151074656544,108205425902
10909,151074656544,108205425902
10910,151074656544,108205425902
10911,151074656544,108205425902
10912,151074656544,108205425902
10913,151074656544,108205425902
10914,151074656544,108205425902
10915,151074656544,108205425902
10916,151074656544,108205425902
10917,151074656544,108205425902
10918,151074656544,108205425902
10919,151074656544,108205425902
10920,151074656544,108205425902
10921,151074656544,108205425902
10922,151074656544,108205425902
10923,151074656544,108205425902
10924,151074656544,108205425902
10925,151074656544,108205425902
10926,151074656544,108205425902
10927,151074656544,108205425902
10928,151074656544,108205425902
10929,151074656544,108205425902
10930,151074656544,108205425902
10931,151074656544,108205425902
10932,151074656544,108205425902
10933,151074656544,108205425902
10934,151074656544,108205425902
10935,151074656544,108205425902
10936,151074656544,108205425902
10937,151074656544,108205425902
10938,151074656544,108205425902
10939,151074656544,108205425902
10940,151074656544,108205425902
10941,151074656544,108205425902
10942,151074656544,108205425902
10943,151074656544,108205425902
10944,151074656544,108205425902
10945,151434002785,108205425902
10946,151703569927,108205425902
10947,152063047514,108205425902
10948,152152990800,108205425902
10949,152512599757,108205425902
10950,152872274408,108205425902
10951,152962431216,108205425902
10952,152962431216,108205425902
10953,153322302985,108205425902
10954,153520086768,108205425902
10955,153520086768,108205425902
10956,153520086768,108205425902
10957,153520086768,108205425902
10958,153520086768,108205425902
10959,153520086768,108205425902
10960,153520086768,108205425902
10961,153520086768,108205425902
10962,153520086768,108205425902
10963,153520086768,108205425902
10964,153520086768,108205425902
10965,153520086768,108205425902
10966,153520086768,108205425902
10967,153520086768,108205425902
10968,153520086768,108205425902
10969,153520086768,108205425902
10970,153520086768,108205425902
10971,153520086768,108205425902
10972,153520086768,108205425902
10973,153520086768,108205425902
10974,153520086768,108205425902
10975,153520086768,108205425902
10976,153520086768,108205425902
10977,153520086768,108566876559
10978,153520086768,108838022181
10979,153520086768,109199604568
10980,153520086768,109470848998
10981,153520086768,109832563139
10982,153520086768,110103906395
10983,153520086768,110465752314
10984,153520086768,110737194414
10985,153520086768,111099172135
10986,153520086768,111370713097
10987,153520086768,111732822644
10988,153520086768,112004462486
10989,153520086768,112366703883
10990,153520086768,112638442623
10991,153520086768,113000815894
10992,153520086768,113272653550
10993,153520086768,113635158719
10994,153520086768,113907095309
10995,153520086768,114269732400
10996,153520086768,114541767942
10997,153520086768,114904536979
10998,153520086768,115176671491
10999,153520086768,115539572498
11000,153520086768,115811805998
11001,153520086768,116174838999
11002,153520086768,116447171505
11003,153520086768,116810336524
11004,153520086768,117082768054
11005,153520086768,117446065115
11006,153520086768,117718595687
11007,153520086768,118082024814
11008,153520086768,118354654446
11009,153520086768,118666894266
11010,153520086768,118666894266
11011,153520086768,118666894266
11012,153520086768,118666894266
11013,153520086768,118666894266
11014,153520086768,118666894266
11015,153520086768,118666894266
11016,153520086768,118666894266
11017,153520086768,118666894266
11018,153520086768,118666894266
11019,153520086768,118666894266
11020,153520086768,118666894266
11021,153520086768,118666894266
11022,153520086768,118666894266
11023,153520086768,118666894266
11024,153520086768,118666894266
11025,153520086768,118666894266
11026,153520086768,118666894266
11027,153520086768,118666894266
11028,153520086768,118666894266
11029,153520086768,118666894266
11030,153520086768,118666894266
11031,153520086768,118666894266
11032,153520086768,118666894266
11033,153520086768,118666894266
11034,153520086768,118666894266
11035,153520086768,118666894266
11036,153520086768,118666894266
11037,153520086768,118666894266
11038,153520086768,118666894266
11039,153520086768,118666894266
11040,153520086768,118666894266
11041,153520086768,118666894266
11042,153520086768,118666894266
11043,153520086768,118666894266
11044,153520086768,118666894266
11045,153520086768,118666894266
11046,153520086768,118666894266
11047,153520086768,118666894266
11048,153520086768,118666894266
11049,153520086768,118666894266
11050,153520086768,118666894266
11051,153520086768,118666894266
11052,153520086768,118666894266
11053,153520086768,118666894266
11054,153520086768,118666894266
11055,153520086768,118666894266
11056,153520086768,118666894266
11057,153520086768,118666894266
11058,153520086768,118666894266
11059,153520086768,118666894266
11060,153520086768,118666894266
11061,153520086768,118666894266
11062,153520086768,118666894266
11063,153520086768,118666894266
11064,153520086768,118666894266
11065,153520086768,118666894266
11066,153520086768,118666894266
11067,153520086768,118666894266
11068,153520086768,118666894266
11069,153520086768,118666894266
11070,153520086768,118666894266
11071,153520086768,118666894266
11072,153520086768,118666894266
11073,153520086768,118666894266
11074,153520086768,118666894266
11075,153520086768,118666894266
11076,153520086768,118666894266
11077,153520086768,118666894266
11078,153520086768,118666894266
11079,153520086768,118666894266
11080,153520086768,118666894266
11081,153520086768,118666894266
11082,153520086768,118666894266
11083,153520086768,118666894266
11084,153520086768,118666894266
11085,153520086768,118666894266
11086,153520086768,118666894266
11087,153520086768,118666894266
11088,153520086768,118666894266
11089,153888951265,118666894266
11090,154257882296,118666894266
11091,154626879867,118666894266
11092,154995943984,118666894266
11093,155365074653,118666894266
11094,155734271880,118666894266
11095,156103535671,118666894266
11096,156472866032,118666894266
11097,156842262969,118666894266
11098,156977224712,118666894266
11099,156977224712,118666894266
11100,156977224712,118666894266
11101,156977224712,118666894266
11102,156977224712,118666894266
11103,156977224712,118666894266
11104,156977224712,118666894266
11105,156977224712,118666894266
11106,156977224712,118666894266
11107,157158366175,118666894266
11108,157158366175,118666894266
11109,157158366175,118666894266
11110,157158366175,118666894266
11111,157158366175,118666894266
11112,157158366175,118666894266
11113,157158366175,118666894266
11114,157158366175,118666894266
11115,157158366175,118666894266
11116,157158366175,118666894266
11117,157158366175,118666894266
11118,157158366175,118666894266
11119,157158366175,118666894266
11120,157158366175,118666894266
11121,157158366175,118666894266
11122,157158366175,118666894266
11123,157158366175,118666894266
11124,157158366175,118666894266
11125,157158366175,118666894266
11126,157158366175,118666894266
11127,157158366175,118666894266
11128,157158366175,118666894266
11129,157158366175,118666894266
11130,157158366175,118666894266
11131,157158366175,118666894266
11132,157158366175,118666894266
11133,157158366175,118666894266
11134,157158366175,118666894266
11135,157158366175,118666894266
11136,157158366175,118666894266
11137,157158366175,118666894266
11138,157158366175,118666894266
11139,157158366175,118666894266
11140,157158366175,118666894266
11141,157158366175,118666894266
11142,157158366175,118666894266
11143,157158366175,118666894266
11144,157158366175,118666894266
11145,157158366175,118666894266
11146,157158366175,118666894266
11147,157158366175,118666894266
11148,157158366175,118666894266
11149,157158366175,118666894266
11150,157158366175,118666894266
11151,157158366175,118666894266
11152,157158366175,118666894266
11153,157158366175,118666894266
11154,157158366175,118666894266
11155,157158366175,118666894266
11156,157158366175,118666894266
11157,157158366175,118666894266
11158,157158366175,118666894266
11159,157158366175,118666894266
11160,157158366175,118666894266
11161,157158366175,118666894266
11162,157158366175,118666894266
11163,157158366175,118666894266
11164,157158366175,118666894266
11165,157158366175,118666894266
11166,157158366175,118666894266
11167,157158366175,118666894266
11168,157158366175,118666894266
11169,157158366175,118666894266
11170,157158366175,118666894266
11171,157158366175,118666894266
11172,157158366175,118666894266
11173,157158366175,118666894266
11174,157158366175,118666894266
11175,157158366175,118666894266
11176,157158366175,118666894266
11177,157158366175,118666894266
11178,157158366175,118666894266
11179,157158366175,118666894266
11180,157158366175,118666894266
11181,157158366175,118666894266
11182,157158366175,118666894266
11183,157158366175,118666894266
11184,157158366175,118666894266
11185,157158366175,118666894266
11186,157158366175,118666894266
11187,157158366175,118666894266
11188,157158366175,118666894266
11189,157158366175,118666894266
11190,157158366175,118666894266
11191,157158366175,118666894266
11192,157158366175,118666894266
11193,157158366175,118666894266
11194,157158366175,118666894266
11195,157158366175,118666894266
11196,157158366175,118666894266
11197,157158366175,118666894266
11198,157158366175,118666894266
11199,157158366175,118666894266
11200,157158366175,118666894266
11201,157534719776,118666894266
11202,157911140583,118666894266
11203,158287628602,118666894266
11204,158420265696,118666894266
11205,158420265696,118666894266
11206,158420265696,118666894266
11207,158420265696,118666894266
11208,158420265696,118666894266
11209,158420265696,118666894266
11210,158420265696,118666894266
11211,158420265696,118666894266
11212,158420265696,118666894266
11213,158420265696,118666894266
11214,158420265696,118666894266
11215,158420265696,118666894266
11216,158420265696,118666894266
11217,158420265696,118666894266
11218,158420265696,118666894266
11219,158420265696,118666894266
11220,158420265696,118666894266
11221,158420265696,118666894266
11222,158420265696,118666894266
11223,158420265696,118666894266
11224,158420265696,118666894266
11225,158420265696,118666894266
11226,158420265696,118666894266
11227,158420265696,118666894266
11228,158420265696,118666894266
11229,158420265696,118666894266
11230,158420265696,118666894266
11231,158420265696,118666894266
11232,158420265696,118666894266
11233,158798772865,118666894266
11234,159177347432,118666894266
11235,159555989403,118666894266
11236,159934698784,118666894266
11237,160313475581,118666894266
11238,160692319800,118666894266
11239,161071231447,118666894266
11240,161450210528,118666894266
11241,161829257049,118666894266
11242,161967708728,118666894266
11243,161967708728,118666894266
11244,161967708728,118666894266
11245,161967708728,118666894266
11246,161967708728,118666894266
11247,161967708728,118666894266
11248,161967708728,118666894266
11249,161967708728,118666894266
11250,161967708728,118666894266
11251,162347429979,118666894266
11252,162693122949,118666894266
11253,162693122949,118666894266
11254,162693122949,118666894266
11255,162693122949,118666894266
11256,162693122949,118666894266
11257,162938798484,118666894266
11258,162938798484,118666894266
11259,163303178838,118666894266
11260,163303178838,118666894266
11261,163303178838,118666894266
11262,163303178838,118666894266
11263,163303178838,118666894266
11264,163303178838,118666894266
11265,163683845719,118666894266
11266,164064580190,118666894266
11267,164445382257,118666894266
11268,164826251926,118666894266
11269,165207189203,118666894266
11270,165406519080,118666894266
11271,165406519080,118666894266
11272,165406519080,118666894266
11273,165406519080,118666894266
11274,165406519080,118666894266
11275,165406519080,118666894266
11276,165406519080,118666894266
11277,165406519080,118666894266
11278,165406519080,118666894266
11279,165406519080,118666894266
11280,165406519080,118666894266
11281,165406519080,118666894266
11282,165406519080,118666894266
11283,165406519080,118666894266
11284,165406519080,118666894266
11285,165406519080,118666894266
11286,165406519080,118666894266
11287,165406519080,118666894266
11288,165406519080,118666894266
11289,165406519080,118666894266
11290,165406519080,118666894266
11291,165406519080,118666894266
11292,165406519080,118666894266
11293,165406519080,118666894266
11294,165406519080,118666894266
11295,165406519080,118666894266
11296,165406519080,118666894266
11297,165406519080,118666894266
11298,165406519080,118666894266
11299,165406519080,118666894266
11300,165406519080,118666894266
11301,165406519080,118666894266
11302,165406519080,118666894266
11303,165406519080,118666894266
11304,165406519080,118666894266
11305,165406519080,118666894266
11306,165406519080,118666894266
11307,165406519080,118666894266
11308,165406519080,118666894266
11309,165406519080,118666894266
11310,165406519080,118666894266
11311,165406519080,118666894266
11312,165406519080,118666894266
11313,165406519080,118666894266
11314,165406519080,118666894266
11315,165406519080,118666894266
11316,165406519080,118666894266
11317,165406519080,118666894266
11318,165406519080,118666894266
11319,165406519080,118666894266
11320,165406519080,118666894266
11321,165406519080,118666894266
11322,165406519080,118666894266
11323,165406519080,118666894266
11324,165406519080,118666894266
11325,165406519080,118666894266
11326,165406519080,118666894266
11327,165406519080,118666894266
11328,165406519080,118666894266
11329,165406519080,118666894266
11330,165406519080,118666894266
11331,165406519080,118666894266
11332,165406519080,118666894266
11333,165406519080,118666894266
11334,165406519080,118666894266
11335,165406519080,118666894266
11336,165406519080,118666894266
11337,165406519080,118666894266
11338,165406519080,118666894266
11339,165406519080,118666894266
11340,165406519080,118666894266
11341,165406519080,118666894266
11342,165406519080,118666894266
11343,165406519080,118666894266
11344,165406519080,118666894266
11345,165406519080,118666894266
11346,165406519080,118666894266
11347,165406519080,118666894266
11348,165406519080,118666894266
11349,165406519080,118666894266
11350,165406519080,118666894266
11351,165406519080,118666894266
11352,165406519080,118666894266
11353,165406519080,118666894266
11354,165406519080,118666894266
11355,165406519080,118666894266
11356,165406519080,118666894266
11357,165406519080,118666894266
11358,165406519080,118666894266
11359,165406519080,118666894266
11360,165406519080,118666894266
11361,165406519080,118666894266
11362,165406519080,118666894266
11363,165406519080,118666894266
11364,165406519080,118666894266
11365,165406519080,118666894266
11366,165406519080,118666894266
11367,165406519080,118666894266
11368,165406519080,118666894266
11369,165406519080,118666894266
11370,165406519080,118666894266
11371,165406519080,118666894266
11372,165406519080,118666894266
11373,165406519080,118666894266
11374,165406519080,118666894266
11375,165406519080,118666894266
11376,165406519080,118666894266
11377,165406519080,118666894266
11378,165406519080,118666894266
11379,165406519080,118666894266
11380,165406519080,118666894266
11381,165406519080,118666894266
11382,165406519080,118666894266
11383,165406519080,118666894266
11384,165406519080,118666894266
11385,165406519080,118666894266
11386,165406519080,118666894266
11387,165406519080,118666894266
11388,165406519080,118666894266
11389,165406519080,118666894266
11390,165406519080,118666894266
11391,165406519080,118666894266
11392,165406519080,118666894266
11393,165406519080,118666894266
11394,165406519080,118666894266
11395,165406519080,118666894266
11396,165406519080,118666894266
11397,165406519080,118666894266
11398,165406519080,118666894266
11399,165406519080,118666894266
11400,165406519080,118666894266
11401,165406519080,118666894266
11402,165406519080,118666894266
11403,165406519080,118666894266
11404,165406519080,118666894266
11405,165406519080,118666894266
11406,165406519080,118666894266
11407,165406519080,118666894266
11408,165406519080,118666894266
11409,165406519080,118666894266
11410,165406519080,118666894266
11411,165406519080,118666894266
11412,165406519080,118666894266
11413,165406519080,118666894266
11414,165406519080,118666894266
11415,165406519080,118666894266
11416,165406519080,118666894266
11417,165406519080,118666894266
11418,165406519080,118666894266
11419,165406519080,118666894266
11420,165406519080,118666894266
11421,165406519080,118666894266
11422,165406519080,118666894266
11423,165406519080,118666894266
11424,165406519080,118666894266
11425,165406519080,118666894266
11426,165406519080,118666894266
11427,165406519080,118666894266
11428,165406519080,118666894266
11429,165406519080,118666894266
11430,165406519080,118666894266
11431,165406519080,118666894266
11432,165406519080,118666894266
11433,165406519080,118666894266
11434,165406519080,118666894266
11435,165406519080,118666894266
11436,165406519080,118666894266
11437,165406519080,118666894266
11438,165406519080,118666894266
11439,165406519080,118666894266
11440,165406519080,118666894266
11441,165799174201,118666894266
11442,166191897968,118666894266
11443,166584690387,118666894266
11444,166977551464,118666894266
11445,167370481205,118666894266
11446,167763479616,118666894266
11447,168156546703,118666894266
11448,168217948395,118666894266
11449,168217948395,118666894266
11450,168217948395,118666894266
11451,168217948395,118666894266
11452,168217948395,118666894266
11453,168217948395,118666894266
11454,168217948395,118666894266
11455,168217948395,118666894266
11456,168217948395,118666894266
11457,168217948395,118666894266
11458,168217948395,118666894266
11459,168217948395,118666894266
11460,168217948395,118666894266
11461,168217948395,118666894266
11462,168217948395,118666894266
11463,168217948395,118666894266
11464,168217948395,118666894266
11465,168217948395,118666894266
11466,168217948395,118666894266
11467,168217948395,118666894266
11468,168217948395,118666894266
11469,168217948395,118666894266
11470,168217948395,118666894266
11471,168217948395,118666894266
11472,168217948395,118666894266
11473,168217948395,118666894266
11474,168217948395,118666894266
11475,168217948395,118666894266
11476,168217948395,118666894266
11477,168217948395,118666894266
11478,168217948395,118666894266
11479,168217948395,118666894266
11480,168217948395,118666894266
11481,168217948395,118666894266
11482,168217948395,118666894266
11483,168217948395,118666894266
11484,168217948395,118666894266
11485,168217948395,118666894266
11486,168217948395,118666894266
11487,168217948395,118666894266
11488,168217948395,118666894266
11489,168217948395,118666894266
11490,168217948395,118666894266
11491,168217948395,118666894266
11492,168217948395,118666894266
11493,168217948395,118666894266
11494,168217948395,118666894266
11495,168217948395,118666894266
11496,168217948395,118666894266
11497,168217948395,118666894266
11498,168217948395,118666894266
11499,168217948395,118666894266
11500,168217948395,118666894266
11501,168217948395,118666894266
11502,168217948395,118666894266
11503,168217948395,118666894266
11504,168217948395,118666894266
11505,168217948395,118666894266
11506,168217948395,118666894266
11507,168217948395,118666894266
11508,168217948395,118666894266
11509,168217948395,118666894266
11510,168217948395,118666894266
11511,168217948395,118666894266
11512,168217948395,118666894266
11513,168217948395,118666894266
11514,168217948395,118666894266
11515,168217948395,118666894266
11516,168217948395,118666894266
11517,168217948395,118666894266
11518,168217948395,118666894266
11519,168217948395,118666894266
11520,168217948395,118666894266
11521,168616114156,118666894266
11522,169014349043,118666894266
11523,169412653062,118666894266
11524,169811026219,118666894266
11525,170209468520,118666894266
11526,170607979971,118666894266
11527,171006560578,118666894266
11528,171405210347,118666894266
11529,171570224196,118666894266
11530,171570224196,118666894266
11531,171570224196,118666894266
11532,171570224196,118666894266
11533,171570224196,118666894266
11534,171570224196,118666894266
11535,171570224196,118666894266
11536,171570224196,118666894266
11537,171570224196,118666894266
11538,171570224196,118666894266
11539,171570224196,118666894266
11540,171570224196,118666894266
11541,171570224196,118666894266
11542,171570224196,118666894266
11543,171570224196,118666894266
11544,171570224196,118666894266
11545,171570224196,118666894266
11546,171570224196,118666894266
11547,171570224196,118666894266
11548,171570224196,118666894266
11549,171570224196,118666894266
11550,171570224196,118666894266
11551,171570224196,118666894266
11552,171570224196,118666894266
11553,171570224196,118666894266
11554,171570224196,118666894266
11555,171570224196,118666894266
11556,171570224196,118666894266
11557,171570224196,118666894266
11558,171570224196,118666894266
11559,171570224196,118666894266
11560,171570224196,118666894266
11561,171570224196,118666894266
11562,171570224196,118666894266
11563,171570224196,118666894266
11564,171570224196,118666894266
11565,171570224196,118666894266
11566,171570224196,118666894266
11567,171570224196,118666894266
11568,171570224196,118666894266
11569,171570224196,118666894266
11570,171570224196,118666894266
11571,171570224196,118666894266
11572,171570224196,118666894266
11573,171570224196,118666894266
11574,171570224196,118666894266
11575,171570224196,118666894266
11576,171570224196,118666894266
11577,171570224196,118666894266
11578,171570224196,118666894266
11579,171570224196,118666894266
11580,171570224196,118666894266
11581,171570224196,118666894266
11582,171570224196,118666894266
11583,171570224196,118666894266
11584,171570224196,118666894266
11585,171570224196,118666894266
11586,171570224196,118666894266
11587,171570224196,118666894266
11588,171570224196,118666894266
11589,171570224196,118666894266
11590,171570224196,118666894266
11591,171570224196,118666894266
11592,171570224196,118666894266
11593,171570224196,118666894266
11594,171570224196,118666894266
11595,171570224196,118666894266
11596,171570224196,118666894266
11597,171570224196,118666894266
11598,171570224196,118666894266
11599,171570224196,118666894266
11600,171570224196,118666894266
11601,171570224196,118666894266
11602,171570224196,118666894266
11603,171570224196,118666894266
11604,171570224196,118666894266
11605,171570224196,118666894266
11606,171570224196,118666894266
11607,171570224196,118666894266
11608,171570224196,118666894266
11609,171570224196,118666894266
11610,171570224196,118666894266
11611,171570224196,118666894266
11612,171570224196,118666894266
11613,171570224196,118666894266
11614,171570224196,118666894266
11615,171570224196,118666894266
11616,171570224196,118666894266
11617,171975053413,118666894266
11618,172379952332,118666894266
11619,172784920959,118666894266
11620,173189959300,118666894266
11621,173595067361,118666894266
11622,174000245148,118666894266
11623,174405492667,118666894266
11624,174810809924,118666894266
11625,175216196925,118666894266
11626,175621653676,118666894266
11627,175878896250,118666894266
11628,175878896250,118666894266
11629,175878896250,118666894266
11630,175878896250,118666894266
11631,175878896250,118666894266
11632,175878896250,118666894266
11633,175878896250,118666894266
11634,175878896250,118666894266
11635,175878896250,118666894266
11636,175878896250,118666894266
11637,175878896250,118666894266
11638,175878896250,118666894266
11639,176139914265,118666894266
11640,176139914265,118666894266
11641,176546417986,118666894266
11642,176952991553,118666894266
11643,177359634972,118666894266
11644,177367354428,118666894266
11645,177367354428,118666894266
11646,177367354428,118666894266
11647,177367354428,118666894266
11648,177367354428,118666894266
11649,177774417085,118666894266
11650,178181549636,118666894266
11651,178588752087,118666894266
11652,178996024444,118666894266
11653,179403366713,118666894266
11654,179810778900,118666894266
11655,180203889012,118666894266
11656,180203889012,118666894266
11657,180203889012,118666894266
11658,180203889012,118666894266
11659,180203889012,118666894266
11660,180203889012,118666894266
11661,180611790793,118666894266
11662,180728487324,118666894266
11663,180728487324,118666894266
11664,180728487324,118666894266
11665,181136669005,119075075947
11666,181544920676,119483327618
11667,181953242343,119891649285
11668,182226390192,120300040954
11669,182226390192,120708502631
11670,182226390192,121117034322
11671,182226390192,121525636033
11672,182226390192,121934307770
11673,182226390192,122343049539
11674,182226390192,122751861346
11675,182491900627,123160743197
11676,182491900627,123569695098
11677,182900922584,123978717055
11678,183297789312,124387809074
11679,183297789312,124796971161
11680,183297789312,125206203322
11681,183297789312,125615505563
11682,183297789312,126024877890
11683,183297789312,126434320309
11684,183297789312,126843832826
11685,183297789312,127253415447
11686,183297789312,127663068178
11687,183297789312,128072791025
11688,183297789312,128482583994
11689,183297789312,128892447091
11690,183297789312,129302380322
11691,183297789312,129712383693
11692,183297789312,130122457210
11693,183297789312,130532600879
11694,183297789312,130942814706
11695,183297789312,131353098697
11696,183297789312,131763452858
11697,183297789312,132173877195
11698,183297789312,132584371714
11699,183297789312,132994936421
11700,183297789312,133405571322
11701,183708494413,133816276423
11702,184001317716,134227051730
11703,184001317716,134637897249
11704,184001317716,135048812986
11705,184412303677,135459798947
11706,184823359868,135870855138
11707,185234486295,136281981565
11708,185371568160,136693178234
11709,185371568160,137104445151
11710,185371568160,137515782322
11711,185371568160,137927189753
11712,185371568160,138338667450
11713,185371568160,138750215419
11714,185371568160,139161833666
11715,185371568160,139573522197
11716,185371568160,139985281018
11717,185371568160,140397110135
11718,185371568160,140809009554
11719,185371568160,141220979281
11720,185371568160,141633019322
11721,185371568160,142045129683
11722,185371568160,142457310370
11723,185371568160,142869561389
11724,185371568160,143281882746
11725,185371568160,143694274447
11726,185371568160,144106736498
11727,185371568160,144519268905
11728,185371568160,144931871674
11729,185371568160,145344544811
11730,185371568160,145757288322
11731,185371568160,146170102213
11732,185371568160,146582986490
11733,185371568160,146995941159
11734,185371568160,147408966226
11735,185371568160,147822061697
11736,185371568160,148235227578
11737,185371568160,148648463875
11738,185371568160,149061770594
11739,185371568160,149475147741
11740,185371568160,149888595322
11741,185371568160,150302113343
11742,185371568160,150715701810
11743,185371568160,151129360729
11744,185371568160,151543090106
11745,185371568160,151956889947
11746,185371568160,152370760258
11747,185371568160,152784701045
11748,185371568160,153198712314
11749,185371568160,153612794071
11750,185371568160,154026946322
11751,185371568160,154441169073
11752,185371568160,154855462330
11753,185371568160,155269826099
11754,185371568160,155684260386
11755,185371568160,156098765197
11756,185371568160,156513340538
11757,185371568160,156927986415
11758,185371568160,157342702834
11759,185371568160,157757489801
11760,185371568160,158172347322
11761,185371568160,158587275403
11762,185371568160,159002274050
11763,185371568160,159417343269
11764,185371568160,159832483066
11765,185371568160,160247693447
11766,185371568160,160662974418
11767,185371568160,161078325985
11768,185371568160,161493748154
11769,185371568160,161909240931
11770,185371568160,162324804322
11771,185371568160,162740438333
11772,185371568160,163156142970
11773,185371568160,163571918239
11774,185371568160,163987764146
11775,185371568160,164403680697
11776,185371568160,164819667898
11777,185371568160,165235725755
11778,185371568160,165651854274
11779,185371568160,166068053461
11780,185371568160,166484323322
11781,185371568160,166869916650
11782,185371568160,166869916650
11783,185371568160,166869916650
11784,185371568160,166869916650
11785,185371568160,166869916650
11786,185371568160,166869916650
11787,185371568160,166869916650
11788,185371568160,166869916650
11789,185371568160,166869916650
11790,185371568160,166869916650
11791,185371568160,166869916650
11792,185371568160,166869916650
11793,185371568160,166869916650
11794,185371568160,166869916650
11795,185371568160,166869916650
11796,185371568160,166869916650
11797,185371568160,166869916650
11798,185371568160,166869916650
11799,185371568160,166869916650
11800,185371568160,166869916650
11801,185371568160,166869916650
11802,185371568160,166869916650
11803,185371568160,166869916650
11804,185371568160,166869916650
11805,185371568160,166869916650
11806,185371568160,166869916650
11807,185371568160,166869916650
11808,185371568160,166869916650
11809,185371568160,166869916650
11810,185371568160,166869916650
11811,185371568160,166869916650
11812,185371568160,166869916650
11813,185371568160,166869916650
11814,185371568160,166869916650
11815,185371568160,166869916650
11816,185371568160,166869916650
11817,185371568160,166869916650
11818,185371568160,166869916650
11819,185371568160,166869916650
11820,185371568160,166869916650
11821,185371568160,166869916650
11822,185371568160,166869916650
11823,185371568160,166869916650
11824,185371568160,166869916650
11825,185371568160,166869916650
11826,185371568160,166869916650
11827,185371568160,166869916650
11828,185371568160,166869916650
11829,185371568160,166869916650
11830,185371568160,166869916650
11831,185371568160,166869916650
11832,185371568160,166869916650
11833,185371568160,166869916650
11834,185371568160,166869916650
11835,185371568160,166869916650
11836,185371568160,166869916650
11837,185371568160,166869916650
11838,185371568160,166869916650
11839,185371568160,166869916650
11840,185371568160,166869916650
11841,185371568160,166869916650
11842,185371568160,166869916650
11843,185371568160,166869916650
11844,185371568160,166869916650
11845,185371568160,166869916650
11846,185371568160,166869916650
11847,185371568160,166869916650
11848,185371568160,166869916650
11849,185371568160,166869916650
11850,185371568160,166869916650
11851,185371568160,166869916650
11852,185371568160,166869916650
11853,185371568160,166869916650
11854,185371568160,166869916650
11855,185371568160,166869916650
11856,185371568160,166869916650
11857,185371568160,166869916650
11858,185371568160,166869916650
11859,185371568160,166869916650
11860,185371568160,166869916650
11861,185371568160,166869916650
11862,185371568160,166869916650
11863,185371568160,166869916650
11864,185371568160,166869916650
11865,185371568160,166869916650
11866,185371568160,166869916650
11867,185371568160,166869916650
11868,185371568160,166869916650
11869,185371568160,166869916650
11870,185371568160,166869916650
11871,185371568160,166869916650
11872,185371568160,166869916650
11873,185371568160,166869916650
11874,185371568160,166869916650
11875,185371568160,166869916650
11876,185371568160,166869916650
11877,185371568160,166869916650
11878,185371568160,166869916650
11879,185371568160,166869916650
11880,185371568160,166869916650
11881,185795007001,166869916650
11882,186218517128,166869916650
11883,186642098547,166869916650
11884,187065751264,166869916650
11885,187489475285,166869916650
11886,187913270616,166869916650
11887,188337137263,166869916650
11888,188761075232,166869916650
11889,189185084529,166869916650
11890,189339792152,166869916650
11891,189339792152,166869916650
11892,189339792152,166869916650
11893,189339792152,166869916650
11894,189339792152,166869916650
11895,189339792152,166869916650
11896,189339792152,166869916650
11897,189339792152,166869916650
11898,189339792152,166869916650
11899,189764515059,166869916650
11900,189764697250,166869916650
11901,189764697250,166869916650
11902,189764697250,166869916650
11903,189764697250,166869916650
11904,189764697250,166869916650
11905,189764697250,166869916650
11906,189764697250,166869916650
11907,189764697250,166869916650
11908,189764697250,166869916650
11909,189764697250,166869916650
11910,189764697250,166869916650
11911,189764697250,166869916650
11912,189764697250,166869916650
11913,189764697250,166869916650
11914,189764697250,166869916650
11915,189764697250,166869916650
11916,189764697250,166869916650
11917,189764697250,166869916650
11918,189764697250,166869916650
11919,189764697250,166869916650
11920,189764697250,166869916650
11921,189764697250,166869916650
11922,189764697250,166869916650
11923,189764697250,166869916650
11924,189764697250,166869916650
11925,189764697250,166869916650
11926,189764697250,166869916650
11927,189764697250,166869916650
11928,189764697250,166869916650
11929,189764697250,166869916650
11930,189764697250,166869916650
11931,189764697250,166869916650
11932,189764697250,166869916650
11933,189764697250,166869916650
11934,189764697250,166869916650
11935,189764697250,166869916650
11936,189764697250,166869916650
11937,189764697250,166869916650
11938,189764697250,166869916650
11939,189764697250,166869916650
11940,189764697250,166869916650
11941,189764697250,166869916650
11942,189764697250,166869916650
11943,189764697250,166869916650
11944,189764697250,166869916650
11945,189764697250,166869916650
11946,189764697250,166869916650
11947,189764697250,166869916650
11948,189764697250,166869916650
11949,189764697250,166869916650
11950,189764697250,166869916650
11951,189764697250,166869916650
11952,189764697250,166869916650
11953,189764697250,166869916650
11954,189764697250,166869916650
11955,189764697250,166869916650
11956,189764697250,166869916650
11957,189764697250,166869916650
11958,189764697250,166869916650
11959,189764697250,166869916650
11960,189764697250,166869916650
11961,189764697250,166869916650
11962,189764697250,166869916650
11963,189764697250,166869916650
11964,189764697250,166869916650
11965,189764697250,166869916650
11966,189764697250,166869916650
11967,189764697250,166869916650
11968,189764697250,166869916650
11969,189764697250,166869916650
11970,189764697250,166869916650
11971,189764697250,166869916650
11972,189764697250,166869916650
11973,189764697250,166869916650
11974,189764697250,166869916650
11975,189764697250,166869916650
11976,189764697250,166869916650
11977,189764697250,166869916650
11978,189764697250,166869916650
11979,189764697250,166869916650
11980,189764697250,166869916650
11981,189764697250,166869916650
11982,189764697250,166869916650
11983,189764697250,166869916650
11984,189764697250,166869916650
11985,189764697250,166869916650
11986,189764697250,166869916650
11987,189764697250,166869916650
11988,189764697250,166869916650
11989,189764697250,166869916650
11990,189764697250,166869916650
11991,189764697250,166869916650
11992,189764697250,166869916650
11993,189764697250,166869916650
11994,189764697250,166869916650
11995,189764697250,166869916650
11996,189764697250,166869916650
11997,189764697250,166869916650
11998,189764697250,166869916650
11999,189764697250,166869916650
12000,189764697250,166869916650
12001,190196733251,167301952651
12002,190628841258,167734060658
12003,191061021277,168166240677
12004,191493273314,168598492714
12005,191925597375,168706834803
12006,192357993466,168706834803
12007,192790461593,169139302930
12008,193223001762,169571843099
12009,193655613979,170004455316
12010,193736258856,170437139587
12011,193736258856,170545589874
12012,193736258856,170545589874
12013,193736258856,170978490343
12014,193736258856,171411462890
12015,193736258856,171844507521
12016,193736258856,172277624242
12017,193736258856,172386182781
12018,193736258856,172386182781
12019,193736258856,172819515808
12020,193736258856,173252920949
12021,193736258856,173686398210
12022,193736258856,174119947597
12023,193736258856,174228614442
12024,193736258856,174228614442
12025,193736258856,174662380243
12026,193736258856,175096218194
12027,193736258856,175530128301
12028,193736258856,175964110570
12029,193736258856,176072885775
12030,193736258856,176072885775
12031,193736258856,176507084566
12032,193736258856,176941355543
12033,193736258856,177375698712
12034,193736258856,177810114079
12035,193736258856,177918997698
12036,193736258856,177918997698
12037,193736258856,178353629695
12038,193736258856,178788333914
12039,193736258856,179223110361
12040,193736258856,179657959042
12041,193736258856,179766951129
12042,193736258856,179766951129
12043,193736258856,180202016548
12044,193736258856,180637154225
12045,193736258856,181072364166
12046,193736258856,181507646377
12047,193736258856,181616746986
12048,193736258856,181616746986
12049,193736258856,182052246043
12050,193736258856,182487817394
12051,193736258856,182923461045
12052,193736258856,183359177002
12053,193736258856,183468386187
12054,193736258856,183468386187
12055,193736258856,183904319098
12056,193736258856,184340324339
12057,193736258856,184776401916
12058,193736258856,185035102571
12059,193736258856,185035102571
12060,193736258856,185035102571
12061,193736258856,185035102571
12062,193736258856,185035102571
12063,193736258856,185035102571
12064,193736258856,185035102571
12065,193736258856,185035102571
12066,193736258856,185035102571
12067,193736258856,185035102571
12068,193736258856,185035102571
12069,193736258856,185035102571
12070,193736258856,185035102571
12071,193736258856,185035102571
12072,193736258856,185035102571
12073,193736258856,185035102571
12074,193736258856,185035102571
12075,193736258856,185035102571
12076,193736258856,185035102571
12077,193736258856,185035102571
12078,193736258856,185035102571
12079,193736258856,185035102571
12080,193736258856,185035102571
12081,193736258856,185035102571
12082,193736258856,185035102571
12083,193736258856,185035102571
12084,193736258856,185035102571
12085,193736258856,185035102571
12086,193736258856,185035102571
12087,193736258856,185035102571
12088,193736258856,185035102571
12089,193736258856,185035102571
12090,193736258856,185035102571
12091,193736258856,185035102571
12092,193736258856,185035102571
12093,193736258856,185035102571
12094,193736258856,185035102571
12095,193736258856,185035102571
12096,193736258856,185035102571
12097,194175234793,185035102571
12098,194614283312,185035102571
12099,195053404419,185035102571
12100,195492598120,185035102571
12101,195931864421,185035102571
12102,196371203328,185035102571
12103,196578822528,185035102571
12104,196578822528,185035102571
12105,196578822528,185035102571
12106,196578822528,185035102571
12107,196578822528,185035102571
12108,196578822528,185035102571
12109,196578822528,185035102571
12110,196578822528,185035102571
12111,196578822528,185035102571
12112,196578822528,185035102571
12113,196578822528,185035102571
12114,196578822528,185035102571
12115,196578822528,185035102571
12116,196578822528,185035102571
12117,196578822528,185035102571
12118,196578822528,185035102571
12119,196578822528,185035102571
12120,196578822528,185035102571
12121,196578822528,185035102571
12122,196578822528,185035102571
12123,196578822528,185035102571
12124,196578822528,185035102571
12125,196578822528,185035102571
12126,196578822528,185035102571
12127,196578822528,185035102571
12128,196578822528,185035102571
12129,196578822528,185035102571
12130,196578822528,185035102571
12131,196578822528,185035102571
12132,196578822528,185035102571
12133,196578822528,185035102571
12134,196578822528,185035102571
12135,196578822528,185035102571
12136,196578822528,185035102571
12137,196578822528,185035102571
12138,196578822528,185035102571
12139,196578822528,185035102571
12140,196578822528,185035102571
12141,196578822528,185035102571
12142,196578822528,185035102571
12143,196578822528,185035102571
12144,196578822528,185035102571
12145,196578822528,185035102571
12146,196578822528,185035102571
12147,196578822528,185035102571
12148,196578822528,185035102571
12149,196578822528,185035102571
12150,196578822528,185035102571
12151,196578822528,185035102571
12152,196578822528,185035102571
12153,196578822528,185035102571
12154,196578822528,185035102571
12155,196578822528,185035102571
12156,196578822528,185035102571
12157,196578822528,185035102571
12158,196578822528,185035102571
12159,196578822528,185035102571
12160,196578822528,185035102571
12161,196578822528,185035102571
12162,196578822528,185035102571
12163,196578822528,185035102571
12164,196578822528,185035102571
12165,196578822528,185035102571
12166,196578822528,185035102571
12167,196578822528,185035102571
12168,196578822528,185035102571
12169,197023039705,185035102571
12170,197467329896,185035102571
12171,197911693107,185035102571
12172,198356129344,185035102571
12173,198800638613,185035102571
12174,199245220920,185035102571
12175,199689876271,185035102571
12176,200134604672,185035102571
12177,200579406129,185035102571
12178,200741628152,185035102571
12179,200741628152,185035102571
12180,200741628152,185035102571
12181,200741628152,185035102571
12182,200741628152,185035102571
12183,200741628152,185035102571
12184,200741628152,185035102571
12185,200741628152,185035102571
12186,200741628152,185035102571
12187,201187160499,185035102571
12188,201632765968,185035102571
12189,201880879332,185035102571
12190,201880879332,185035102571
12191,201880879332,185035102571
12192,201880879332,185035102571
12193,201880879332,185035102571
12194,201880879332,185035102571
12195,202279929630,185035102571
12196,202279929630,185035102571
12197,202279929630,185035102571
12198,202279929630,185035102571
12199,202279929630,185035102571
12200,202279929630,185035102571
12201,202279929630,185035102571
12202,202279929630,185035102571
12203,202279929630,185035102571
12204,202279929630,185035102571
12205,202279929630,185035102571
12206,202279929630,185035102571
12207,202279929630,185035102571
12208,202279929630,185035102571
12209,202279929630,185035102571
12210,202279929630,185035102571
12211,202279929630,185035102571
12212,202279929630,185035102571
12213,202279929630,185035102571
12214,202279929630,185035102571
12215,202279929630,185035102571
12216,202279929630,185035102571
12217,202279929630,185035102571
12218,202279929630,185035102571
12219,202279929630,185035102571
12220,202279929630,185035102571
12221,202279929630,185035102571
12222,202279929630,185035102571
12223,202279929630,185035102571
12224,202279929630,185035102571
12225,202279929630,185035102571
12226,202279929630,185035102571
12227,202279929630,185035102571
12228,202279929630,185035102571
12229,202279929630,185035102571
12230,202279929630,185035102571
12231,202279929630,185035102571
12232,202279929630,185035102571
12233,202279929630,185035102571
12234,202279929630,185035102571
12235,202279929630,185035102571
12236,202279929630,185035102571
12237,202279929630,185035102571
12238,202279929630,185035102571
12239,202279929630,185035102571
12240,202279929630,185035102571
12241,202279929630,185035102571
12242,202279929630,185035102571
12243,202279929630,185035102571
12244,202279929630,185035102571
12245,202279929630,185035102571
12246,202279929630,185035102571
12247,202279929630,185035102571
12248,202279929630,185035102571
12249,202279929630,185035102571
12250,202279929630,185035102571
12251,202279929630,185035102571
12252,202279929630,185035102571
12253,202279929630,185035102571
12254,202279929630,185035102571
12255,202279929630,185035102571
12256,202279929630,185035102571
12257,202279929630,185035102571
12258,202279929630,185035102571
12259,202279929630,185035102571
12260,202279929630,185035102571
12261,202279929630,185035102571
12262,202279929630,185035102571
12263,202279929630,185035102571
12264,202279929630,185035102571
12265,202279929630,185035102571
12266,202279929630,185035102571
12267,202279929630,185035102571
12268,202279929630,185035102571
12269,202279929630,185035102571
12270,202279929630,185035102571
12271,202279929630,185035102571
12272,202279929630,185035102571
12273,202279929630,185035102571
12274,202279929630,185035102571
12275,202279929630,185035102571
12276,202279929630,185035102571
12277,202279929630,185035102571
12278,202279929630,185035102571
12279,202279929630,185035102571
12280,202279929630,185035102571
12281,202279929630,185035102571
12282,202279929630,185035102571
12283,202279929630,185035102571
12284,202279929630,185035102571
12285,202279929630,185035102571
12286,202279929630,185035102571
12287,202279929630,185035102571
12288,202279929630,185035102571
12289,202279929630,185035102571
12290,202279929630,185035102571
12291,202279929630,185035102571
12292,202279929630,185035102571
12293,202279929630,185035102571
12294,202279929630,185035102571
12295,202279929630,185035102571
12296,202279929630,185035102571
12297,202279929630,185035102571
12298,202279929630,185035102571
12299,202279929630,185035102571
12300,202279929630,185035102571
12301,202279929630,185035102571
12302,202279929630,185035102571
12303,202279929630,185035102571
12304,202279929630,185035102571
12305,202279929630,185035102571
12306,202279929630,185035102571
12307,202279929630,185035102571
12308,202279929630,185035102571
12309,202279929630,185035102571
12310,202279929630,185035102571
12311,202279929630,185035102571
12312,202279929630,185035102571
12313,202279929630,185035102571
12314,202279929630,185035102571
12315,202279929630,185035102571
12316,202279929630,185035102571
12317,202279929630,185035102571
12318,202279929630,185035102571
12319,202279929630,185035102571
12320,202279929630,185035102571
12321,202735313791,185035102571
12322,203190771878,185035102571
12323,203646303897,185035102571
12324,204101909854,185035102571
12325,204557589755,185035102571
12326,205013343606,185035102571
12327,205469171413,185035102571
12328,205925073182,185035102571
12329,206381048919,185035102571
12330,206835096545,185035102571
12331,206835096545,185035102571
12332,206835096545,185035102571
12333,206835096545,185035102571
12334,206835096545,185035102571
12335,206835096545,185035102571
12336,206835096545,185035102571
12337,206835096545,185035102571
12338,206835096545,185035102571
12339,206835096545,185035102571
12340,206835096545,185035102571
12341,207126166932,185035102571
12342,207126166932,185035102571
12343,207583178851,185035102571
12344,208012075117,185035102571
12345,208012075117,185035102571
12346,208012075117,185035102571
12347,208012075117,185035102571
12348,208012075117,185035102571
12349,208469531474,185035102571
12350,208736464860,185035102571
12351,208736464860,185035102571
12352,208736464860,185035102571
12353,208736464860,185035102571
12354,208736464860,185035102571
12355,208736464860,185035102571
12356,208736464860,185035102571
12357,208736464860,185035102571
12358,208736464860,185035102571
12359,208736464860,185035102571
12360,208736464860,185035102571
12361,208736464860,185035102571
12362,208736464860,185035102571
12363,208736464860,185035102571
12364,208736464860,185035102571
12365,208736464860,185035102571
12366,208736464860,185035102571
12367,208736464860,185035102571
12368,208736464860,185035102571
12369,208736464860,185035102571
12370,208736464860,185035102571
12371,208736464860,185035102571
12372,208736464860,185035102571
12373,208736464860,185035102571
12374,208736464860,185035102571
12375,208736464860,185035102571
12376,208736464860,185035102571
12377,208736464860,185035102571
12378,208736464860,185035102571
12379,208736464860,185035102571
12380,208736464860,185035102571
12381,208736464860,185035102571
12382,208736464860,185035102571
12383,208736464860,185035102571
12384,208736464860,185035102571
12385,208736464860,185035102571
12386,208736464860,185035102571
12387,208736464860,185035102571
12388,208736464860,185035102571
12389,208736464860,185035102571
12390,208736464860,185035102571
12391,208736464860,185035102571
12392,208736464860,185035102571
12393,208736464860,185035102571
12394,208736464860,185035102571
12395,208736464860,185035102571
12396,208736464860,185035102571
12397,208736464860,185035102571
12398,208736464860,185035102571
12399,208736464860,185035102571
12400,208736464860,185035102571
12401,208736464860,185035102571
12402,208736464860,185035102571
12403,208736464860,185035102571
12404,208736464860,185035102571
12405,208736464860,185035102571
12406,208736464860,185035102571
12407,208736464860,185035102571
12408,208736464860,185035102571
12409,208736464860,185035102571
12410,208736464860,185035102571
12411,208736464860,185035102571
12412,208736464860,185035102571
12413,208736464860,185035102571
12414,208736464860,185035102571
12415,208736464860,185035102571
12416,208736464860,185035102571
12417,208736464860,185035102571
12418,208736464860,185035102571
12419,208736464860,185035102571
12420,208736464860,185035102571
12421,208736464860,185035102571
12422,208736464860,185035102571
12423,208736464860,185035102571
12424,208736464860,185035102571
12425,208736464860,185035102571
12426,208736464860,185035102571
12427,208736464860,185035102571
12428,208736464860,185035102571
12429,208736464860,185035102571
12430,208736464860,185035102571
12431,208736464860,185035102571
12432,208736464860,185035102571
12433,208736464860,185035102571
12434,208736464860,185035102571
12435,208736464860,185035102571
12436,208736464860,185035102571
12437,208736464860,185035102571
12438,208736464860,185035102571
12439,208736464860,185035102571
12440,208736464860,185035102571
12441,208736464860,185035102571
12442,208736464860,185035102571
12443,208736464860,185035102571
12444,208736464860,185035102571
12445,208736464860,185035102571
12446,208736464860,185035102571
12447,208736464860,185035102571
12448,208736464860,185035102571
12449,208736464860,185035102571
12450,208736464860,185035102571
12451,208736464860,185035102571
12452,208736464860,185035102571
12453,208736464860,185035102571
12454,208736464860,185035102571
12455,208736464860,185035102571
12456,208736464860,185035102571
12457,208736464860,185035102571
12458,208736464860,185035102571
12459,208736464860,185035102571
12460,208736464860,185035102571
12461,208736464860,185035102571
12462,208736464860,185035102571
12463,208736464860,185035102571
12464,208736464860,185035102571
12465,208736464860,185035102571
12466,208736464860,185035102571
12467,208736464860,185035102571
12468,208736464860,185035102571
12469,208736464860,185035102571
12470,208736464860,185035102571
12471,208736464860,185035102571
12472,208736464860,185035102571
12473,208736464860,185035102571
12474,208736464860,185035102571
12475,208736464860,185035102571
12476,208736464860,185035102571
12477,208736464860,185035102571
12478,208736464860,185035102571
12479,208736464860,185035102571
12480,208736464860,185035102571
12481,209203753501,185035102571
12482,209671117028,185035102571
12483,210138555447,185035102571
12484,210606068764,185035102571
12485,211073656985,185035102571
12486,211541320116,185035102571
12487,212009058163,185035102571
12488,212476871132,185035102571
12489,212896200528,185035102571
12490,212896200528,185035102571
12491,212896200528,185035102571
12492,212896200528,185035102571
12493,212896200528,185035102571
12494,212896200528,185035102571
12495,212896200528,185035102571
12496,212896200528,185035102571
12497,212896200528,185035102571
12498,212896200528,185035102571
12499,212896200528,185035102571
12500,212896200528,185035102571
12501,212896200528,185035102571
12502,212896200528,185035102571
12503,212896200528,185035102571
12504,212896200528,185035102571
12505,212896200528,185035102571
12506,212896200528,185035102571
12507,212896200528,185035102571
12508,212896200528,185035102571
12509,212896200528,185035102571
12510,212896200528,185035102571
12511,212896200528,185035102571
12512,212896200528,185035102571
12513,212896200528,185035102571
12514,212896200528,185035102571
12515,212896200528,185035102571
12516,212896200528,185035102571
12517,212896200528,185035102571
12518,212896200528,185035102571
12519,212896200528,185035102571
12520,212896200528,185035102571
12521,212896200528,185035102571
12522,212896200528,185035102571
12523,212896200528,185035102571
12524,212896200528,185035102571
12525,212896200528,185035102571
12526,212896200528,185035102571
12527,212896200528,185035102571
12528,212896200528,185035102571
12529,212896200528,185035102571
12530,212896200528,185035102571
12531,212896200528,185035102571
12532,212896200528,185035102571
12533,212896200528,185035102571
12534,212896200528,185035102571
12535,212896200528,185035102571
12536,212896200528,185035102571
12537,212896200528,185035102571
12538,212896200528,185035102571
12539,212896200528,185035102571
12540,212896200528,185035102571
12541,212896200528,185035102571
12542,212896200528,185035102571
12543,212896200528,185035102571
12544,212896200528,185035102571
12545,212896200528,185035102571
12546,212896200528,185035102571
12547,212896200528,185035102571
12548,212896200528,185035102571
12549,212896200528,185035102571
12550,212896200528,185035102571
12551,212896200528,185035102571
12552,212896200528,185035102571
12553,212896200528,185035102571
12554,212896200528,185035102571
12555,212896200528,185035102571
12556,212896200528,185035102571
12557,212896200528,185035102571
12558,212896200528,185035102571
12559,212896200528,185035102571
12560,212896200528,185035102571
12561,212896200528,185035102571
12562,212896200528,185035102571
12563,212896200528,185035102571
12564,212896200528,185035102571
12565,212896200528,185035102571
12566,212896200528,185035102571
12567,212896200528,185035102571
12568,212896200528,185035102571
12569,212896200528,185035102571
12570,212896200528,185035102571
12571,212896200528,185035102571
12572,212896200528,185035102571
12573,212896200528,185035102571
12574,212896200528,185035102571
12575,212896200528,185035102571
12576,212896200528,185035102571
12577,212896200528,185035102571
12578,212896200528,185035102571
12579,212896200528,185035102571
12580,212896200528,185035102571
12581,212896200528,185035102571
12582,212896200528,185035102571
12583,212896200528,185035102571
12584,212896200528,185035102571
12585,213371309449,185035102571
12586,213846493880,185035102571
12587,214321753827,185035102571
12588,214797089296,185035102571
12589,215272500293,185035102571
12590,215747986824,185035102571
12591,216223548895,185035102571
12592,216514816182,185035102571
12593,216514816182,185035102571
12594,216514816182,185035102571
12595,216514816182,185035102571
12596,216514816182,185035102571
12597,216514816182,185035102571
12598,216514816182,185035102571
12599,216514816182,185035102571
12600,216514816182,185035102571
12601,216514816182,185035102571
12602,216514816182,185035102571
12603,216514816182,185035102571
12604,216514816182,185035102571
12605,216514816182,185035102571
12606,216514816182,185035102571
12607,216514816182,185035102571
12608,216514816182,185035102571
12609,216514816182,185035102571
12610,216514816182,185035102571
12611,216514816182,185035102571
12612,216514816182,185035102571
12613,216514816182,185035102571
12614,216514816182,185035102571
12615,216514816182,185035102571
12616,216514816182,185035102571
12617,216514816182,185035102571
12618,216514816182,185035102571
12619,216514816182,185035102571
12620,216514816182,185035102571
12621,216514816182,185035102571
12622,216514816182,185035102571
12623,216514816182,185035102571
12624,216514816182,185035102571
12625,216514816182,185035102571
12626,216514816182,185035102571
12627,216514816182,185035102571
12628,216514816182,185035102571
12629,216514816182,185035102571
12630,216514816182,185035102571
12631,216514816182,185035102571
12632,216514816182,185035102571
12633,216514816182,185035102571
12634,216514816182,185035102571
12635,216514816182,185035102571
12636,216514816182,185035102571
12637,216514816182,185035102571
12638,216514816182,185035102571
12639,216514816182,185035102571
12640,216514816182,185035102571
12641,216514816182,185035102571
12642,216514816182,185035102571
12643,216514816182,185035102571
12644,216514816182,185035102571
12645,216514816182,185035102571
12646,216514816182,185035102571
12647,216514816182,185035102571
12648,216514816182,185035102571
12649,216514816182,185035102571
12650,216514816182,185035102571
12651,216514816182,185035102571
12652,216514816182,185035102571
12653,216514816182,185035102571
12654,216514816182,185035102571
12655,216514816182,185035102571
12656,216514816182,185035102571
12657,216514816182,185035102571
12658,216514816182,185035102571
12659,216514816182,185035102571
12660,216514816182,185035102571
12661,216514816182,185035102571
12662,216514816182,185035102571
12663,216514816182,185035102571
12664,216514816182,185035102571
12665,216514816182,185035102571
12666,216514816182,185035102571
12667,216514816182,185035102571
12668,216514816182,185035102571
12669,216514816182,185035102571
12670,216514816182,185035102571
12671,216514816182,185035102571
12672,216514816182,185035102571
12673,216996592951,185035102571
12674,217478445758,185035102571
12675,217960374609,185035102571
12676,218442379510,185035102571
12677,218924460467,185035102571
12678,219406617486,185035102571
12679,219888850573,185035102571
12680,220371159734,185035102571
12681,220853544975,185035102571
12682,221336006302,185035102571
12683,221641683276,185035102571
12684,221641683276,185035102571
12685,221641683276,185035102571
12686,221641683276,185035102571
12687,221641683276,185035102571
12688,221641683276,185035102571
12689,221641683276,185035102571
12690,221641683276,185035102571
12691,221641683276,185035102571
12692,221641683276,185035102571
12693,221641683276,185035102571
12694,221641683276,185035102571
12695,221952189375,185035102571
12696,221952189375,185035102571
12697,222435792712,185035102571
12698,222919472231,185035102571
12699,223403227938,185035102571
12700,223887059839,185035102571
12701,224370967940,185035102571
12702,224854952247,185035102571
12703,225339012766,185035102571
12704,225823149503,185035102571
12705,226307362464,185035102571
12706,226584474925,185035102571
12707,226584474925,185035102571
12708,226584474925,185035102571
12709,226584474925,185035102571
12710,226584474925,185035102571
12711,226584474925,185035102571
12712,226584474925,185035102571
12713,226584474925,185035102571
12714,226584474925,185035102571
12715,226584474925,185035102571
12716,226584474925,185035102571
12717,226584474925,185035102571
12718,226584474925,185035102571
12719,226584474925,185035102571
12720,226584474925,185035102571
12721,226584474925,185035102571
12722,226584474925,185035102571
12723,226584474925,185035102571
12724,226584474925,185035102571
12725,226584474925,185035102571
12726,226584474925,185035102571
12727,226584474925,185035102571
12728,226584474925,185035102571
12729,226584474925,185035102571
12730,226584474925,185035102571
12731,226584474925,185035102571
12732,226584474925,185035102571
12733,226584474925,185035102571
12734,226584474925,185035102571
12735,226584474925,185035102571
12736,226584474925,185035102571
12737,226584474925,185035102571
12738,226584474925,185035102571
12739,226584474925,185035102571
12740,226584474925,185035102571
12741,226584474925,185035102571
12742,226584474925,185035102571
12743,226584474925,185035102571
12744,226584474925,185035102571
12745,226584474925,185035102571
12746,226584474925,185035102571
12747,226584474925,185035102571
12748,226584474925,185035102571
12749,226584474925,185035102571
12750,226584474925,185035102571
12751,226584474925,185035102571
12752,226584474925,185035102571
12753,226584474925,185035102571
12754,226584474925,185035102571
12755,226584474925,185035102571
12756,226584474925,185035102571
12757,226584474925,185035102571
12758,226584474925,185035102571
12759,226584474925,185035102571
12760,226584474925,185035102571
12761,226584474925,185035102571
12762,226584474925,185035102571
12763,226584474925,185035102571
12764,226584474925,185035102571
12765,226584474925,185035102571
12766,226584474925,185035102571
12767,226584474925,185035102571
12768,226584474925,185035102571
12769,226584474925,185035102571
12770,226584474925,185035102571
12771,226584474925,185035102571
12772,226584474925,185035102571
12773,226584474925,185035102571
12774,226584474925,185035102571
12775,226584474925,185035102571
12776,226584474925,185035102571
12777,226584474925,185035102571
12778,226584474925,185035102571
12779,226584474925,185035102571
12780,226584474925,185035102571
12781,226584474925,185035102571
12782,226584474925,185035102571
12783,226584474925,185035102571
12784,226584474925,185035102571
12785,226584474925,185035102571
12786,226584474925,185035102571
12787,226584474925,185035102571
12788,226584474925,185035102571
12789,226584474925,185035102571
12790,226584474925,185035102571
12791,226584474925,185035102571
12792,226584474925,185035102571
12793,226584474925,185035102571
12794,226584474925,185035102571
12795,226584474925,185035102571
12796,226584474925,185035102571
12797,226584474925,185035102571
12798,226584474925,185035102571
12799,226584474925,185035102571
12800,226584474925,185035102571
12801,227076033326,185035102571
12802,227567668533,185035102571
12803,228059380552,185035102571
12804,228551169389,185035102571
12805,229043035050,185035102571
12806,229534977541,185035102571
12807,230026996868,185035102571
12808,230519093037,185035102571
12809,231011266054,185035102571
12810,231501205320,185035102571
12811,231501205320,185035102571
12812,231501205320,185035102571
12813,231501205320,185035102571
12814,231501205320,185035102571
12815,231501205320,185035102571
12816,231501205320,185035102571
12817,231501205320,185035102571
12818,231501205320,185035102571
12819,231501205320,185035102571
12820,231501205320,185035102571
12821,231994300981,185035102571
12822,232487473568,185035102571
12823,232980723087,185035102571
12824,233416085522,185035102571
12825,233416085522,185035102571
12826,233416085522,185035102571
12827,233416085522,185035102571
12828,233416085522,185035102571
12829,233416085522,185035102571
12830,233416085522,185035102571
12831,233416085522,185035102571
12832,233416085522,185035102571
12833,233910104691,185035102571
12834,233931564720,185035102571
12835,233931564720,185035102571
12836,233931564720,185035102571
12837,233931564720,185035102571
12838,233931564720,185035102571
12839,233931564720,185035102571
12840,233931564720,185035102571
12841,233931564720,185035102571
12842,233931564720,185035102571
12843,233931564720,185035102571
12844,233931564720,185035102571
12845,233931564720,185035102571
12846,233931564720,185035102571
12847,233931564720,185035102571
12848,233931564720,185035102571
12849,233931564720,185035102571
12850,233931564720,185035102571
12851,233931564720,185035102571
12852,233931564720,185035102571
12853,233931564720,185035102571
12854,233931564720,185035102571
12855,233931564720,185035102571
12856,233931564720,185035102571
12857,233931564720,185035102571
12858,233931564720,185035102571
12859,233931564720,185035102571
12860,233931564720,185035102571
12861,233931564720,185035102571
12862,233931564720,185035102571
12863,233931564720,185035102571
12864,233931564720,185035102571
12865,233931564720,185035102571
12866,233931564720,185035102571
12867,233931564720,185035102571
12868,233931564720,185035102571
12869,233931564720,185035102571
12870,233931564720,185035102571
12871,233931564720,185035102571
12872,233931564720,185035102571
12873,233931564720,185035102571
12874,233931564720,185035102571
12875,233931564720,185035102571
12876,233931564720,185035102571
12877,233931564720,185035102571
12878,233931564720,185035102571
12879,233931564720,185035102571
12880,233931564720,185035102571
12881,233931564720,185035102571
12882,233931564720,185035102571
12883,233931564720,185035102571
12884,233931564720,185035102571
12885,233931564720,185035102571
12886,233931564720,185035102571
12887,233931564720,185035102571
12888,233931564720,185035102571
12889,233931564720,185035102571
12890,233931564720,185035102571
12891,233931564720,185035102571
12892,233931564720,185035102571
12893,233931564720,185035102571
12894,233931564720,185035102571
12895,233931564720,185035102571
12896,233931564720,185035102571
12897,233931564720,185035102571
12898,233931564720,185035102571
12899,233931564720,185035102571
12900,233931564720,185035102571
12901,233931564720,185035102571
12902,233931564720,185035102571
12903,233931564720,185035102571
12904,233931564720,185035102571
12905,233931564720,185035102571
12906,233931564720,185035102571
12907,233931564720,185035102571
12908,233931564720,185035102571
12909,233931564720,185035102571
12910,233931564720,185035102571
12911,233931564720,185035102571
12912,233931564720,185035102571
12913,233931564720,185035102571
12914,233931564720,185035102571
12915,233931564720,185035102571
12916,233931564720,185035102571
12917,233931564720,185035102571
12918,233931564720,185035102571
12919,233931564720,185035102571
12920,233931564720,185035102571
12921,233931564720,185035102571
12922,233931564720,185035102571
12923,233931564720,185035102571
12924,233931564720,185035102571
12925,233931564720,185035102571
12926,233931564720,185035102571
12927,233931564720,185035102571
12928,233931564720,185035102571
12929,233931564720,185035102571
12930,233931564720,185035102571
12931,233931564720,185035102571
12932,233931564720,185035102571
12933,233931564720,185035102571
12934,233931564720,185035102571
12935,233931564720,185035102571
12936,233931564720,185035102571
12937,233931564720,185035102571
12938,233931564720,185035102571
12939,233931564720,185035102571
12940,233931564720,185035102571
12941,233931564720,185035102571
12942,233931564720,185035102571
12943,233931564720,185035102571
12944,233931564720,185035102571
12945,233931564720,185035102571
12946,233931564720,185035102571
12947,233931564720,185035102571
12948,233931564720,185035102571
12949,233931564720,185035102571
12950,233931564720,185035102571
12951,233931564720,185035102571
12952,233931564720,185035102571
12953,233931564720,185035102571
12954,233931564720,185035102571
12955,233931564720,185035102571
12956,233931564720,185035102571
12957,233931564720,185035102571
12958,233931564720,185035102571
12959,233931564720,185035102571
12960,233931564720,185035102571
12961,234435488401,185035102571
12962,234939489848,185035102571
12963,235443569067,185035102571
12964,235947726064,185035102571
12965,236451960845,185035102571
12966,236956273416,185035102571
12967,237460663783,185035102571
12968,237965131952,185035102571
12969,238469677929,185035102571
12970,238653483272,185035102571
12971,238653483272,185035102571
12972,238653483272,185035102571
12973,238653483272,185035102571
12974,238653483272,185035102571
12975,238653483272,185035102571
12976,238653483272,185035102571
12977,238653483272,185035102571
12978,238653483272,185035102571
12979,239158807659,185035102571
12980,239618660589,185035102571
12981,239618660589,185035102571
12982,239618660589,185035102571
12983,239618660589,185035102571
12984,239618660589,185035102571
12985,240124452310,185035102571
12986,240401349408,185035102571
12987,240401349408,185035102571
12988,240401349408,185035102571
12989,240401349408,185035102571
12990,240401349408,185035102571
12991,240401349408,185035102571
12992,240401349408,185035102571
12993,240401349408,185035102571
12994,240401349408,185035102571
12995,240401349408,185035102571
12996,240401349408,185035102571
12997,240401349408,185035102571
12998,240401349408,185035102571
12999,240401349408,185035102571
13000,240401349408,185035102571
13001,240401349408,185035102571
13002,240401349408,185035102571
13003,240401349408,185035102571
13004,240401349408,185035102571
13005,240401349408,185035102571
13006,240401349408,185035102571
13007,240401349408,185035102571
13008,240401349408,185035102571
13009,240401349408,185035102571
13010,240401349408,185035102571
13011,240401349408,185035102571
13012,240401349408,185035102571
13013,240401349408,185035102571
13014,240401349408,185035102571
13015,240401349408,185035102571
13016,240401349408,185035102571
13017,240401349408,185035102571
13018,240401349408,185035102571
13019,240401349408,185035102571
13020,240401349408,185035102571
13021,240401349408,185035102571
13022,240401349408,185035102571
13023,240401349408,185035102571
13024,240401349408,185035102571
13025,240401349408,185035102571
13026,240401349408,185035102571
13027,240401349408,185035102571
13028,240401349408,185035102571
13029,240401349408,185035102571
13030,240401349408,185035102571
13031,240401349408,185035102571
13032,240401349408,185035102571
13033,240401349408,185035102571
13034,240401349408,185035102571
13035,240401349408,185035102571
13036,240401349408,185035102571
13037,240401349408,185035102571
13038,240401349408,185035102571
13039,240401349408,185035102571
13040,240401349408,185035102571
13041,240401349408,185035102571
13042,240401349408,185035102571
13043,240401349408,185035102571
13044,240401349408,185035102571
13045,240401349408,185035102571
13046,240401349408,185035102571
13047,240401349408,185035102571
13048,240401349408,185035102571
13049,240401349408,185035102571
13050,240401349408,185035102571
13051,240401349408,185035102571
13052,240401349408,185035102571
13053,240401349408,185035102571
13054,240401349408,185035102571
13055,240401349408,185035102571
13056,240401349408,185035102571
13057,240401349408,185035102571
13058,240401349408,185035102571
13059,240401349408,185035102571
13060,240401349408,185035102571
13061,240401349408,185035102571
13062,240401349408,185035102571
13063,240401349408,185035102571
13064,240401349408,185035102571
13065,240401349408,185035102571
13066,240401349408,185035102571
13067,240401349408,185035102571
13068,240401349408,185035102571
13069,240401349408,185035102571
13070,240401349408,185035102571
13071,240401349408,185035102571
13072,240401349408,185035102571
13073,240401349408,185035102571
13074,240401349408,185035102571
13075,240401349408,185035102571
13076,240401349408,185035102571
13077,240401349408,185035102571
13078,240401349408,185035102571
13079,240401349408,185035102571
13080,240401349408,185035102571
13081,240401349408,185035102571
13082,240401349408,185035102571
13083,240401349408,185035102571
13084,240401349408,185035102571
13085,240401349408,185035102571
13086,240401349408,185035102571
13087,240401349408,185035102571
13088,240401349408,185035102571
13089,240401349408,185035102571
13090,240401349408,185035102571
13091,240401349408,185035102571
13092,240401349408,185035102571
13093,240401349408,185035102571
13094,240401349408,185035102571
13095,240401349408,185035102571
13096,240401349408,185035102571
13097,240401349408,185035102571
13098,240401349408,185035102571
13099,240401349408,185035102571
13100,240401349408,185035102571
13101,240401349408,185035102571
13102,240401349408,185035102571
13103,240401349408,185035102571
13104,240401349408,185035102571
13105,240916533169,185035102571
13106,241431795560,185035102571
13107,241947136587,185035102571
13108,242462556256,185035102571
13109,242978054573,185035102571
13110,243493631544,185035102571
13111,244009287175,185035102571
13112,244247828100,185035102571
13113,244247828100,185035102571
13114,244247828100,185035102571
13115,244247828100,185035102571
13116,244247828100,185035102571
13117,244247828100,185035102571
13118,244247828100,185035102571
13119,244247828100,185035102571
13120,244247828100,185035102571
13121,244247828100,185035102571
13122,244247828100,185035102571
13123,244247828100,185035102571
13124,244247828100,185035102571
13125,244247828100,185035102571
13126,244247828100,185035102571
13127,244247828100,185035102571
13128,244247828100,185035102571
13129,244247828100,185035102571
13130,244247828100,185035102571
13131,244247828100,185035102571
13132,244247828100,185035102571
13133,244247828100,185035102571
13134,244247828100,185035102571
13135,244247828100,185035102571
13136,244247828100,185035102571
13137,244247828100,185035102571
13138,244247828100,185035102571
13139,244247828100,185035102571
13140,244247828100,185035102571
13141,244247828100,185035102571
13142,244247828100,185035102571
13143,244247828100,185035102571
13144,244247828100,185035102571
13145,244247828100,185035102571
13146,244247828100,185035102571
13147,244247828100,185035102571
13148,244247828100,185035102571
13149,244247828100,185035102571
13150,244247828100,185035102571
13151,244247828100,185035102571
13152,244247828100,185035102571
13153,244247828100,185035102571
13154,244247828100,185035102571
13155,244247828100,185035102571
13156,244247828100,185035102571
13157,244247828100,185035102571
13158,244247828100,185035102571
13159,244247828100,185035102571
13160,244247828100,185035102571
13161,244247828100,185035102571
13162,244247828100,185035102571
13163,244247828100,185035102571
13164,244247828100,185035102571
13165,244247828100,185035102571
13166,244247828100,185035102571
13167,244247828100,185035102571
13168,244247828100,185035102571
13169,244247828100,185035102571
13170,244247828100,185035102571
13171,244247828100,185035102571
13172,244247828100,185035102571
13173,244247828100,185035102571
13174,244247828100,185035102571
13175,244247828100,185035102571
13176,244247828100,185035102571
13177,244247828100,185035102571
13178,244247828100,185035102571
13179,244247828100,185035102571
13180,244247828100,185035102571
13181,244247828100,185035102571
13182,244247828100,185035102571
13183,244247828100,185035102571
13184,244247828100,185035102571
13185,244247828100,185035102571
13186,244247828100,185035102571
13187,244247828100,185035102571
13188,244247828100,185035102571
13189,244247828100,185035102571
13190,244247828100,185035102571
13191,244247828100,185035102571
13192,244247828100,185035102571
13193,244247828100,185035102571
13194,244247828100,185035102571
13195,244247828100,185035102571
13196,244247828100,185035102571
13197,244247828100,185035102571
13198,244247828100,185035102571
13199,244247828100,185035102571
13200,244247828100,185035102571
13201,244770587701,185035102571
13202,245293426508,185035102571
13203,245816344527,185035102571
13204,246339341764,185035102571
13205,246862418225,185035102571
13206,247385573916,185035102571
13207,247908808843,185035102571
13208,248432123012,185035102571
13209,248955516429,185035102571
13210,249476408195,185035102571
13211,249476408195,185035102571
13212,249476408195,185035102571
13213,249476408195,185035102571
13214,249476408195,185035102571
13215,249476408195,185035102571
13216,249476408195,185035102571
13217,249476408195,185035102571
13218,249476408195,185035102571
13219,249476408195,185035102571
13220,249476408195,185035102571
13221,249810448842,185035102571
13222,249810448842,185035102571
13223,250334952361,185035102571
13224,250859535218,185035102571
13225,251169246790,185035102571
13226,251169246790,185035102571
13227,251169246790,185035102571
13228,251169246790,185035102571
13229,251169246790,185035102571
13230,251169246790,185035102571
13231,251694385181,185035102571
13232,252219602958,185035102571
13233,252744900127,185035102571
13234,253063797210,185035102571
13235,253063797210,185035102571
13236,253063797210,185035102571
13237,253063797210,185035102571
13238,253063797210,185035102571
13239,253063797210,185035102571
13240,253063797210,185035102571
13241,253063797210,185035102571
13242,253063797210,185035102571
13243,253063797210,185035102571
13244,253063797210,185035102571
13245,253063797210,185035102571
13246,253063797210,185035102571
13247,253063797210,185035102571
13248,253063797210,185035102571
13249,253590365467,185035102571
13250,254117013218,185035102571
13251,254643740469,185035102571
13252,255170547226,185035102571
13253,255269246085,185035102571
13254,255269246085,185035102571
13255,255269246085,185035102571
13256,255269246085,185035102571
13257,255269246085,185035102571
13258,255269246085,185035102571
13259,255269246085,185035102571
13260,255269246085,185035102571
13261,255269246085,185035102571
13262,255269246085,185035102571
13263,255269246085,185035102571
13264,255269246085,185035102571
13265,255269246085,185035102571
13266,255269246085,185035102571
13267,255269246085,185035102571
13268,255269246085,185035102571
13269,255269246085,185035102571
13270,255269246085,185035102571
13271,255269246085,185035102571
13272,255269246085,185035102571
13273,255269246085,185035102571
13274,255269246085,185035102571
13275,255269246085,185035102571
13276,255269246085,185035102571
13277,255269246085,185035102571
13278,255269246085,185035102571
13279,255269246085,185035102571
13280,255269246085,185035102571
13281,255269246085,185035102571
13282,255269246085,185035102571
13283,255269246085,185035102571
13284,255269246085,185035102571
13285,255269246085,185035102571
13286,255269246085,185035102571
13287,255269246085,185035102571
13288,255269246085,185035102571
13289,255269246085,185035102571
13290,255269246085,185035102571
13291,255269246085,185035102571
13292,255269246085,185035102571
13293,255269246085,185035102571
13294,255269246085,185035102571
13295,255269246085,185035102571
13296,255269246085,185035102571
13297,255269246085,185035102571
13298,255269246085,185035102571
13299,255269246085,185035102571
13300,255269246085,185035102571
13301,255269246085,185035102571
13302,255269246085,185035102571
13303,255269246085,185035102571
13304,255269246085,185035102571
13305,255269246085,185035102571
13306,255269246085,185035102571
13307,255269246085,185035102571
13308,255269246085,185035102571
13309,255269246085,185035102571
13310,255269246085,185035102571
13311,255269246085,185035102571
13312,255269246085,185035102571
13313,255269246085,185035102571
13314,255269246085,185035102571
13315,255269246085,185035102571
13316,255269246085,185035102571
13317,255269246085,185035102571
13318,255269246085,185035102571
13319,255269246085,185035102571
13320,255269246085,185035102571
13321,255269246085,185035102571
13322,255269246085,185035102571
13323,255269246085,185035102571
13324,255269246085,185035102571
13325,255269246085,185035102571
13326,255269246085,185035102571
13327,255269246085,185035102571
13328,255269246085,185035102571
13329,255269246085,185035102571
13330,255269246085,185035102571
13331,255269246085,185035102571
13332,255269246085,185035102571
13333,255269246085,185035102571
13334,255269246085,185035102571
13335,255269246085,185035102571
13336,255269246085,185035102571
13337,255269246085,185035102571
13338,255269246085,185035102571
13339,255269246085,185035102571
13340,255269246085,185035102571
13341,255269246085,185035102571
13342,255269246085,185035102571
13343,255269246085,185035102571
13344,255269246085,185035102571
13345,255269246085,185035102571
13346,255269246085,185035102571
13347,255269246085,185035102571
13348,255269246085,185035102571
13349,255269246085,185035102571
13350,255269246085,185035102571
13351,255269246085,185035102571
13352,255269246085,185035102571
13353,255269246085,185035102571
13354,255269246085,185035102571
13355,255269246085,185035102571
13356,255269246085,185035102571
13357,255269246085,185035102571
13358,255269246085,185035102571
13359,255269246085,185035102571
13360,255269246085,185035102571
13361,255269246085,185035102571
13362,255269246085,185035102571
13363,255269246085,185035102571
13364,255269246085,185035102571
13365,255269246085,185035102571
13366,255269246085,185035102571
13367,255269246085,185035102571
13368,255269246085,185035102571
13369,255269246085,185035102571
13370,255269246085,185035102571
13371,255269246085,185035102571
13372,255269246085,185035102571
13373,255269246085,185035102571
13374,255269246085,185035102571
13375,255269246085,185035102571
13376,255269246085,185035102571
13377,255269246085,185035102571
13378,255269246085,185035102571
13379,255269246085,185035102571
13380,255269246085,185035102571
13381,255269246085,185035102571
13382,255269246085,185035102571
13383,255269246085,185035102571
13384,255269246085,185035102571
13385,255269246085,185035102571
13386,255269246085,185035102571
13387,255269246085,185035102571
13388,255269246085,185035102571
13389,255269246085,185035102571
13390,255269246085,185035102571
13391,255269246085,185035102571
13392,255269246085,185035102571
13393,255269246085,185035102571
13394,255269246085,185035102571
13395,255269246085,185035102571
13396,255269246085,185035102571
13397,255269246085,185035102571
13398,255269246085,185035102571
13399,255269246085,185035102571
13400,255269246085,185035102571
13401,255269246085,185035102571
13402,255269246085,185035102571
13403,255269246085,185035102571
13404,255269246085,185035102571
13405,255269246085,185035102571
13406,255269246085,185035102571
13407,255269246085,185035102571
13408,255269246085,185035102571
13409,255269246085,185035102571
13410,255269246085,185035102571
13411,255269246085,185035102571
13412,255269246085,185035102571
13413,255269246085,185035102571
13414,255269246085,185035102571
13415,255269246085,185035102571
13416,255269246085,185035102571
13417,255269246085,185035102571
13418,255269246085,185035102571
13419,255269246085,185035102571
13420,255269246085,185035102571
13421,255269246085,185035102571
13422,255269246085,185035102571
13423,255269246085,185035102571
13424,255269246085,185035102571
13425,255269246085,185035102571
13426,255269246085,185035102571
13427,255269246085,185035102571
13428,255269246085,185035102571
13429,255269246085,185035102571
13430,255269246085,185035102571
13431,255269246085,185035102571
13432,255269246085,185035102571
13433,255269246085,185035102571
13434,255269246085,185035102571
13435,255269246085,185035102571
13436,255269246085,185035102571
13437,255269246085,185035102571
13438,255269246085,185035102571
13439,255269246085,185035102571
13440,255269246085,185035102571
13441,255811187206,185035102571
13442,256353208973,185035102571
13443,256895311392,185035102571
13444,257437494469,185035102571
13445,257979758210,185035102571
13446,258522102621,185035102571
13447,259014642480,185035102571
13448,259014642480,185035102571
13449,259014642480,185035102571
13450,259014642480,185035102571
13451,259014642480,185035102571
13452,259014642480,185035102571
13453,259014642480,185035102571
13454,259014642480,185035102571
13455,259014642480,185035102571
13456,259014642480,185035102571
13457,259014642480,185035102571
13458,259014642480,185035102571
13459,259014642480,185035102571
13460,259014642480,185035102571
13461,259014642480,185035102571
13462,259014642480,185035102571
13463,259014642480,185035102571
13464,259014642480,185035102571
13465,259014642480,185035102571
13466,259014642480,185035102571
13467,259014642480,185035102571
13468,259014642480,185035102571
13469,259014642480,185035102571
13470,259014642480,185035102571
13471,259014642480,185035102571
13472,259014642480,185035102571
13473,259014642480,185035102571
13474,259014642480,185035102571
13475,259014642480,185035102571
13476,259014642480,185035102571
13477,259014642480,185035102571
13478,259014642480,185035102571
13479,259014642480,185035102571
13480,259014642480,185035102571
13481,259014642480,185035102571
13482,259014642480,185035102571
13483,259014642480,185035102571
13484,259014642480,185035102571
13485,259014642480,185035102571
13486,259014642480,185035102571
13487,259014642480,185035102571
13488,259014642480,185035102571
13489,259014642480,185035102571
13490,259014642480,185035102571
13491,259014642480,185035102571
13492,259014642480,185035102571
13493,259014642480,185035102571
13494,259014642480,185035102571
13495,259014642480,185035102571
13496,259014642480,185035102571
13497,259014642480,185035102571
13498,259014642480,185035102571
13499,259014642480,185035102571
13500,259014642480,185035102571
13501,259014642480,185035102571
13502,259014642480,185035102571
13503,259014642480,185035102571
13504,259014642480,185035102571
13505,259014642480,185035102571
13506,259014642480,185035102571
13507,259014642480,185035102571
13508,259014642480,185035102571
13509,259014642480,185035102571
13510,259014642480,185035102571
13511,259014642480,185035102571
13512,259014642480,185035102571
13513,259014642480,185035102571
13514,259014642480,185035102571
13515,259014642480,185035102571
13516,259014642480,185035102571
13517,259014642480,185035102571
13518,259014642480,185035102571
13519,259014642480,185035102571
13520,259014642480,185035102571
13521,259563054241,185035102571
13522,260111547128,185035102571
13523,260356294908,185035102571
13524,260356294908,185035102571
13525,260356294908,185035102571
13526,260356294908,185035102571
13527,260356294908,185035102571
13528,260356294908,185035102571
13529,260356294908,185035102571
13530,260356294908,185035102571
13531,260356294908,185035102571
13532,260356294908,185035102571
13533,260356294908,185035102571
13534,260356294908,185035102571
13535,260356294908,185035102571
13536,260356294908,185035102571
13537,260356294908,185035102571
13538,260356294908,185035102571
13539,260356294908,185035102571
13540,260356294908,185035102571
13541,260356294908,185035102571
13542,260356294908,185035102571
13543,260356294908,185035102571
13544,260356294908,185035102571
13545,260356294908,185035102571
13546,260356294908,185035102571
13547,260356294908,185035102571
13548,260356294908,185035102571
13549,260356294908,185035102571
13550,260356294908,185035102571
13551,260356294908,185035102571
13552,260356294908,185035102571
13553,260907305677,185035102571
13554,261458397764,185035102571
13555,262009571175,185035102571
13556,262560825916,185035102571
13557,263112161993,185035102571
13558,263663579412,185035102571
13559,264215078179,185035102571
13560,264766658300,185035102571
13561,265318319781,185035102571
13562,265870062628,185035102571
13563,266219290722,185035102571
13564,266219290722,185035102571
13565,266219290722,185035102571
13566,266219290722,185035102571
13567,266219290722,185035102571
13568,266219290722,185035102571
13569,266219290722,185035102571
13570,266219290722,185035102571
13571,266219290722,185035102571
13572,266219290722,185035102571
13573,266219290722,185035102571
13574,266219290722,185035102571
13575,266772091873,185035102571
13576,267290759095,185035102571
13577,267290759095,185035102571
13578,267290759095,185035102571
13579,267290759095,185035102571
13580,267290759095,185035102571
13581,267844049036,185035102571
13582,267873059600,185035102571
13583,267873059600,185035102571
13584,267873059600,185035102571
13585,267873059600,185035102571
13586,267873059600,185035102571
13587,267873059600,185035102571
13588,267873059600,185035102571
13589,267873059600,185035102571
13590,267873059600,185035102571
13591,267873059600,185035102571
13592,267873059600,185035102571
13593,267873059600,185035102571
13594,267873059600,185035102571
13595,267873059600,185035102571
13596,267873059600,185035102571
13597,267873059600,185035102571
13598,267873059600,185035102571
13599,267873059600,185035102571
13600,267873059600,185035102571
13601,268427980401,185035102571
13602,268666558776,185035102571
13603,268666558776,185035102571
13604,268666558776,185035102571
13605,268666558776,185035102571
13606,268666558776,185035102571
13607,268666558776,185035102571
13608,268666558776,185035102571
13609,268666558776,185035102571
13610,268666558776,185035102571
13611,268666558776,185035102571
13612,268666558776,185035102571
13613,268666558776,185035102571
13614,268666558776,185035102571
13615,268666558776,185035102571
13616,268666558776,185035102571
13617,268666558776,185035102571
13618,268666558776,185035102571
13619,268666558776,185035102571
13620,268666558776,185035102571
13621,268666558776,185035102571
13622,268666558776,185035102571
13623,268666558776,185035102571
13624,268666558776,185035102571
13625,268666558776,185035102571
13626,268666558776,185035102571
13627,268666558776,185035102571
13628,268666558776,185035102571
13629,268666558776,185035102571
13630,268666558776,185035102571
13631,268666558776,185035102571
13632,268666558776,185035102571
13633,268666558776,185035102571
13634,268666558776,185035102571
13635,268666558776,185035102571
13636,268666558776,185035102571
13637,268666558776,185035102571
13638,268666558776,185035102571
13639,268666558776,185035102571
13640,268666558776,185035102571
13641,268666558776,185035102571
13642,268666558776,185035102571
13643,268666558776,185035102571
13644,268666558776,185035102571
13645,268666558776,185035102571
13646,268666558776,185035102571
13647,268666558776,185035102571
13648,268666558776,185035102571
13649,268666558776,185035102571
13650,268666558776,185035102571
13651,268666558776,185035102571
13652,268666558776,185035102571
13653,268666558776,185035102571
13654,268666558776,185035102571
13655,268666558776,185035102571
13656,268666558776,185035102571
13657,268666558776,185035102571
13658,268666558776,185035102571
13659,268666558776,185035102571
13660,268666558776,185035102571
13661,268666558776,185035102571
13662,268666558776,185035102571
13663,268666558776,185035102571
13664,268666558776,185035102571
13665,268666558776,185035102571
13666,268666558776,185035102571
13667,268666558776,185035102571
13668,268666558776,185035102571
13669,268666558776,185035102571
13670,268666558776,185035102571
13671,268666558776,185035102571
13672,268666558776,185035102571
13673,268666558776,185035102571
13674,268666558776,185035102571
13675,268666558776,185035102571
13676,268666558776,185035102571
13677,268666558776,185035102571
13678,268666558776,185035102571
13679,268666558776,185035102571
13680,268666558776,185035102571
13681,268666558776,185035102571
13682,268666558776,185035102571
13683,268666558776,185035102571
13684,268666558776,185035102571
13685,268666558776,185035102571
13686,268666558776,185035102571
13687,268666558776,185035102571
13688,268666558776,185035102571
13689,268666558776,185035102571
13690,268666558776,185035102571
13691,268666558776,185035102571
13692,268666558776,185035102571
13693,268666558776,185035102571
13694,268666558776,185035102571
13695,268666558776,185035102571
13696,268666558776,185035102571
13697,268666558776,185035102571
13698,268666558776,185035102571
13699,268666558776,185035102571
13700,268666558776,185035102571
13701,268666558776,185035102571
13702,268666558776,185035102571
13703,268666558776,185035102571
13704,268666558776,185035102571
13705,268666558776,185035102571
13706,268666558776,185035102571
13707,268666558776,185035102571
13708,268666558776,185035102571
13709,268666558776,185035102571
13710,268666558776,185035102571
13711,268666558776,185035102571
13712,268666558776,185035102571
13713,268666558776,185035102571
13714,268666558776,185035102571
13715,268666558776,185035102571
13716,268666558776,185035102571
13717,268666558776,185035102571
13718,268666558776,185035102571
13719,268666558776,185599694298
13720,268666558776,186164368339
13721,268666558776,186729124700
13722,268666558776,187293963387
13723,268666558776,187858884406
13724,268666558776,188423887763
13725,268666558776,188988973464
13726,268666558776,189554141515
13727,268666558776,190119391922
13728,268666558776,190684724691
13729,269231973913,191250139828
13730,269797471424,191815637339
13731,270363051315,192381217230
13732,270928713592,192946879507
13733,271494458261,193512624176
13734,272060285328,194078451243
13735,272626194799,194644360714
13736,273192186680,195210352595
13737,273233108169,195776426892
13738,273233108169,196342583611
13739,273233108169,196908822758
13740,273233108169,197475144339
13741,273233108169,198041548360
13742,273233108169,198608034827
13743,273233108169,199174603746
13744,273233108169,199741255123
13745,273233108169,200307988964
13746,273233108169,200874805275
13747,273233108169,201441704062
13748,273233108169,202008685331
13749,273233108169,202575749088
13750,273233108169,203142895339
13751,273233108169,203710124090
13752,273233108169,204277435347
13753,273233108169,204844829116
13754,273233108169,205412305403
13755,273233108169,205979864214
13756,273233108169,206547505555
13757,273233108169,207115229432
13758,273233108169,207683035851
13759,273233108169,208250924818
13760,273233108169,208818896339
13761,273233108169,209386950420
13762,273233108169,209955087067
13763,273233108169,210523306286
13764,273233108169,211091608083
13765,273233108169,211659992464
13766,273233108169,212228459435
13767,273233108169,212797009002
13768,273233108169,213365641171
13769,273233108169,213934355948
13770,273233108169,214503153339
13771,273233108169,215072033350
13772,273233108169,215640995987
13773,273233108169,216210041256
13774,273233108169,216779169163
13775,273233108169,217348379714
13776,273233108169,217642197888
13777,273233108169,217642197888
13778,273233108169,217642197888
13779,273233108169,217642197888
13780,273233108169,217642197888
13781,273233108169,217642197888
13782,273233108169,217642197888
13783,273233108169,217642197888
13784,273233108169,217642197888
13785,273233108169,217642197888
13786,273233108169,217642197888
13787,273233108169,217642197888
13788,273233108169,217642197888
13789,273233108169,217642197888
13790,273233108169,217642197888
13791,273233108169,217642197888
13792,273233108169,217642197888
13793,273233108169,217642197888
13794,273233108169,217642197888
13795,273233108169,217642197888
13796,273233108169,217642197888
13797,273233108169,217642197888
13798,273233108169,217642197888
13799,273233108169,217642197888
13800,273233108169,217642197888
13801,273233108169,217642197888
13802,273233108169,217642197888
13803,273233108169,217642197888
13804,273233108169,217642197888
13805,273233108169,217642197888
13806,273233108169,217642197888
13807,273233108169,217642197888
13808,273233108169,217642197888
13809,273233108169,217642197888
13810,273233108169,217642197888
13811,273233108169,217642197888
13812,273233108169,217642197888
13813,273233108169,217642197888
13814,273233108169,217642197888
13815,273233108169,217642197888
13816,273233108169,217642197888
13817,273233108169,217642197888
13818,273233108169,217642197888
13819,273233108169,217642197888
13820,273233108169,217642197888
13821,273233108169,217642197888
13822,273233108169,217642197888
13823,273233108169,217642197888
13824,273233108169,217642197888
13825,273806458570,218215548289
13826,274379891921,218788981640
13827,274953408228,219362497947
13828,275527007497,219362622384
13829,276100689734,219936304621
13830,276674454945,220510069832
13831,277248303136,221083918023
13832,277822234313,221084042496
13833,278396248482,221658056665
13834,278970345649,222232153832
13835,279544525820,222806334003
13836,279703011042,222806458512
13837,279703011042,223380804709
13838,279703011042,223955233928
13839,279703011042,224529746175
13840,279703011042,224529870720
13841,279703011042,225104549041
13842,279703011042,225679310408
13843,279703011042,226254154827
13844,279703011042,226254279408
13845,279703011042,226829289949
13846,279703011042,227404383560
13847,279703011042,227979560247
13848,279703011042,227979684864
13849,280278353899,228555027721
13850,280853779850,229130453672
13851,281429288901,229705962723
13852,282004881058,229706087376
13853,282580556327,230281762645
13854,283156314714,230857521032
13855,283732156225,231433362543
13856,284308080866,231433487232
13857,284884088643,232009495009
13858,285460179562,232585585928
13859,286036353629,233161759995
13860,286195378833,233161884720
13861,286195378833,233738225101
13862,286195378833,234314648648
13863,286195378833,234891155367
13864,286195378833,234891280128
13865,286195378833,235467953209
13866,286195378833,236044709480
13867,286195378833,236621548947
13868,286195378833,236621673744
13869,286195378833,237198679621
13870,286195378833,237775768712
13871,286195378833,238352941023
13872,286195378833,238353065856
13873,286772717602,238930404625
13874,287350139609,239507826632
13875,287927644860,240085331883
13876,288505233361,240085456752
13877,289082905118,240663128509
13878,289660660137,241240883528
13879,290238498424,241818721815
13880,290278464960,241818846720
13881,290278464960,242396851561
13882,290278464960,242974939688
13883,290278464960,243553111107
13884,290278464960,243553236048
13885,290278464960,244131574069
13886,290278464960,244709995400
13887,290278464960,245288500047
13888,290278464960,245288625024
13889,290278464960,245867296321
13890,290278464960,246446050952
13891,290278464960,247024888923
13892,290278464960,247025013936
13893,290278464960,247604018605
13894,290278464960,248183106632
13895,290278464960,248762278023
13896,290278464960,248762403072
13897,290278464960,249341741209
13898,290278464960,249921162728
13899,290278464960,250500667635
13900,290278464960,250500792720
13901,290278464960,251080464421
13902,290278464960,251660219528
13903,290278464960,252240058047
13904,290278464960,252240183168
13905,290278464960,252820188529
13906,290278464960,253400277320
13907,290278464960,253980449547
13908,290278464960,253980574704
13909,290278464960,254560913821
13910,290278464960,255141336392
13911,290278464960,255721842423
13912,290278464960,255721967616
13913,290278464960,256302640585
13914,290278464960,256883397032
13915,290278464960,257464236963
13916,290278464960,257464362192
13917,290278464960,258045369109
13918,290278464960,258626459528
13919,290278464960,259207633455
13920,290278464960,259207758720
13921,290278464960,259789099681
13922,290278464960,260370524168
13923,290278464960,260952032187
13924,290278464960,260952157488
13925,290278464960,261533832589
13926,290278464960,262115591240
13927,290278464960,262697433447
13928,290278464960,262697558784
13929,290278464960,263279568121
13930,290278464960,263861661032
13931,290278464960,264443837523
13932,290278464960,264443962896
13933,290278464960,265026306565
13934,290278464960,265608733832
13935,290278464960,266191244703
13936,290278464960,266191370112
13937,290278464960,266774048209
13938,290278464960,267356809928
13939,290278464960,267939655275
13940,290278464960,267939780720
13941,290278464960,268522793341
13942,290278464960,269105889608
13943,290278464960,269689069527
13944,290278464960,269689195008
13945,290278464960,270272542249
13946,290278464960,270855973160
13947,290278464960,271439487747
13948,290278464960,271439613264
13949,290278464960,271572609450
13950,290278464960,271572609450
13951,290278464960,271572609450
13952,290278464960,271572609450
13953,290278464960,271572609450
13954,290278464960,271572609450
13955,290278464960,271572609450
13956,290278464960,271572609450
13957,290278464960,271572609450
13958,290278464960,271572609450
13959,290278464960,271572609450
13960,290278464960,271572609450
13961,290278464960,271572609450
13962,290278464960,271572609450
13963,290278464960,271572609450
13964,290278464960,271572609450
13965,290278464960,271572609450
13966,290278464960,271572609450
13967,290278464960,271572609450
13968,290278464960,271572609450
13969,290278464960,271572609450
13970,290278464960,271572609450
13971,290278464960,271572609450
13972,290278464960,271572609450
13973,290278464960,271572609450
13974,290278464960,271572609450
13975,290278464960,271572609450
13976,290278464960,271572609450
13977,290278464960,271572609450
13978,290278464960,271572609450
13979,290278464960,271572609450
13980,290278464960,271572609450
13981,290278464960,271572609450
13982,290278464960,271572609450
13983,290278464960,271572609450
13984,290278464960,271572609450
13985,290278464960,271572609450
13986,290278464960,271572609450
13987,290278464960,271572609450
13988,290278464960,271572609450
13989,290278464960,271572609450
13990,290278464960,271572609450
13991,290278464960,271572609450
13992,290278464960,271572609450
13993,290278464960,271572609450
13994,290278464960,271572609450
13995,290278464960,271572609450
13996,290278464960,271572609450
13997,290278464960,271572609450
13998,290278464960,271572609450
13999,290278464960,271572609450
14000,290278464960,271572609450
14001,290278464960,272160651451
14002,290278464960,272748777458
14003,290278464960,273336987477
14004,290278464960,273925281514
14005,290278464960,274513659575
14006,290278464960,274562103699
14007,290278464960,274562103699
14008,290278464960,275150733868
14009,290278464960,275739448085
14010,290278464960,276328246356
14011,290278464960,276917128687
14012,290278464960,277506095084
14013,290278464960,277554587442
14014,290278464960,277554587442
14015,290278464960,278143806073
14016,290278464960,278733108794
14017,290278464960,279322495611
14018,290278464960,279911966530
14019,290278464960,280501521557
14020,290278464960,280550062173
14021,290278464960,280550062173
14022,290278464960,281139869560
14023,290278464960,281729761079
14024,290278464960,282319736736
14025,290278464960,282511644200
14026,290278464960,282511644200
14027,290278464960,282511644200
14028,290278464960,282511644200
14029,290278464960,282511644200
14030,290278464960,282511644200
14031,290278464960,282511644200
14032,290278464960,282511644200
14033,290278464960,282511644200
14034,290278464960,282511644200
14035,290278464960,282511644200
14036,290278464960,282511644200
14037,290278464960,282511644200
14038,290278464960,282511644200
14039,290278464960,282511644200
14040,290278464960,282511644200
14041,290869871881,282511644200
14042,291461363048,282511644200
14043,291638891130,282511644200
14044,291638891130,282511644200
14045,291638891130,282511644200
14046,291638891130,282511644200
14047,291638891130,282511644200
14048,291638891130,282511644200
14049,291638891130,282511644200
14050,291638891130,282511644200
14051,291638891130,282511644200
14052,291638891130,282511644200
14053,291638891130,282511644200
14054,291638891130,282511644200
14055,291638891130,282511644200
14056,291638891130,282511644200
14057,291638891130,282511644200
14058,291638891130,282511644200
14059,291638891130,282511644200
14060,291638891130,282511644200
14061,291638891130,282511644200
14062,291638891130,282511644200
14063,291638891130,282511644200
14064,291638891130,282511644200
14065,291638891130,282511644200
14066,291638891130,282511644200
14067,291638891130,282511644200
14068,291638891130,282511644200
14069,291638891130,282511644200
14070,291638891130,282511644200
14071,291638891130,282511644200
14072,291638891130,282511644200
14073,291638891130,282511644200
14074,291638891130,282511644200
14075,291638891130,282511644200
14076,291638891130,282511644200
14077,291638891130,282511644200
14078,291638891130,282511644200
14079,291638891130,282511644200
14080,291638891130,282511644200
14081,292233672571,282511644200
14082,292828538498,282511644200
14083,293423488917,282511644200
14084,293993056088,282511644200
14085,293993056088,282511644200
14086,293993056088,282511644200
14087,293993056088,282511644200
14088,293993056088,282511644200
14089,293993056088,282511644200
14090,293993056088,282511644200
14091,293993056088,282511644200
14092,293993056088,282511644200
14093,293993056088,282511644200
14094,293993056088,282511644200
14095,293993056088,282511644200
14096,293993056088,282511644200
14097,293993056088,282511644200
14098,293993056088,282511644200
14099,293993056088,282511644200
14100,293993056088,282511644200
14101,293993056088,282511644200
14102,293993056088,282511644200
14103,293993056088,282511644200
14104,293993056088,282511644200
14105,293993056088,282511644200
14106,293993056088,282511644200
14107,293993056088,282511644200
14108,293993056088,282511644200
14109,293993056088,282511644200
14110,293993056088,282511644200
14111,293993056088,282511644200
14112,293993056088,282511644200
14113,294590544057,282511644200
14114,295188116704,282511644200
14115,295785774035,282511644200
14116,296383516056,282511644200
14117,296981342773,282511644200
14118,297579254192,282511644200
14119,298177250319,282511644200
14120,298775331160,282511644200
14121,299373496721,282511644200
14122,299591101360,282511644200
14123,299591101360,282511644200
14124,299591101360,282511644200
14125,299591101360,282511644200
14126,299591101360,282511644200
14127,299591101360,282511644200
14128,299591101360,282511644200
14129,299591101360,282511644200
14130,299591101360,282511644200
14131,300190114451,282511644200
14132,300789212328,282511644200
14133,301388394997,282511644200
14134,301511841255,282511644200
14135,301511841255,282511644200
14136,301511841255,282511644200
14137,301511841255,282511644200
14138,301511841255,282511644200
14139,301511841255,282511644200
14140,301511841255,282511644200
14141,302111702476,282511644200
14142,302318846016,282511644200
14143,302318846016,282511644200
14144,302318846016,282511644200
14145,302919046657,282511644200
14146,303519332168,282511644200
14147,304119702555,282511644200
14148,304305976740,282511644200
14149,304305976740,282511644200
14150,304305976740,282511644200
14151,304305976740,282511644200
14152,304305976740,282511644200
14153,304305976740,282511644200
14154,304305976740,282511644200
14155,304305976740,282511644200
14156,304305976740,282511644200
14157,304305976740,282511644200
14158,304305976740,282511644200
14159,304305976740,282511644200
14160,304305976740,282511644200
14161,304305976740,282511644200
14162,304305976740,282511644200
14163,304305976740,282511644200
14164,304305976740,282511644200
14165,304305976740,282511644200
14166,304305976740,282511644200
14167,304305976740,282511644200
14168,304305976740,282511644200
14169,304908215917,282511644200
14170,305510540108,282511644200
14171,306112949319,282511644200
14172,306279141696,282511644200
14173,306279141696,282511644200
14174,306279141696,282511644200
14175,306279141696,282511644200
14176,306279141696,282511644200
14177,306279141696,282511644200
14178,306279141696,282511644200
14179,306279141696,282511644200
14180,306279141696,282511644200
14181,306279141696,282511644200
14182,306279141696,282511644200
14183,306279141696,282511644200
14184,306279141696,282511644200
14185,306279141696,282511644200
14186,306279141696,282511644200
14187,306279141696,282511644200
14188,306279141696,282511644200
14189,306279141696,282511644200
14190,306279141696,282511644200
14191,306279141696,282511644200
14192,306279141696,282511644200
14193,306279141696,282511644200
14194,306279141696,282511644200
14195,306279141696,282511644200
14196,306279141696,282511644200
14197,306619228848,282511644200
14198,306619228848,282511644200
14199,306619228848,282511644200
14200,306619228848,282511644200
14201,306619228848,282511644200
14202,306619228848,282511644200
14203,306619228848,282511644200
14204,306619228848,282511644200
14205,306619228848,282511644200
14206,306619228848,282511644200
14207,306619228848,282511644200
14208,306619228848,282511644200
14209,306619228848,282511644200
14210,306619228848,282511644200
14211,306619228848,282511644200
14212,306619228848,282511644200
14213,306619228848,282511644200
14214,306619228848,282511644200
14215,306619228848,282511644200
14216,306619228848,282511644200
14217,306619228848,282511644200
14218,306619228848,282511644200
14219,306619228848,282511644200
14220,306619228848,282511644200
14221,306619228848,282511644200
14222,306619228848,282511644200
14223,306619228848,282511644200
14224,306619228848,282511644200
14225,306619228848,282511644200
14226,306619228848,282511644200
14227,306619228848,282511644200
14228,306619228848,282511644200
14229,306619228848,282511644200
14230,306619228848,282511644200
14231,306619228848,282511644200
14232,306619228848,282511644200
14233,306619228848,282511644200
14234,306619228848,282511644200
14235,306619228848,282511644200
14236,306619228848,282511644200
14237,306619228848,282511644200
14238,306619228848,282511644200
14239,306619228848,282511644200
14240,306619228848,282511644200
14241,306619228848,282511644200
14242,306619228848,282511644200
14243,306619228848,282511644200
14244,306619228848,282511644200
14245,306619228848,282511644200
14246,306619228848,282511644200
14247,306619228848,282511644200
14248,306619228848,282511644200
14249,306619228848,282511644200
14250,306619228848,282511644200
14251,306619228848,282511644200
14252,306619228848,282511644200
14253,306619228848,282511644200
14254,306619228848,282511644200
14255,306619228848,282511644200
14256,306619228848,282511644200
14257,307228972225,282511644200
14258,307838801144,282511644200
14259,308231068950,282511644200
14260,308231068950,282511644200
14261,308231068950,282511644200
14262,308231068950,282511644200
14263,308231068950,282511644200
14264,308231068950,282511644200
14265,308231068950,282511644200
14266,308231068950,282511644200
14267,308231068950,282511644200
14268,308231068950,282511644200
14269,308231068950,282511644200
14270,308231068950,282511644200
14271,308231068950,282511644200
14272,308231068950,282511644200
14273,308231068950,282511644200
14274,308231068950,282511644200
14275,308231068950,282511644200
14276,308231068950,282511644200
14277,308231068950,282511644200
14278,308231068950,282511644200
14279,308231068950,282511644200
14280,308231068950,282511644200
14281,308231068950,282511644200
14282,308231068950,282511644200
14283,308231068950,282511644200
14284,308231068950,282511644200
14285,308231068950,282511644200
14286,308231068950,282511644200
14287,308231068950,282511644200
14288,308231068950,282511644200
14289,308231068950,282511644200
14290,308231068950,282511644200
14291,308231068950,282511644200
14292,308231068950,282511644200
14293,308231068950,282511644200
14294,308231068950,282511644200
14295,308231068950,282511644200
14296,308231068950,282511644200
14297,308231068950,282511644200
14298,308231068950,282511644200
14299,308231068950,282511644200
14300,308231068950,282511644200
14301,308231068950,282511644200
14302,308231068950,282511644200
14303,308231068950,282511644200
14304,308231068950,282511644200
14305,308231068950,282511644200
14306,308231068950,282511644200
14307,308231068950,282511644200
14308,308231068950,282511644200
14309,308231068950,282511644200
14310,308231068950,282511644200
14311,308231068950,282511644200
14312,308231068950,282511644200
14313,308231068950,282511644200
14314,308231068950,282511644200
14315,308231068950,282511644200
14316,308231068950,282511644200
14317,308231068950,282511644200
14318,308231068950,282511644200
14319,308231068950,282511644200
14320,308231068950,282511644200
14321,308231068950,282511644200
14322,308231068950,282511644200
14323,308231068950,282511644200
14324,308231068950,282511644200
14325,308231068950,282511644200
14326,308231068950,282511644200
14327,308231068950,282511644200
14328,308231068950,282511644200
14329,308231068950,282511644200
14330,308231068950,282511644200
14331,308231068950,282511644200
14332,308231068950,282511644200
14333,308231068950,282511644200
14334,308231068950,282511644200
14335,308231068950,282511644200
14336,308231068950,282511644200
14337,308231068950,282511644200
14338,308231068950,282511644200
14339,308231068950,282511644200
14340,308231068950,282511644200
14341,308231068950,282511644200
14342,308231068950,282511644200
14343,308231068950,282511644200
14344,308231068950,282511644200
14345,308231068950,282511644200
14346,308231068950,282511644200
14347,308231068950,282511644200
14348,308231068950,282511644200
14349,308231068950,282511644200
14350,308231068950,282511644200
14351,308231068950,282511644200
14352,308231068950,282511644200
14353,308231068950,282511644200
14354,308231068950,282511644200
14355,308231068950,282511644200
14356,308231068950,282511644200
14357,308231068950,282511644200
14358,308231068950,282511644200
14359,308231068950,282511644200
14360,308231068950,282511644200
14361,308231068950,282511644200
14362,308231068950,282511644200
14363,308231068950,282511644200
14364,308231068950,282511644200
14365,308231068950,282511644200
14366,308231068950,282511644200
14367,308231068950,282511644200
14368,308231068950,282511644200
14369,308231068950,282511644200
14370,308231068950,282511644200
14371,308231068950,282511644200
14372,308231068950,282511644200
14373,308231068950,282511644200
14374,308231068950,282511644200
14375,308231068950,282511644200
14376,308231068950,282511644200
14377,308231068950,282511644200
14378,308231068950,282511644200
14379,308231068950,282511644200
14380,308231068950,282511644200
14381,308231068950,282511644200
14382,308231068950,282511644200
14383,308231068950,282511644200
14384,308231068950,282511644200
14385,308231068950,282511644200
14386,308231068950,282511644200
14387,308231068950,282511644200
14388,308231068950,282511644200
14389,308231068950,282511644200
14390,308231068950,282511644200
14391,308231068950,282511644200
14392,308231068950,282511644200
14393,308231068950,282511644200
14394,308231068950,282511644200
14395,308231068950,282511644200
14396,308231068950,282511644200
14397,308231068950,282511644200
14398,308231068950,282511644200
14399,308231068950,282511644200
14400,308231068950,282511644200
14401,308853192151,282511644200
14402,309475401758,282511644200
14403,310097697777,282511644200
14404,310720080214,282511644200
14405,311342549075,282511644200
14406,311965104366,282511644200
14407,312587746093,282511644200
14408,313210474262,282511644200
14409,313833288879,282511644200
14410,314373549960,282511644200
14411,314373549960,282511644200
14412,314373549960,282511644200
14413,314373549960,282511644200
14414,314373549960,282511644200
14415,314373549960,282511644200
14416,314373549960,282511644200
14417,314373549960,282511644200
14418,314373549960,282511644200
14419,314373549960,282511644200
14420,314373549960,282511644200
14421,314373549960,282511644200
14422,314373549960,282511644200
14423,314373549960,282511644200
14424,314373549960,282511644200
14425,314373549960,282511644200
14426,314373549960,282511644200
14427,314373549960,282511644200
14428,314373549960,282511644200
14429,314373549960,282511644200
14430,314373549960,282511644200
14431,314373549960,282511644200
14432,314373549960,282511644200
14433,314373549960,282511644200
14434,314373549960,282511644200
14435,314373549960,282511644200
14436,314373549960,282511644200
14437,314373549960,282511644200
14438,314373549960,282511644200
14439,314373549960,282511644200
14440,314373549960,282511644200
14441,314373549960,282511644200
14442,314373549960,282511644200
14443,314373549960,282511644200
14444,314373549960,282511644200
14445,314373549960,282511644200
14446,314373549960,282511644200
14447,314373549960,282511644200
14448,314373549960,282511644200
14449,314373549960,282511644200
14450,314373549960,282511644200
14451,314373549960,282511644200
14452,314373549960,282511644200
14453,314373549960,282511644200
14454,314373549960,282511644200
14455,314373549960,282511644200
14456,314373549960,282511644200
14457,314373549960,282511644200
14458,314373549960,282511644200
14459,314373549960,282511644200
14460,314373549960,282511644200
14461,314373549960,282511644200
14462,314373549960,282511644200
14463,314373549960,282511644200
14464,314373549960,282511644200
14465,314373549960,282511644200
14466,314373549960,282511644200
14467,314373549960,282511644200
14468,314373549960,282511644200
14469,314373549960,282511644200
14470,314373549960,282511644200
14471,314373549960,282511644200
14472,314373549960,282511644200
14473,314373549960,282511644200
14474,314373549960,282511644200
14475,314373549960,282511644200
14476,314373549960,282511644200
14477,314373549960,282511644200
14478,314373549960,282511644200
14479,314373549960,282511644200
14480,314373549960,282511644200
14481,314373549960,282511644200
14482,314373549960,282511644200
14483,314373549960,282511644200
14484,314373549960,282511644200
14485,314373549960,282511644200
14486,314373549960,282511644200
14487,314373549960,282511644200
14488,314373549960,282511644200
14489,314373549960,282511644200
14490,314373549960,282511644200
14491,314373549960,282511644200
14492,314373549960,282511644200
14493,314373549960,282511644200
14494,314373549960,282511644200
14495,314373549960,282511644200
14496,314373549960,282511644200
14497,314373549960,282511644200
14498,314373549960,282511644200
14499,314373549960,282511644200
14500,314373549960,282511644200
14501,314373549960,282511644200
14502,314373549960,282511644200
14503,314373549960,282511644200
14504,314373549960,282511644200
14505,314373549960,282511644200
14506,314373549960,282511644200
14507,314373549960,282511644200
14508,314373549960,282511644200
14509,314373549960,282511644200
14510,314373549960,282511644200
14511,314373549960,282511644200
14512,314373549960,282511644200
14513,314373549960,282511644200
14514,314373549960,282511644200
14515,314373549960,282511644200
14516,314373549960,282511644200
14517,314373549960,282511644200
14518,314373549960,282511644200
14519,314373549960,282511644200
14520,314373549960,282511644200
14521,315006084721,282511644200
14522,315638706608,282511644200
14523,316271415627,282511644200
14524,316755735780,282511644200
14525,316755735780,282511644200
14526,316755735780,282511644200
14527,316755735780,282511644200
14528,316755735780,282511644200
14529,316755735780,282511644200
14530,316755735780,282511644200
14531,316755735780,282511644200
14532,316755735780,282511644200
14533,316755735780,282511644200
14534,316755735780,282511644200
14535,316755735780,282511644200
14536,316755735780,282511644200
14537,316755735780,282511644200
14538,316755735780,282511644200
14539,316755735780,282511644200
14540,316755735780,282511644200
14541,316755735780,282511644200
14542,316755735780,282511644200
14543,316755735780,282511644200
14544,316755735780,282511644200
14545,316755735780,282511644200
14546,316755735780,282511644200
14547,316755735780,282511644200
14548,316755735780,282511644200
14549,316755735780,282511644200
14550,316755735780,282511644200
14551,316755735780,282511644200
14552,316755735780,282511644200
14553,316755735780,282511644200
14554,316755735780,282511644200
14555,316755735780,282511644200
14556,316755735780,282511644200
14557,316755735780,282511644200
14558,316755735780,282511644200
14559,316755735780,282511644200
14560,316755735780,282511644200
14561,317391760261,282511644200
14562,318027872108,282511644200
14563,318664071327,282511644200
14564,319300357924,282511644200
14565,319936731905,282511644200
14566,320573193276,282511644200
14567,321209742043,282511644200
14568,321846378212,282511644200
14569,322483101789,282511644200
14570,323116323095,282511644200
14571,323116323095,282511644200
14572,323116323095,282511644200
14573,323116323095,282511644200
14574,323116323095,282511644200
14575,323116323095,282511644200
14576,323116323095,282511644200
14577,323116323095,282511644200
14578,323116323095,282511644200
14579,323116323095,282511644200
14580,323116323095,282511644200
14581,323754096036,282511644200
14582,324344592792,282511644200
14583,324344592792,282511644200
14584,324344592792,282511644200
14585,324344592792,282511644200
14586,324344592792,282511644200
14587,324758993347,282511644200
14588,324758993347,282511644200
14589,325397466344,282511644200
14590,326036026875,282511644200
14591,326674674946,282511644200
14592,327313410563,282511644200
14593,327952233732,282511644200
14594,328559314986,282511644200
14595,328559314986,282511644200
14596,328559314986,282511644200
14597,328559314986,282511644200
14598,328559314986,282511644200
14599,328559314986,282511644200
14600,328559314986,282511644200
14601,328559314986,282511644200
14602,328559314986,282511644200
14603,328559314986,282511644200
14604,328559314986,282511644200
14605,328559314986,282511644200
14606,328559314986,282511644200
14607,328559314986,282511644200
14608,328559314986,282511644200
14609,328559314986,282511644200
14610,328559314986,282511644200
14611,328559314986,282511644200
14612,328559314986,282511644200
14613,328559314986,282511644200
14614,328559314986,282511644200
14615,328559314986,282511644200
14616,328559314986,282511644200
14617,328559314986,282511644200
14618,328559314986,282511644200
14619,328559314986,282511644200
14620,328559314986,282511644200
14621,328559314986,282511644200
14622,328559314986,282511644200
14623,328559314986,282511644200
14624,328559314986,282511644200
14625,328559314986,282511644200
14626,328559314986,282511644200
14627,328559314986,282511644200
14628,328559314986,282511644200
14629,328559314986,282511644200
14630,328559314986,282511644200
14631,328559314986,282511644200
14632,328559314986,282511644200
14633,328559314986,282511644200
14634,328559314986,282511644200
14635,328559314986,282511644200
14636,328559314986,282511644200
14637,328559314986,282511644200
14638,328559314986,282511644200
14639,328559314986,282511644200
14640,328559314986,282511644200
14641,328559314986,282511644200
14642,328559314986,282511644200
14643,328559314986,282511644200
14644,328559314986,282511644200
14645,328559314986,282511644200
14646,328559314986,282511644200
14647,328559314986,282511644200
14648,328559314986,282511644200
14649,328559314986,282511644200
14650,328559314986,282511644200
14651,328559314986,282511644200
14652,328559314986,282511644200
14653,328559314986,282511644200
14654,328559314986,282511644200
14655,328559314986,282511644200
14656,328559314986,282511644200
14657,328559314986,282511644200
14658,328559314986,282511644200
14659,328559314986,282511644200
14660,328559314986,282511644200
14661,328559314986,282511644200
14662,328559314986,282511644200
14663,328559314986,282511644200
14664,328559314986,282511644200
14665,328559314986,282511644200
14666,328559314986,282511644200
14667,328559314986,282511644200
14668,328559314986,282511644200
14669,328559314986,282511644200
14670,328559314986,282511644200
14671,328559314986,282511644200
14672,328559314986,282511644200
14673,328559314986,282511644200
14674,328559314986,282511644200
14675,328559314986,282511644200
14676,328559314986,282511644200
14677,328559314986,282511644200
14678,328559314986,282511644200
14679,328559314986,282511644200
14680,328559314986,282511644200
14681,328559314986,282511644200
14682,328559314986,282511644200
14683,328559314986,282511644200
14684,328559314986,282511644200
14685,328559314986,282511644200
14686,328559314986,282511644200
14687,328559314986,282511644200
14688,328559314986,282511644200
14689,328559314986,282511644200
14690,328559314986,282511644200
14691,328559314986,282511644200
14692,328559314986,282511644200
14693,328559314986,282511644200
14694,328559314986,282511644200
14695,328559314986,282511644200
14696,328559314986,282511644200
14697,328559314986,282511644200
14698,328559314986,282511644200
14699,328559314986,282511644200
14700,328559314986,282511644200
14701,328559314986,282511644200
14702,328559314986,282511644200
14703,328559314986,282511644200
14704,328559314986,282511644200
14705,328559314986,282511644200
14706,328559314986,282511644200
14707,328559314986,282511644200
14708,328559314986,282511644200
14709,328559314986,282511644200
14710,328559314986,282511644200
14711,328559314986,282511644200
14712,328559314986,282511644200
14713,328559314986,282511644200
14714,328559314986,282511644200
14715,328559314986,282511644200
14716,328559314986,282511644200
14717,328559314986,282511644200
14718,328559314986,282511644200
14719,328559314986,282511644200
14720,328559314986,282511644200
14721,328559314986,282511644200
14722,328559314986,282511644200
14723,328559314986,282511644200
14724,328559314986,282511644200
14725,328559314986,282511644200
14726,328559314986,282511644200
14727,328559314986,282511644200
14728,328559314986,282511644200
14729,328559314986,282511644200
14730,328559314986,282511644200
14731,328559314986,282511644200
14732,328559314986,282511644200
14733,328559314986,282511644200
14734,328559314986,282511644200
14735,328559314986,282511644200
14736,328559314986,282511644200
14737,328559314986,282511644200
14738,328559314986,282511644200
14739,328559314986,282511644200
14740,328559314986,282511644200
14741,328559314986,282511644200
14742,328559314986,282511644200
14743,328559314986,282511644200
14744,328559314986,282511644200
14745,328559314986,282511644200
14746,328559314986,282511644200
14747,328559314986,282511644200
14748,328559314986,282511644200
14749,328559314986,282511644200
14750,328559314986,282511644200
14751,328559314986,282511644200
14752,328559314986,282511644200
14753,328559314986,282511644200
14754,328559314986,282511644200
14755,328559314986,282511644200
14756,328559314986,282511644200
14757,328559314986,282511644200
14758,328559314986,282511644200
14759,328559314986,282511644200
14760,328559314986,282511644200
14761,328559314986,282511644200
14762,328559314986,282511644200
14763,328559314986,282511644200
14764,328559314986,282511644200
14765,328559314986,282511644200
14766,328559314986,282511644200
14767,328559314986,282511644200
14768,328559314986,282511644200
14769,328559314986,282511644200
14770,328559314986,282511644200
14771,328559314986,282511644200
14772,328559314986,282511644200
14773,328559314986,282511644200
14774,328559314986,282511644200
14775,328559314986,282511644200
14776,328559314986,282511644200
14777,328559314986,282511644200
14778,328559314986,282511644200
14779,328559314986,282511644200
14780,328559314986,282511644200
14781,328559314986,282511644200
14782,328559314986,282511644200
14783,328559314986,282511644200
14784,328559314986,282511644200
14785,329215059307,282511644200
14786,329870892338,282511644200
14787,330526814085,282511644200
14788,331182824554,282511644200
14789,331838923751,282511644200
14790,332495111682,282511644200
14791,333151388353,282511644200
14792,333380047968,282511644200
14793,333380047968,282511644200
14794,333380047968,282511644200
14795,333380047968,282511644200
14796,333380047968,282511644200
14797,333380047968,282511644200
14798,333380047968,282511644200
14799,333380047968,282511644200
14800,333380047968,282511644200
14801,333380047968,282511644200
14802,333380047968,282511644200
14803,333380047968,282511644200
14804,333380047968,282511644200
14805,333380047968,282511644200
14806,333380047968,282511644200
14807,333380047968,282511644200
14808,333380047968,282511644200
14809,333380047968,282511644200
14810,333380047968,282511644200
14811,333380047968,282511644200
14812,333380047968,282511644200
14813,333380047968,282511644200
14814,333380047968,282511644200
14815,333380047968,282511644200
14816,333380047968,282511644200
14817,333380047968,282511644200
14818,333380047968,282511644200
14819,333380047968,282511644200
14820,333380047968,282511644200
14821,333380047968,282511644200
14822,333380047968,282511644200
14823,333380047968,282511644200
14824,333380047968,282511644200
14825,333380047968,282511644200
14826,333380047968,282511644200
14827,333380047968,282511644200
14828,333380047968,282511644200
14829,333380047968,282511644200
14830,333380047968,282511644200
14831,333380047968,282511644200
14832,333380047968,282511644200
14833,333380047968,282511644200
14834,333380047968,282511644200
14835,333380047968,282511644200
14836,333380047968,282511644200
14837,333380047968,282511644200
14838,333380047968,282511644200
14839,333380047968,282511644200
14840,333380047968,282511644200
14841,333380047968,282511644200
14842,333380047968,282511644200
14843,333380047968,282511644200
14844,333380047968,282511644200
14845,333380047968,282511644200
14846,333380047968,282511644200
14847,333380047968,282511644200
14848,333380047968,282511644200
14849,333380047968,282511644200
14850,333380047968,282511644200
14851,333380047968,282511644200
14852,333380047968,282511644200
14853,333380047968,282511644200
14854,333380047968,282511644200
14855,333380047968,282511644200
14856,333380047968,282511644200
14857,333380047968,282511644200
14858,333380047968,282511644200
14859,333380047968,282511644200
14860,333380047968,282511644200
14861,333380047968,282511644200
14862,333380047968,282511644200
14863,333380047968,282511644200
14864,333380047968,282511644200
14865,333380047968,282511644200
14866,333380047968,282511644200
14867,333380047968,282511644200
14868,333380047968,282511644200
14869,333380047968,282511644200
14870,333380047968,282511644200
14871,333380047968,282511644200
14872,333380047968,282511644200
14873,334043621737,282511644200
14874,334707284744,282511644200
14875,335371036995,282511644200
14876,336034878496,282511644200
14877,336698809253,282511644200
14878,337362829272,282511644200
14879,338026938559,282511644200
14880,338691137120,282511644200
14881,339046538292,282511644200
14882,339046538292,282511644200
14883,339046538292,282511644200
14884,339046538292,282511644200
14885,339046538292,282511644200
14886,339046538292,282511644200
14887,339046538292,282511644200
14888,339046538292,282511644200
14889,339046538292,282511644200
14890,339046538292,282511644200
14891,339046538292,282511644200
14892,339046538292,282511644200
14893,339046538292,282511644200
14894,339046538292,282511644200
14895,339046538292,282511644200
14896,339046538292,282511644200
14897,339046538292,282511644200
14898,339046538292,282511644200
14899,339046538292,282511644200
14900,339046538292,282511644200
14901,339046538292,282511644200
14902,339046538292,282511644200
14903,339046538292,282511644200
14904,339046538292,282511644200
14905,339046538292,282511644200
14906,339046538292,282511644200
14907,339046538292,282511644200
14908,339046538292,282511644200
14909,339046538292,282511644200
14910,339046538292,282511644200
14911,339046538292,282511644200
14912,339046538292,282511644200
14913,339046538292,282511644200
14914,339046538292,282511644200
14915,339046538292,282511644200
14916,339046538292,282511644200
14917,339046538292,282511644200
14918,339046538292,282511644200
14919,339046538292,282511644200
14920,339046538292,282511644200
14921,339046538292,282511644200
14922,339046538292,282511644200
14923,339046538292,282511644200
14924,339046538292,282511644200
14925,339046538292,282511644200
14926,339046538292,282511644200
14927,339046538292,282511644200
14928,339046538292,282511644200
14929,339046538292,282511644200
14930,339046538292,282511644200
14931,339046538292,282511644200
14932,339046538292,282511644200
14933,339046538292,282511644200
14934,339046538292,282511644200
14935,339046538292,282511644200
14936,339046538292,282511644200
14937,339046538292,282511644200
14938,339046538292,282511644200
14939,339046538292,282511644200
14940,339046538292,282511644200
14941,339046538292,282511644200
14942,339046538292,282511644200
14943,339046538292,282511644200
14944,339046538292,282511644200
14945,339046538292,282511644200
14946,339046538292,282511644200
14947,339046538292,282511644200
14948,339046538292,282511644200
14949,339046538292,282511644200
14950,339046538292,282511644200
14951,339046538292,282511644200
14952,339046538292,282511644200
14953,339046538292,282511644200
14954,339046538292,282511644200
14955,339046538292,282511644200
14956,339046538292,282511644200
14957,339046538292,282511644200
14958,339046538292,282511644200
14959,339046538292,282511644200
14960,339046538292,282511644200
14961,339046538292,282511644200
14962,339046538292,282511644200
14963,339046538292,282511644200
14964,339046538292,282511644200
14965,339046538292,282511644200
14966,339046538292,282511644200
14967,339046538292,282511644200
14968,339046538292,282511644200
14969,339046538292,282511644200
14970,339046538292,282511644200
14971,339046538292,282511644200
14972,339046538292,282511644200
14973,339046538292,282511644200
14974,339046538292,282511644200
14975,339046538292,282511644200
14976,339046538292,282511644200
14977,339719424949,282511644200
14978,340392401468,282511644200
14979,341065467855,282511644200
14980,341738624116,282511644200
14981,342411870257,282511644200
14982,343085206284,282511644200
14983,343758632203,282511644200
14984,344432148020,282511644200
14985,345105753741,282511644200
14986,345779449372,282511644200
14987,346453234919,282511644200
14988,346638674781,282511644200
14989,346638674781,282511644200
14990,346638674781,282511644200
14991,346638674781,282511644200
14992,346638674781,282511644200
14993,346638674781,282511644200
14994,346638674781,282511644200
14995,346638674781,282511644200
14996,346638674781,282511644200
14997,346638674781,282511644200
14998,346638674781,282511644200
14999,346638674781,282511644200
15000,346638674781,282511644200
15001,347074841256,282511644200
15002,347074841256,282511644200
15003,347750066275,282511644200
15004,348425381312,282511644200
15005,349100786373,282511644200
15006,349776281464,282511644200
15007,350451866591,282511644200
15008,351127541760,282511644200
15009,351803306977,282511644200
15010,352479162248,282511644200
15011,353155107579,282511644200
15012,353831142976,282511644200
15013,354255145020,282511644200
15014,354255145020,282511644200
15015,354255145020,282511644200
15016,354255145020,282511644200
15017,354255145020,282511644200
15018,354255145020,282511644200
15019,354255145020,282511644200
15020,354255145020,282511644200
15021,354255145020,282511644200
15022,354255145020,282511644200
15023,354255145020,282511644200
15024,354255145020,282511644200
15025,354932351821,282511644200
15026,354989076560,282511644200
15027,354989076560,282511644200
15028,354989076560,282511644200
15029,354989076560,282511644200
15030,354989076560,282511644200
15031,354989076560,282511644200
15032,354989076560,282511644200
15033,354989076560,282511644200
15034,354989076560,282511644200
15035,354989076560,282511644200
15036,354989076560,282511644200
15037,354989076560,282511644200
15038,354989076560,282511644200
15039,354989076560,282511644200
15040,354989076560,282511644200
15041,354989076560,282511644200
15042,354989076560,282511644200
15043,354989076560,282511644200
15044,354989076560,282511644200
15045,354989076560,282511644200
15046,354989076560,282511644200
15047,354989076560,282511644200
15048,354989076560,282511644200
15049,354989076560,282511644200
15050,354989076560,282511644200
15051,354989076560,282511644200
15052,354989076560,282511644200
15053,354989076560,282511644200
15054,354989076560,282511644200
15055,354989076560,282511644200
15056,354989076560,282511644200
15057,354989076560,282511644200
15058,354989076560,282511644200
15059,354989076560,282511644200
15060,354989076560,282511644200
15061,354989076560,282511644200
15062,354989076560,282511644200
15063,354989076560,282511644200
15064,354989076560,282511644200
15065,354989076560,282511644200
15066,354989076560,282511644200
15067,354989076560,282511644200
15068,354989076560,282511644200
15069,354989076560,282511644200
15070,354989076560,282511644200
15071,354989076560,282511644200
15072,354989076560,282511644200
15073,354989076560,282511644200
15074,354989076560,282511644200
15075,354989076560,282511644200
15076,354989076560,282511644200
15077,354989076560,282511644200
15078,354989076560,282511644200
15079,354989076560,282511644200
15080,354989076560,282511644200
15081,354989076560,282511644200
15082,354989076560,282511644200
15083,354989076560,282511644200
15084,354989076560,282511644200
15085,354989076560,282511644200
15086,354989076560,282511644200
15087,354989076560,282511644200
15088,354989076560,282511644200
15089,354989076560,282511644200
15090,354989076560,282511644200
15091,354989076560,282511644200
15092,354989076560,282511644200
15093,354989076560,282511644200
15094,354989076560,282511644200
15095,354989076560,282511644200
15096,354989076560,282511644200
15097,354989076560,282511644200
15098,354989076560,282511644200
15099,354989076560,282511644200
15100,354989076560,282511644200
15101,354989076560,282511644200
15102,354989076560,282511644200
15103,354989076560,282511644200
15104,354989076560,282511644200
15105,354989076560,282511644200
15106,354989076560,282511644200
15107,354989076560,282511644200
15108,354989076560,282511644200
15109,354989076560,282511644200
15110,354989076560,282511644200
15111,354989076560,282511644200
15112,354989076560,282511644200
15113,354989076560,282511644200
15114,354989076560,282511644200
15115,354989076560,282511644200
15116,354989076560,282511644200
15117,354989076560,282511644200
15118,354989076560,282511644200
15119,354989076560,282511644200
15120,354989076560,282511644200
15121,355674965121,282511644200
15122,356360944408,282511644200
15123,357047014427,282511644200
15124,357733175184,282511644200
15125,358419426685,282511644200
15126,359105768936,282511644200
15127,359792201943,282511644200
15128,360478725712,282511644200
15129,361165340249,282511644200
15130,361414857832,282511644200
15131,361414857832,282511644200
15132,361414857832,282511644200
15133,361414857832,282511644200
15134,361414857832,282511644200
15135,361414857832,282511644200
15136,361414857832,282511644200
15137,361414857832,282511644200
15138,361414857832,282511644200
15139,362102380379,282511644200
15140,362789993760,282511644200
15141,363477697981,282511644200
15142,363619194147,282511644200
15143,363619194147,282511644200
15144,363619194147,282511644200
15145,363619194147,282511644200
15146,363619194147,282511644200
15147,363619194147,282511644200
15148,363619194147,282511644200
15149,364067816850,282511644200
15150,364067816850,282511644200
15151,364756429801,282511644200
15152,364878091550,282511644200
15153,364878091550,282511644200
15154,364878091550,282511644200
15155,364878091550,282511644200
15156,364878091550,282511644200
15157,364878091550,282511644200
15158,364878091550,282511644200
15159,364878091550,282511644200
15160,364878091550,282511644200
15161,364878091550,282511644200
15162,364878091550,282511644200
15163,364878091550,282511644200
15164,364878091550,282511644200
15165,364878091550,282511644200
15166,364878091550,282511644200
15167,364878091550,282511644200
15168,364878091550,282511644200
15169,364878091550,282511644200
15170,364878091550,282511644200
15171,364878091550,282511644200
15172,364878091550,282511644200
15173,364878091550,282511644200
15174,364878091550,282511644200
15175,364878091550,282511644200
15176,364878091550,282511644200
15177,364878091550,282511644200
15178,364878091550,282511644200
15179,364878091550,282511644200
15180,364878091550,282511644200
15181,364878091550,282511644200
15182,364878091550,282511644200
15183,364878091550,282511644200
15184,364878091550,282511644200
15185,364878091550,282511644200
15186,364878091550,282511644200
15187,364878091550,282511644200
15188,364878091550,282511644200
15189,364878091550,282511644200
15190,364878091550,282511644200
15191,364878091550,282511644200
15192,364878091550,282511644200
15193,364878091550,282511644200
15194,364878091550,282511644200
15195,364878091550,282511644200
15196,364878091550,282511644200
15197,364878091550,282511644200
15198,364878091550,282511644200
15199,364878091550,282511644200
15200,364878091550,282511644200
15201,365571257151,282511644200
15202,366264513958,282511644200
15203,366957861977,282511644200
15204,367651301214,282511644200
15205,368036710335,282511644200
15206,368036710335,282511644200
15207,368036710335,282511644200
15208,368036710335,282511644200
15209,368036710335,282511644200
15210,368036710335,282511644200
15211,368036710335,282511644200
15212,368036710335,282511644200
15213,368036710335,282511644200
15214,368036710335,282511644200
15215,368036710335,282511644200
15216,368036710335,282511644200
15217,368036710335,282511644200
15218,368036710335,282511644200
15219,368036710335,282511644200
15220,368036710335,282511644200
15221,368036710335,282511644200
15222,368036710335,282511644200
15223,368036710335,282511644200
15224,368036710335,282511644200
15225,368036710335,282511644200
15226,368036710335,282511644200
15227,368036710335,282511644200
15228,368036710335,282511644200
15229,368036710335,282511644200
15230,368036710335,282511644200
15231,368036710335,282511644200
15232,368036710335,282511644200
15233,368036710335,282511644200
15234,368036710335,282511644200
15235,368036710335,282511644200
15236,368036710335,282511644200
15237,368036710335,282511644200
15238,368036710335,282511644200
15239,368036710335,282511644200
15240,368036710335,282511644200
15241,368036710335,282511644200
15242,368036710335,282511644200
15243,368036710335,282511644200
15244,368036710335,282511644200
15245,368036710335,282511644200
15246,368036710335,282511644200
15247,368036710335,282511644200
15248,368036710335,282511644200
15249,368036710335,282511644200
15250,368036710335,282511644200
15251,368036710335,282511644200
15252,368036710335,282511644200
15253,368036710335,282511644200
15254,368036710335,282511644200
15255,368036710335,282511644200
15256,368036710335,282511644200
15257,368036710335,282511644200
15258,368036710335,282511644200
15259,368036710335,282511644200
15260,368036710335,282511644200
15261,368036710335,282511644200
15262,368036710335,282511644200
15263,368036710335,282511644200
15264,368036710335,282511644200
15265,368036710335,282511644200
15266,368036710335,282511644200
15267,368036710335,282511644200
15268,368036710335,282511644200
15269,368036710335,282511644200
15270,368036710335,282511644200
15271,368036710335,282511644200
15272,368036710335,282511644200
15273,368036710335,282511644200
15274,368036710335,282511644200
15275,368036710335,282511644200
15276,368036710335,282511644200
15277,368036710335,282511644200
15278,368036710335,282511644200
15279,368036710335,282511644200
15280,368036710335,282511644200
15281,368036710335,282511644200
15282,368036710335,282511644200
15283,368036710335,282511644200
15284,368036710335,282511644200
15285,368036710335,282511644200
15286,368036710335,282511644200
15287,368036710335,282511644200
15288,368036710335,282511644200
15289,368036710335,282511644200
15290,368036710335,282511644200
15291,368036710335,282511644200
15292,368036710335,282511644200
15293,368036710335,282511644200
15294,368036710335,282511644200
15295,368036710335,282511644200
15296,368036710335,282511644200
15297,368036710335,282511644200
15298,368036710335,282511644200
15299,368036710335,282511644200
15300,368036710335,282511644200
15301,368036710335,282511644200
15302,368036710335,282511644200
15303,368036710335,282511644200
15304,368036710335,282511644200
15305,368036710335,282511644200
15306,368036710335,282511644200
15307,368036710335,282511644200
15308,368036710335,282511644200
15309,368036710335,282511644200
15310,368036710335,282511644200
15311,368036710335,282511644200
15312,368036710335,282511644200
15313,368036710335,282511644200
15314,368036710335,282511644200
15315,368036710335,282511644200
15316,368036710335,282511644200
15317,368036710335,282511644200
15318,368036710335,282511644200
15319,368036710335,282511644200
15320,368036710335,282511644200
15321,368036710335,282511644200
15322,368036710335,282511644200
15323,368036710335,282511644200
15324,368036710335,282511644200
15325,368036710335,282511644200
15326,368036710335,282511644200
15327,368036710335,282511644200
15328,368036710335,282511644200
15329,368036710335,282511644200
15330,368036710335,282511644200
15331,368036710335,282511644200
15332,368036710335,282511644200
15333,368036710335,282511644200
15334,368036710335,282511644200
15335,368036710335,282511644200
15336,368036710335,282511644200
15337,368036710335,282511644200
15338,368036710335,282511644200
15339,368036710335,282511644200
15340,368036710335,282511644200
15341,368036710335,282511644200
15342,368036710335,282511644200
15343,368036710335,282511644200
15344,368036710335,282511644200
15345,368036710335,282511644200
15346,368036710335,282511644200
15347,368036710335,282511644200
15348,368036710335,282511644200
15349,368036710335,282511644200
15350,368036710335,282511644200
15351,368036710335,282511644200
15352,368036710335,282511644200
15353,368036710335,282511644200
15354,368036710335,282511644200
15355,368036710335,282511644200
15356,368036710335,282511644200
15357,368036710335,282511644200
15358,368036710335,282511644200
15359,368036710335,282511644200
15360,368036710335,282511644200
15361,368744545216,282511644200
15362,369452472263,282511644200
15363,370160491482,282511644200
15364,370868602879,282511644200
15365,371576806460,282511644200
15366,372285102231,282511644200
15367,372993490198,282511644200
15368,373701970367,282511644200
15369,374410542744,282511644200
15370,375114959450,282511644200
15371,375114959450,282511644200
15372,375114959450,282511644200
15373,375114959450,282511644200
15374,375114959450,282511644200
15375,375114959450,282511644200
15376,375114959450,282511644200
15377,375114959450,282511644200
15378,375114959450,282511644200
15379,375114959450,282511644200
15380,375114959450,282511644200
15381,375371008308,282511644200
15382,375371008308,282511644200
15383,375371008308,282511644200
15384,375371008308,282511644200
15385,375371008308,282511644200
15386,375371008308,282511644200
15387,375371008308,282511644200
15388,375371008308,282511644200
15389,375371008308,282511644200
15390,375371008308,282511644200
15391,375371008308,282511644200
15392,375371008308,282511644200
15393,375371008308,282511644200
15394,375371008308,282511644200
15395,375371008308,282511644200
15396,375371008308,282511644200
15397,375371008308,282511644200
15398,375371008308,282511644200
15399,375371008308,282511644200
15400,375371008308,282511644200
15401,375371008308,282511644200
15402,375371008308,282511644200
15403,375371008308,282511644200
15404,375371008308,282511644200
15405,375371008308,282511644200
15406,375371008308,282511644200
15407,375371008308,282511644200
15408,375371008308,282511644200
15409,375371008308,282511644200
15410,375371008308,282511644200
15411,375371008308,282511644200
15412,375371008308,282511644200
15413,375371008308,282511644200
15414,375371008308,282511644200
15415,375371008308,282511644200
15416,375371008308,282511644200
15417,375371008308,282511644200
15418,375371008308,282511644200
15419,375371008308,282511644200
15420,375371008308,282511644200
15421,375371008308,282511644200
15422,375371008308,282511644200
15423,375371008308,282511644200
15424,375371008308,282511644200
15425,375371008308,282511644200
15426,375371008308,282511644200
15427,375371008308,282511644200
15428,375371008308,282511644200
15429,375371008308,282511644200
15430,375371008308,282511644200
15431,375371008308,282511644200
15432,375371008308,282511644200
15433,375371008308,282511644200
15434,375371008308,282511644200
15435,375371008308,282511644200
15436,375371008308,282511644200
15437,375371008308,282511644200
15438,375371008308,282511644200
15439,375371008308,282511644200
15440,375371008308,282511644200
15441,375371008308,282511644200
15442,375371008308,282511644200
15443,375371008308,282511644200
15444,375371008308,282511644200
15445,375371008308,282511644200
15446,375371008308,282511644200
15447,375371008308,282511644200
15448,375371008308,282511644200
15449,375371008308,282511644200
15450,375371008308,282511644200
15451,375371008308,282511644200
15452,375371008308,282511644200
15453,375371008308,282511644200
15454,375371008308,282511644200
15455,375371008308,282511644200
15456,375371008308,282511644200
15457,375371008308,282511644200
15458,375371008308,282511644200
15459,375371008308,282511644200
15460,375371008308,282511644200
15461,375371008308,282511644200
15462,375371008308,282511644200
15463,375371008308,282511644200
15464,375371008308,282511644200
15465,375371008308,282511644200
15466,375371008308,282511644200
15467,375371008308,282511644200
15468,375371008308,282511644200
15469,375371008308,282511644200
15470,375371008308,282511644200
15471,375371008308,282511644200
15472,375371008308,282511644200
15473,375371008308,282511644200
15474,375371008308,282511644200
15475,375371008308,282511644200
15476,375371008308,282511644200
15477,375371008308,282511644200
15478,375371008308,282511644200
15479,375371008308,282511644200
15480,375371008308,282511644200
15481,375371008308,282511644200
15482,375371008308,282511644200
15483,375371008308,282511644200
15484,375371008308,282511644200
15485,375371008308,282511644200
15486,375371008308,282511644200
15487,375371008308,282511644200
15488,375371008308,282511644200
15489,376090689205,282511644200
15490,376810463036,282511644200
15491,377530329807,282511644200
15492,378250289524,282511644200
15493,378970342193,282511644200
15494,379690487820,282511644200
15495,380410726411,282511644200
15496,381131057972,282511644200
15497,381851482509,282511644200
15498,382474428600,282511644200
15499,382474428600,282511644200
15500,382474428600,282511644200
15501,382474428600,282511644200
15502,382474428600,282511644200
15503,382474428600,282511644200
15504,382474428600,282511644200
15505,382474428600,282511644200
15506,382474428600,282511644200
15507,382474428600,282511644200
15508,382474428600,282511644200
15509,382474428600,282511644200
15510,382474428600,282511644200
15511,382474428600,282511644200
15512,382474428600,282511644200
15513,382474428600,282511644200
15514,382474428600,282511644200
15515,382474428600,282511644200
15516,382474428600,282511644200
15517,382474428600,282511644200
15518,382474428600,282511644200
15519,382474428600,282511644200
15520,382474428600,282511644200
15521,382474428600,282511644200
15522,382474428600,282511644200
15523,382474428600,282511644200
15524,382474428600,282511644200
15525,382474428600,282511644200
15526,382474428600,282511644200
15527,382474428600,282511644200
15528,382474428600,282511644200
15529,382474428600,282511644200
15530,382474428600,282511644200
15531,382474428600,282511644200
15532,382474428600,282511644200
15533,382474428600,282511644200
15534,382474428600,282511644200
15535,382474428600,282511644200
15536,382474428600,282511644200
15537,382474428600,282511644200
15538,382474428600,282511644200
15539,382474428600,282511644200
15540,382474428600,282511644200
15541,382474428600,282511644200
15542,382474428600,282511644200
15543,382474428600,282511644200
15544,382474428600,282511644200
15545,382474428600,282511644200
15546,382474428600,282511644200
15547,382474428600,282511644200
15548,382474428600,282511644200
15549,382474428600,282511644200
15550,382474428600,282511644200
15551,382474428600,282511644200
15552,382474428600,282511644200
15553,382474428600,282511644200
15554,382474428600,282511644200
15555,382474428600,282511644200
15556,382474428600,282511644200
15557,382474428600,282511644200
15558,382474428600,282511644200
15559,382474428600,282511644200
15560,382474428600,282511644200
15561,382474428600,282511644200
15562,382474428600,282511644200
15563,382474428600,282511644200
15564,382474428600,282511644200
15565,382474428600,282511644200
15566,382474428600,282511644200
15567,382474428600,282511644200
15568,382474428600,282511644200
15569,382474428600,282511644200
15570,382474428600,282511644200
15571,382474428600,282511644200
15572,382474428600,282511644200
15573,382474428600,282511644200
15574,382474428600,282511644200
15575,382474428600,282511644200
15576,382474428600,282511644200
15577,382474428600,282511644200
15578,382474428600,282511644200
15579,382474428600,282511644200
15580,382474428600,282511644200
15581,382474428600,282511644200
15582,382474428600,282511644200
15583,382474428600,282511644200
15584,382474428600,282511644200
15585,382474428600,282511644200
15586,382474428600,282511644200
15587,382474428600,282511644200
15588,382474428600,282511644200
15589,382474428600,282511644200
15590,382474428600,282511644200
15591,382474428600,282511644200
15592,382474428600,282511644200
15593,382474428600,282511644200
15594,382474428600,282511644200
15595,382474428600,282511644200
15596,382474428600,282511644200
15597,382474428600,282511644200
15598,382474428600,282511644200
15599,382474428600,282511644200
15600,382474428600,282511644200
15601,383204555401,282511644200
15602,383934775808,282511644200
15603,384665089827,282511644200
15604,385395497464,282511644200
15605,386125998725,282511644200
15606,386856593616,282511644200
15607,387368818955,282511644200
15608,387368818955,282511644200
15609,387368818955,282511644200
15610,387368818955,282511644200
15611,387368818955,282511644200
15612,387368818955,282511644200
15613,387368818955,282511644200
15614,387368818955,282511644200
15615,387368818955,282511644200
15616,387368818955,282511644200
15617,387368818955,282511644200
15618,387368818955,282511644200
15619,387368818955,282511644200
15620,387368818955,282511644200
15621,387368818955,282511644200
15622,387368818955,282511644200
15623,387368818955,282511644200
15624,387368818955,282511644200
15625,387368818955,282511644200
15626,387368818955,282511644200
15627,387368818955,282511644200
15628,387368818955,282511644200
15629,387368818955,282511644200
15630,387368818955,282511644200
15631,387368818955,282511644200
15632,387368818955,282511644200
15633,387368818955,282511644200
15634,387368818955,282511644200
15635,387368818955,282511644200
15636,387368818955,282511644200
15637,387368818955,282511644200
15638,387368818955,282511644200
15639,387368818955,282511644200
15640,387368818955,282511644200
15641,387368818955,282511644200
15642,387368818955,282511644200
15643,387368818955,282511644200
15644,387368818955,282511644200
15645,387368818955,282511644200
15646,387368818955,282511644200
15647,387368818955,282511644200
15648,387368818955,282511644200
15649,387368818955,282511644200
15650,387368818955,282511644200
15651,387368818955,282511644200
15652,387368818955,282511644200
15653,387368818955,282511644200
15654,387368818955,282511644200
15655,387368818955,282511644200
15656,387368818955,282511644200
15657,387368818955,282511644200
15658,387368818955,282511644200
15659,387368818955,282511644200
15660,387368818955,282511644200
15661,387368818955,282511644200
15662,387368818955,282511644200
15663,387368818955,282511644200
15664,387368818955,282511644200
15665,387368818955,282511644200
15666,387368818955,282511644200
15667,387368818955,282511644200
15668,387368818955,282511644200
15669,387368818955,282511644200
15670,387368818955,282511644200
15671,387368818955,282511644200
15672,387368818955,282511644200
15673,387368818955,282511644200
15674,387368818955,282511644200
15675,387368818955,282511644200
15676,387368818955,282511644200
15677,387368818955,282511644200
15678,387368818955,282511644200
15679,387368818955,282511644200
15680,387368818955,282511644200
15681,388106453196,282511644200
15682,388844181523,282511644200
15683,389582003942,282511644200
15684,390319920459,282511644200
15685,391057931080,282511644200
15686,391796035811,282511644200
15687,392534234658,282511644200
15688,393272527627,282511644200
15689,394010914724,282511644200
15690,394744871350,282511644200
15691,394744871350,282511644200
15692,394744871350,282511644200
15693,394744871350,282511644200
15694,394744871350,282511644200
15695,394744871350,282511644200
15696,394744871350,282511644200
15697,394744871350,282511644200
15698,394744871350,282511644200
15699,394744871350,282511644200
15700,394744871350,282511644200
15701,395484388451,282511644200
15702,396223999758,282511644200
15703,396649429362,282511644200
15704,396649429362,282511644200
15705,396649429362,282511644200
15706,396649429362,282511644200
15707,396649429362,282511644200
15708,396649429362,282511644200
15709,396726947820,282511644200
15710,396726947820,282511644200
15711,396726947820,282511644200
15712,396726947820,282511644200
15713,396726947820,282511644200
15714,396726947820,282511644200
15715,396726947820,282511644200
15716,396726947820,282511644200
15717,396726947820,282511644200
15718,396726947820,282511644200
15719,396726947820,282511644200
15720,396726947820,282511644200
15721,396726947820,282511644200
15722,396726947820,282511644200
15723,396726947820,282511644200
15724,396726947820,282511644200
15725,396726947820,282511644200
15726,396726947820,282511644200
15727,396726947820,282511644200
15728,396726947820,282511644200
15729,396726947820,282511644200
15730,396726947820,282511644200
15731,396726947820,282511644200
15732,396726947820,282511644200
15733,396726947820,282511644200
15734,396726947820,282511644200
15735,396726947820,282511644200
15736,396726947820,282511644200
15737,396726947820,282511644200
15738,396726947820,282511644200
15739,396726947820,282511644200
15740,396726947820,282511644200
15741,396726947820,282511644200
15742,396726947820,282511644200
15743,396726947820,282511644200
15744,396726947820,282511644200
15745,396726947820,282511644200
15746,396726947820,282511644200
15747,396726947820,282511644200
15748,396726947820,282511644200
15749,396726947820,282511644200
15750,396726947820,282511644200
15751,396726947820,282511644200
15752,396726947820,282511644200
15753,396726947820,282511644200
15754,396726947820,282511644200
15755,396726947820,282511644200
15756,396726947820,282511644200
15757,396726947820,282511644200
15758,396726947820,282511644200
15759,396726947820,282511644200
15760,396726947820,282511644200
15761,396726947820,282511644200
15762,396726947820,282511644200
15763,396726947820,282511644200
15764,396726947820,282511644200
15765,396726947820,282511644200
15766,396726947820,282511644200
15767,396726947820,282511644200
15768,396726947820,282511644200
15769,396726947820,282511644200
15770,396726947820,282511644200
15771,396726947820,282511644200
15772,396726947820,282511644200
15773,396726947820,282511644200
15774,396726947820,282511644200
15775,396726947820,282511644200
15776,396726947820,282511644200
15777,396726947820,282511644200
15778,396726947820,282511644200
15779,396726947820,282511644200
15780,396726947820,282511644200
15781,396726947820,282511644200
15782,396726947820,282511644200
15783,396726947820,282511644200
15784,396726947820,282511644200
15785,396726947820,282511644200
15786,396726947820,282511644200
15787,396726947820,282511644200
15788,396726947820,282511644200
15789,396726947820,282511644200
15790,396726947820,282511644200
15791,396726947820,282511644200
15792,396726947820,282511644200
15793,396726947820,282511644200
15794,396726947820,282511644200
15795,396726947820,282511644200
15796,396726947820,282511644200
15797,396726947820,282511644200
15798,396726947820,282511644200
15799,396726947820,282511644200
15800,396726947820,282511644200
15801,396726947820,282511644200
15802,396726947820,282511644200
15803,396726947820,282511644200
15804,396726947820,282511644200
15805,396726947820,282511644200
15806,396726947820,282511644200
15807,396726947820,282511644200
15808,396726947820,282511644200
15809,396726947820,282511644200
15810,396726947820,282511644200
15811,396726947820,282511644200
15812,396726947820,282511644200
15813,396726947820,282511644200
15814,396726947820,282511644200
15815,396726947820,282511644200
15816,396726947820,282511644200
15817,396726947820,282511644200
15818,396726947820,282511644200
15819,396726947820,282511644200
15820,396726947820,282511644200
15821,396726947820,282511644200
15822,396726947820,282511644200
15823,396726947820,282511644200
15824,396726947820,282511644200
15825,396726947820,282511644200
15826,396726947820,282511644200
15827,396726947820,282511644200
15828,396726947820,282511644200
15829,396726947820,282511644200
15830,396726947820,282511644200
15831,396726947820,282511644200
15832,396726947820,282511644200
15833,396726947820,282511644200
15834,396726947820,282511644200
15835,396726947820,282511644200
15836,396726947820,282511644200
15837,396726947820,282511644200
15838,396726947820,282511644200
15839,396726947820,282511644200
15840,396726947820,282511644200
15841,397479712141,282511644200
15842,398232571508,282511644200
15843,398985525927,282511644200
15844,399738575404,282511644200
15845,400491719945,282511644200
15846,401244959556,282511644200
15847,401998294243,282511644200
15848,402751724012,282511644200
15849,403505248869,282511644200
15850,404258868820,282511644200
15851,404734898082,282511644200
15852,404734898082,282511644200
15853,404734898082,282511644200
15854,404734898082,282511644200
15855,404734898082,282511644200
15856,404734898082,282511644200
15857,404734898082,282511644200
15858,404734898082,282511644200
15859,404734898082,282511644200
15860,404734898082,282511644200
15861,404734898082,282511644200
15862,404734898082,282511644200
15863,405219627729,282511644200
15864,405219627729,282511644200
15865,405974674810,282511644200
15866,406690018750,282511644200
15867,406690018750,282511644200
15868,406690018750,282511644200
15869,406690018750,282511644200
15870,406690018750,282511644200
15871,407445637061,282511644200
15872,407699122248,282511644200
15873,407699122248,282511644200
15874,407699122248,282511644200
15875,407699122248,282511644200
15876,407699122248,282511644200
15877,407699122248,282511644200
15878,407699122248,282511644200
15879,407699122248,282511644200
15880,407699122248,282511644200
15881,407699122248,282511644200
15882,407699122248,282511644200
15883,407699122248,282511644200
15884,407699122248,282511644200
15885,407699122248,282511644200
15886,407699122248,282511644200
15887,407699122248,282511644200
15888,407699122248,282511644200
15889,407699122248,282511644200
15890,407699122248,282511644200
15891,407699122248,282511644200
15892,407699122248,282511644200
15893,407699122248,282511644200
15894,407699122248,282511644200
15895,407699122248,282511644200
15896,407699122248,282511644200
15897,407699122248,282511644200
15898,407699122248,282511644200
15899,407699122248,282511644200
15900,407699122248,282511644200
15901,407699122248,282511644200
15902,407699122248,282511644200
15903,407699122248,282511644200
15904,407699122248,282511644200
15905,407699122248,282511644200
15906,407699122248,282511644200
15907,407699122248,282511644200
15908,407699122248,282511644200
15909,407699122248,282511644200
15910,407699122248,282511644200
15911,407699122248,282511644200
15912,407699122248,282511644200
15913,407699122248,282511644200
15914,407699122248,282511644200
15915,407699122248,282511644200
15916,407699122248,282511644200
15917,407699122248,282511644200
15918,407699122248,282511644200
15919,407699122248,282511644200
15920,407699122248,282511644200
15921,407699122248,282511644200
15922,407699122248,282511644200
15923,407699122248,282511644200
15924,407699122248,282511644200
15925,407699122248,282511644200
15926,407699122248,282511644200
15927,407699122248,282511644200
15928,407699122248,282511644200
15929,407699122248,282511644200
15930,407699122248,282511644200
15931,407699122248,282511644200
15932,407699122248,282511644200
15933,407699122248,282511644200
15934,407699122248,282511644200
15935,407699122248,282511644200
15936,407699122248,282511644200
15937,407699122248,282511644200
15938,407699122248,282511644200
15939,407699122248,282511644200
15940,407699122248,282511644200
15941,407699122248,282511644200
15942,407699122248,282511644200
15943,407699122248,282511644200
15944,407699122248,282511644200
15945,407699122248,282511644200
15946,407699122248,282511644200
15947,407699122248,282511644200
15948,407699122248,282511644200
15949,407699122248,282511644200
15950,407699122248,282511644200
15951,407699122248,282511644200
15952,407699122248,282511644200
15953,407699122248,282511644200
15954,407699122248,282511644200
15955,407699122248,282511644200
15956,407699122248,282511644200
15957,407699122248,282511644200
15958,407699122248,282511644200
15959,407699122248,282511644200
15960,407699122248,282511644200
15961,407699122248,282511644200
15962,407699122248,282511644200
15963,407699122248,282511644200
15964,407699122248,282511644200
15965,407699122248,282511644200
15966,407699122248,282511644200
15967,407699122248,282511644200
15968,407699122248,282511644200
15969,407699122248,282511644200
15970,407699122248,282511644200
15971,407699122248,282511644200
15972,407699122248,282511644200
15973,407699122248,282511644200
15974,407699122248,282511644200
15975,407699122248,282511644200
15976,407699122248,282511644200
15977,407699122248,282511644200
15978,407699122248,282511644200
15979,407699122248,282511644200
15980,407699122248,282511644200
15981,407699122248,282511644200
15982,407699122248,282511644200
15983,407699122248,282511644200
15984,407699122248,282511644200
15985,407699122248,282511644200
15986,407699122248,282511644200
15987,407699122248,282511644200
15988,407699122248,282511644200
15989,407699122248,282511644200
15990,407699122248,282511644200
15991,407699122248,282511644200
15992,407699122248,282511644200
15993,407699122248,282511644200
15994,407699122248,282511644200
15995,407699122248,282511644200
15996,407699122248,282511644200
15997,407699122248,282511644200
15998,407699122248,282511644200
15999,407699122248,282511644200
16000,407699122248,282511644200
16001,407699122248,283279692201
16002,407699122248,284047836208
16003,407699122248,284816076227
16004,407699122248,285584412264
16005,407699122248,286352844325
16006,407699122248,287121372416
16007,407699122248,287889996543
16008,407699122248,288658716712
16009,407699122248,289427532929
16010,407699122248,290196445200
16011,407699122248,290965453531
16012,407699122248,291734557928
16013,407699122248,292503758397
16014,407699122248,293273054944
16015,407699122248,294042447575
16016,407699122248,294811936296
16017,408468707065,295581521113
16018,409238387984,296351202032
16019,410008165011,297120979059
16020,410778038152,297890852200
16021,411548007413,298660821461
16022,412318072800,299430886848
16023,413088234319,300201048367
16024,413858491976,300971306024
16025,414628820487,301741659825
16026,414628820487,302512109776
16027,414628820487,303282655883
16028,414628820487,304053298152
16029,414628820487,304824036589
16030,414628820487,305594871200
16031,414628820487,306365801991
16032,414628820487,307136828968
16033,414628820487,307907952137
16034,414628820487,308679171504
16035,414628820487,309450487075
16036,414628820487,310221898856
16037,414628820487,310993406853
16038,414628820487,311765011072
16039,414628820487,312536711519
16040,414628820487,313308508200
16041,414628820487,314080401121
16042,414628820487,314852390288
16043,414628820487,315624475707
16044,414628820487,316396657384
16045,414628820487,317168935325
16046,414628820487,317774199680
16047,414628820487,317774199680
16048,414628820487,317774199680
16049,414628820487,317774199680
16050,414628820487,317774199680
16051,414628820487,317774199680
16052,414628820487,317774199680
16053,414628820487,317774199680
16054,414628820487,317774199680
16055,414628820487,317774199680
16056,414628820487,317774199680
16057,414628820487,317774199680
16058,414628820487,317774199680
16059,414628820487,317774199680
16060,414628820487,317774199680
16061,414628820487,317774199680
16062,414628820487,317774199680
16063,414628820487,317774199680
16064,414628820487,317774199680
16065,414628820487,317774199680
16066,414628820487,317774199680
16067,414628820487,317774199680
16068,414628820487,317774199680
16069,414628820487,317774199680
16070,414628820487,317774199680
16071,414628820487,317774199680
16072,414628820487,317774199680
16073,414628820487,317774199680
16074,414628820487,317774199680
16075,414628820487,317774199680
16076,414628820487,317774199680
16077,414628820487,317774199680
16078,414628820487,317774199680
16079,414628820487,317774199680
16080,414628820487,317774199680
16081,414628820487,317774199680
16082,414628820487,317774199680
16083,414628820487,317774199680
16084,414628820487,317774199680
16085,414628820487,317774199680
16086,414628820487,317774199680
16087,414628820487,317774199680
16088,414628820487,317774199680
16089,414628820487,317774199680
16090,414628820487,317774199680
16091,414628820487,317774199680
16092,414628820487,317774199680
16093,414628820487,317774199680
16094,414628820487,317774199680
16095,414628820487,317774199680
16096,414628820487,317774199680
16097,414628820487,317774199680
16098,414628820487,317774199680
16099,414628820487,317774199680
16100,414628820487,317774199680
16101,414628820487,317774199680
16102,414628820487,317774199680
16103,414628820487,317774199680
16104,414628820487,317774199680
16105,414628820487,317774199680
16106,414628820487,317774199680
16107,414628820487,317774199680
16108,414628820487,317774199680
16109,414628820487,317774199680
16110,414628820487,317774199680
16111,414628820487,317774199680
16112,414628820487,317774199680
16113,414628820487,317774199680
16114,414628820487,317774199680
16115,414628820487,317774199680
16116,414628820487,317774199680
16117,414628820487,317774199680
16118,414628820487,317774199680
16119,414628820487,317774199680
16120,414628820487,317774199680
16121,414628820487,317774199680
16122,414628820487,317774199680
16123,414628820487,317774199680
16124,414628820487,317774199680
16125,414628820487,317774199680
16126,414628820487,317774199680
16127,414628820487,317774199680
16128,414628820487,317774199680
16129,415409206024,317774199680
16130,416189688335,317774199680
16131,416970267426,317774199680
16132,417750943303,317774199680
16133,418531715972,317774199680
16134,419312585439,317774199680
16135,420093551710,317774199680
16136,420712394256,317774199680
16137,420712394256,317774199680
16138,420712394256,317774199680
16139,420712394256,317774199680
16140,420712394256,317774199680
16141,420712394256,317774199680
16142,420712394256,317774199680
16143,420712394256,317774199680
16144,420712394256,317774199680
16145,420712394256,317774199680
16146,420712394256,317774199680
16147,420712394256,317774199680
16148,420712394256,317774199680
16149,420712394256,317774199680
16150,420712394256,317774199680
16151,420712394256,317774199680
16152,420712394256,317774199680
16153,420712394256,317774199680
16154,420712394256,317774199680
16155,420712394256,317774199680
16156,420712394256,317774199680
16157,420712394256,317774199680
16158,420712394256,317774199680
16159,420712394256,317774199680
16160,420712394256,317774199680
16161,420712394256,317774199680
16162,420712394256,317774199680
16163,420712394256,317774199680
16164,420712394256,317774199680
16165,420712394256,317774199680
16166,420712394256,317774199680
16167,420712394256,317774199680
16168,420712394256,317774199680
16169,420712394256,317774199680
16170,420712394256,317774199680
16171,420712394256,317774199680
16172,420712394256,317774199680
16173,420712394256,317774199680
16174,420712394256,317774199680
16175,420712394256,317774199680
16176,420712394256,317774199680
16177,420712394256,317774199680
16178,420712394256,317774199680
16179,420712394256,317774199680
16180,420712394256,317774199680
16181,420712394256,317774199680
16182,420712394256,317774199680
16183,420712394256,317774199680
16184,420712394256,317774199680
16185,420712394256,317774199680
16186,420712394256,317774199680
16187,420712394256,317774199680
16188,420712394256,317774199680
16189,420712394256,317774199680
16190,420712394256,317774199680
16191,420712394256,317774199680
16192,420712394256,317774199680
16193,420712394256,317774199680
16194,420712394256,317774199680
16195,420712394256,317774199680
16196,420712394256,317774199680
16197,420712394256,317774199680
16198,420712394256,317774199680
16199,420712394256,317774199680
16200,420712394256,317774199680
16201,420712394256,317774199680
16202,420712394256,317774199680
16203,420712394256,317774199680
16204,420712394256,317774199680
16205,420712394256,317774199680
16206,420712394256,317774199680
16207,420712394256,317774199680
16208,420712394256,317774199680
16209,420712394256,317774199680
16210,420712394256,317774199680
16211,420712394256,317774199680
16212,420712394256,317774199680
16213,420712394256,317774199680
16214,420712394256,317774199680
16215,420712394256,317774199680
16216,420712394256,317774199680
16217,420712394256,317774199680
16218,420712394256,317774199680
16219,420712394256,317774199680
16220,420712394256,317774199680
16221,420712394256,317774199680
16222,420712394256,317774199680
16223,420712394256,317774199680
16224,420712394256,317774199680
16225,421502097457,317774199680
16226,422291898008,317774199680
16227,423081795915,317774199680
16228,423871791184,317774199680
16229,424661883821,317774199680
16230,425452073832,317774199680
16231,426242361223,317774199680
16232,427032746000,317774199680
16233,427823228169,317774199680
16234,428613807736,317774199680
16235,429404484707,317774199680
16236,429621512229,317774199680
16237,429621512229,317774199680
16238,429621512229,317774199680
16239,429621512229,317774199680
16240,429621512229,317774199680
16241,429621512229,317774199680
16242,429621512229,317774199680
16243,429621512229,317774199680
16244,429621512229,317774199680
16245,429621512229,317774199680
16246,429621512229,317774199680
16247,429621512229,317774199680
16248,429621512229,317774199680
16249,430133242308,317774199680
16250,430133242308,317774199680
16251,430925478559,317774199680
16252,431717812316,317774199680
16253,432510243585,317774199680
16254,433302772372,317774199680
16255,434095398683,317774199680
16256,434888122524,317774199680
16257,435100947120,317774199680
16258,435100947120,317774199680
16259,435100947120,317774199680
16260,435100947120,317774199680
16261,435100947120,317774199680
16262,435100947120,317774199680
16263,435100947120,317774199680
16264,435100947120,317774199680
16265,435100947120,317774199680
16266,435100947120,317774199680
16267,435100947120,317774199680
16268,435100947120,317774199680
16269,435100947120,317774199680
16270,435100947120,317774199680
16271,435100947120,317774199680
16272,435100947120,317774199680
16273,435100947120,317774199680
16274,435100947120,317774199680
16275,435100947120,317774199680
16276,435100947120,317774199680
16277,435100947120,317774199680
16278,435100947120,317774199680
16279,435100947120,317774199680
16280,435100947120,317774199680
16281,435100947120,317774199680
16282,435100947120,317774199680
16283,435100947120,317774199680
16284,435100947120,317774199680
16285,435100947120,317774199680
16286,435100947120,317774199680
16287,435100947120,317774199680
16288,435100947120,317774199680
16289,435100947120,317774199680
16290,435100947120,317774199680
16291,435100947120,317774199680
16292,435100947120,317774199680
16293,435100947120,317774199680
16294,435100947120,317774199680
16295,435100947120,317774199680
16296,435100947120,317774199680
16297,435100947120,317774199680
16298,435100947120,317774199680
16299,435100947120,317774199680
16300,435100947120,317774199680
16301,435100947120,317774199680
16302,435100947120,317774199680
16303,435100947120,317774199680
16304,435100947120,317774199680
16305,435100947120,317774199680
16306,435100947120,317774199680
16307,435100947120,317774199680
16308,435100947120,317774199680
16309,435100947120,317774199680
16310,435100947120,317774199680
16311,435100947120,317774199680
16312,435100947120,317774199680
16313,435100947120,317774199680
16314,435100947120,317774199680
16315,435100947120,317774199680
16316,435100947120,317774199680
16317,435100947120,317774199680
16318,435100947120,317774199680
16319,435100947120,317774199680
16320,435100947120,317774199680
16321,435900023281,317774199680
16322,436699197368,317774199680
16323,437498469387,317774199680
16324,438297839344,317774199680
16325,439097307245,317774199680
16326,439896873096,317774199680
16327,440696536903,317774199680
16328,441496298672,317774199680
16329,442296158409,317774199680
16330,443091015035,317774199680
16331,443091015035,317774199680
16332,443091015035,317774199680
16333,443091015035,317774199680
16334,443091015035,317774199680
16335,443091015035,317774199680
16336,443091015035,317774199680
16337,443091015035,317774199680
16338,443091015035,317774199680
16339,443091015035,317774199680
16340,443091015035,317774199680
16341,443771712576,317774199680
16342,443771712576,317774199680
16343,443771712576,317774199680
16344,443771712576,317774199680
16345,443771712576,317774199680
16346,443771712576,317774199680
16347,443771712576,317774199680
16348,443771712576,317774199680
16349,443771712576,317774199680
16350,443771712576,317774199680
16351,443771712576,317774199680
16352,443771712576,317774199680
16353,443771712576,317774199680
16354,443771712576,317774199680
16355,443771712576,317774199680
16356,443771712576,317774199680
16357,443771712576,317774199680
16358,443771712576,317774199680
16359,443771712576,317774199680
16360,443771712576,317774199680
16361,443771712576,317774199680
16362,443771712576,317774199680
16363,443771712576,317774199680
16364,443771712576,317774199680
16365,443771712576,317774199680
16366,443771712576,317774199680
16367,443771712576,317774199680
16368,443771712576,317774199680
16369,444575495953,317774199680
16370,445379377544,317774199680
16371,446183357355,317774199680
16372,446987435392,317774199680
16373,447791611661,317774199680
16374,448595886168,317774199680
16375,449400258919,317774199680
16376,449801802576,317774199680
16377,449801802576,317774199680
16378,449801802576,317774199680
16379,449801802576,317774199680
16380,449801802576,317774199680
16381,450606764917,317774199680
16382,450878107733,317774199680
16383,450878107733,317774199680
16384,450878107733,317774199680
